"p_val","avg_log2FC","pct.1","pct.2","p_val_adj","cluster","gene"
0,1.4622709610238,0.972,0.45,0,"0","IL7R"
0,1.71356367032815,0.783,0.291,0,"0","RCAN3"
0,1.37058785395658,0.85,0.38,0,"0","TCF7"
0,1.66145574148453,0.685,0.232,0,"0","LEF1"
0,0.536489613573795,0.959,0.508,0,"0","LTB"
0,1.34430584891179,0.749,0.348,0,"0","RGS10"
0,1.81001265352119,0.56,0.171,0,"0","CCR7"
0,1.29207037182744,0.707,0.339,0,"0","NOSIP"
0,1.44137824304204,0.603,0.24,0,"0","CAMK4"
0,1.32327419721895,0.557,0.196,0,"0","MAL"
0,1.46034092032218,0.632,0.274,0,"0","OXNAD1"
0,1.05549185512916,0.894,0.549,0,"0","LDHB"
0,1.35338472058528,0.61,0.269,0,"0","IL6ST"
0,1.18813303380037,0.666,0.328,0,"0","SATB1"
0,0.761516938218866,0.743,0.42,0,"0","SELL"
0,1.94822716793649,0.426,0.114,0,"0","TRABD2A"
0,1.33716921870736,0.534,0.231,0,"0","ABLIM1"
0,0.893126427251898,0.867,0.575,0,"0","LEPROTL1"
0,1.14837802747228,0.561,0.271,0,"0","NUCB2"
0,0.792035010426366,0.75,0.461,0,"0","BCL11B"
0,1.23069543021086,0.482,0.199,0,"0","CD27"
0,0.902830217561416,0.782,0.501,0,"0","C6orf48"
0,0.955129466508043,0.726,0.447,0,"0","NDFIP1"
0,0.744860196065322,0.744,0.467,0,"0","PIK3IP1"
0,1.24709798035039,0.53,0.255,0,"0","MAML2"
0,1.22493868850038,0.466,0.205,0,"0","SERINC5"
0,2.01734851810921,0.337,0.087,0,"0","NELL2"
0,2.36322690743703,0.317,0.07,0,"0","CHRM3-AS2"
0,1.50435266844261,0.398,0.152,0,"0","SH3YL1"
0,0.637153631003256,0.845,0.603,0,"0","FOXP1"
0,0.762865210245367,0.802,0.562,0,"0","SNHG8"
0,1.29153783956571,0.422,0.188,0,"0","FAM102A"
0,0.979447876582052,0.464,0.236,0,"0","PDE3B"
0,0.52912023478611,0.707,0.488,0,"0","TMEM123"
0,1.01412188186534,0.514,0.297,0,"0","SNHG25"
0,0.763940031686525,0.775,0.559,0,"0","UXT"
0,1.69624501050849,0.315,0.102,0,"0","ACTN1"
0,0.913175121198231,0.941,0.729,0,"0","EIF3E"
0,0.726242712251553,0.542,0.335,0,"0","MCUB"
0,0.48086915681177,0.499,0.294,0,"0","TXK"
0,1.7866501925406,0.291,0.091,0,"0","TSHZ2"
0,0.69681477663023,0.701,0.501,0,"0","ST13"
0,0.570150001477856,0.862,0.665,0,"0","C12orf57"
0,1.30423243940101,0.337,0.141,0,"0","PRKCA"
0,1.76105843220801,0.281,0.085,0,"0","RETREG1"
0,1.48076458330178,0.305,0.11,0,"0","ITGA6"
0,0.65813098512009,0.62,0.426,0,"0","EIF3L"
0,0.726663888602414,0.95,0.756,0,"0","RPS17"
0,0.70433034922492,0.954,0.769,0,"0","SARAF"
0,0.589273460677907,0.559,0.375,0,"0","LINC00861"
0,1.2478357195648,0.321,0.138,0,"0","LDLRAP1"
0,0.548010574920592,0.914,0.733,0,"0","NAP1L1"
0,0.51372560984278,0.73,0.55,0,"0","EIF3H"
0,0.526104635376527,0.885,0.708,0,"0","ZFAS1"
0,0.92062947471491,0.384,0.208,0,"0","SESN3"
0,0.599526189767544,0.536,0.362,0,"0","EPB41L4A-AS1"
0,0.358806123284839,0.667,0.494,0,"0","MGAT4A"
0,0.544398764770374,0.643,0.472,0,"0","GYPC"
0,0.619524882276746,0.547,0.376,0,"0","RSL1D1"
0,0.820139716747955,0.442,0.273,0,"0","ALKBH7"
0,0.480894257987582,0.767,0.599,0,"0","EIF4B"
0,0.416820409984822,0.765,0.6,0,"0","ANP32B"
0,0.747087587704282,0.406,0.244,0,"0","IPCEF1"
0,0.746208222751423,0.388,0.226,0,"0","DGKA"
0,0.662437632282423,0.451,0.29,0,"0","GIMAP1"
0,0.866535732356913,0.34,0.181,0,"0","TRAT1"
0,0.588826742061276,0.46,0.301,0,"0","SVIP"
0,0.630933645285452,0.491,0.333,0,"0","FBL"
0,0.356110156786154,0.742,0.59,0,"0","GCC2"
0,0.291620516111895,0.897,0.749,0,"0","FYB1"
0,1.05275003518972,0.278,0.13,0,"0","CENPK"
0,0.488141365217331,0.657,0.509,0,"0","EIF2S3"
0,0.82869523367369,0.327,0.18,0,"0","TESPA1"
0,0.970117724466253,0.294,0.147,0,"0","ZNF101"
0,0.448342442675622,0.857,0.712,0,"0","NSA2"
0,0.746063637499582,0.367,0.222,0,"0","ATF7IP2"
0,0.697933410899468,0.423,0.278,0,"0","PPA1"
0,0.614603768050869,0.931,0.788,0,"0","NOP53"
0,1.0990116122983,0.278,0.137,0,"0","EEF1G"
0,0.543931893922233,0.394,0.255,0,"0","NCK2"
0,0.340846656328731,0.489,0.354,0,"0","BCL2"
0,0.373734133586845,0.773,0.639,0,"0","TOMM20"
0,0.286849388057181,0.885,0.753,0,"0","ETS1"
0,0.252343285490201,0.662,0.531,0,"0","SEPT6"
0,0.960442345004165,0.263,0.134,0,"0","THEM4"
0,0.356642201085126,0.542,0.414,0,"0","MZT2A"
0,0.67762582933139,0.329,0.201,0,"0","ITPKB"
0,0.588863986134409,0.418,0.291,0,"0","TGFBR2"
0,0.697158328724525,0.292,0.165,0,"0","MLLT3"
0,0.306825302171974,0.421,0.296,0,"0","ITK"
0,0.34570025044675,0.551,0.427,0,"0","RBL2"
0,0.478872353402021,0.948,0.824,0,"0","RPL17"
0,0.302789032560988,0.58,0.456,0,"0","PSIP1"
0,0.372487163971517,0.461,0.338,0,"0","OCIAD2"
0,0.69775050997468,0.257,0.134,0,"0","APBA2"
0,0.843893367115756,0.263,0.141,0,"0","LINC01089"
0,0.297520020715256,0.444,0.322,0,"0","PAG1"
0,0.253010858653551,0.851,0.729,0,"0","ATM"
0,0.315705406341004,0.764,0.642,0,"0","SNRPD2"
0,0.313691283231028,0.618,0.496,0,"0","TTC3"
0,0.750191080931391,0.268,0.147,0,"0","PDK1"
0,0.523244561325181,0.418,0.297,0,"0","LSM5"
0,0.301582932685245,0.545,0.425,0,"0","LBH"
0,0.300274689016981,0.557,0.437,0,"0","PEBP1"
0,0.881202753776462,0.261,0.142,0,"0","SGTB"
0,0.797101476589129,0.25,0.131,0,"0","MYC"
0,0.702646338779191,0.98,0.862,0,"0","NPM1"
0,0.285753690907557,0.708,0.59,0,"0","EIF3F"
0,0.282410424661347,0.793,0.68,0,"0","MZT2B"
0,0.33066952813561,0.916,0.803,0,"0","HINT1"
0,0.434138336057039,0.365,0.253,0,"0","ERAP2"
0,0.344722351937507,0.462,0.354,0,"0","SNHG7"
0,0.776850185876098,0.257,0.149,0,"0","BEX2"
0,0.6102623818138,0.289,0.183,0,"0","HSPB1"
0,0.417912056211057,0.936,0.831,0,"0","COMMD6"
0,0.304884606206539,0.397,0.292,0,"0","FCMR"
0,0.523593834549214,0.36,0.255,0,"0","APEX1"
0,0.337138549215786,0.376,0.271,0,"0","TNRC6C"
0,0.448268092125728,0.309,0.206,0,"0","SCML4"
0,0.668384752820788,0.27,0.167,0,"0","RFLNB"
0,0.460218747818296,0.369,0.266,0,"0","PDE7A"
0,0.525556979963594,0.304,0.203,0,"0","HELB"
0,0.341352681409784,0.427,0.327,0,"0","GABPB1-AS1"
0,0.535848597384923,0.321,0.222,0,"0","MTERF4"
0,0.61253156280728,0.289,0.191,0,"0","GIMAP2"
0,0.285122227517783,0.319,0.222,0,"0","RGCC"
0,0.298368102098086,0.461,0.366,0,"0","C1QBP"
0,0.344053593432724,0.309,0.215,0,"0","AL121944.1"
0,0.343166823872044,0.368,0.275,0,"0","PABPC4"
0,0.358229317804219,0.317,0.225,0,"0","AC243960.1"
0,0.28407226813469,0.88,0.788,0,"0","EEF2"
0,0.477921331233378,0.265,0.174,0,"0","INPP4B"
0,0.2721131807908,0.446,0.355,0,"0","TMEM243"
0,0.590149022301727,0.257,0.167,0,"0","MLXIP"
0,0.423602560268162,0.314,0.225,0,"0","SFXN1"
0,0.364823282181235,0.298,0.211,0,"0","AC025164.1"
0,0.293046607360687,0.417,0.33,0,"0","TMEM14B"
0,0.304480582896787,0.393,0.307,0,"0","MSL3"
0,0.5014414606675,0.259,0.174,0,"0","ANXA2R"
0,0.352924473771387,0.349,0.267,0,"0","HAX1"
0,0.536985733090385,0.28,0.199,0,"0","AP3M2"
0,0.356565196851667,0.279,0.199,0,"0","SFI1"
0,1.20866491529131,0.996,0.916,0,"0","EEF1B2"
0,0.413120761983345,0.973,0.893,0,"0","COX7C"
0,0.875387663667839,0.987,0.907,0,"0","RPL4"
0,0.694633094071961,0.99,0.912,0,"0","RPL36A"
0,0.261382818018789,0.32,0.244,0,"0","SOCS3"
0,0.698373697680088,0.987,0.912,0,"0","TOMM7"
0,0.362051901586552,0.96,0.886,0,"0","COX4I1"
0,0.525839225448641,0.981,0.908,0,"0","PABPC1"
0,0.413015440715032,0.972,0.9,0,"0","BTF3"
0,0.50176651456127,0.982,0.912,0,"0","UQCRB"
0,0.414753173139039,0.257,0.188,0,"0","CBX5"
0,0.712518575630428,0.994,0.925,0,"0","RPLP0"
0,0.46614595781993,0.258,0.191,0,"0","CD8B"
0,0.301882505544017,0.968,0.914,0,"0","HNRNPA1"
0,1.00960023922531,0.999,0.947,0,"0","RPS5"
0,0.600353540962531,0.994,0.946,0,"0","RACK1"
0,0.479919037811296,0.983,0.937,0,"0","EEF1D"
0,0.40517691695827,0.988,0.948,0,"0","PFDN5"
0,0.894012376660332,0.998,0.959,0,"0","RPL31"
0,0.96375050264231,0.999,0.961,0,"0","RPL10A"
0,0.971605691221344,1,0.962,0,"0","RPL23"
0,0.926705606230313,0.999,0.964,0,"0","RPS10"
0,0.985399070781611,0.997,0.964,0,"0","RPL7"
0,0.713568392490092,0.997,0.965,0,"0","RPSA"
0,0.970551047193658,1,0.969,0,"0","RPS20"
0,0.755202410724973,1,0.97,0,"0","RPL27"
0,0.291063084759482,0.997,0.969,0,"0","TXNIP"
0,0.559040706603663,0.999,0.973,0,"0","RPL8"
0,1.03607911567282,0.999,0.975,0,"0","RPL5"
0,0.806362250548781,1,0.976,0,"0","RPS21"
0,0.923553089779856,1,0.978,0,"0","RPL22"
0,1.06991210487559,1,0.98,0,"0","RPS13"
0,0.657002296718062,0.999,0.983,0,"0","RPL24"
0,0.566254184325012,0.998,0.982,0,"0","NACA"
0,0.779224184146366,1,0.985,0,"0","RPL35A"
0,0.555144367148364,1,0.986,0,"0","RPS7"
0,0.703973753682001,1,0.986,0,"0","RPL12"
0,0.826154751190132,1,0.986,0,"0","RPS25"
0,0.548763516207348,0.999,0.986,0,"0","RPL15"
0,0.647016753450012,0.999,0.986,0,"0","RPL29"
0,0.53021535599587,0.999,0.986,0,"0","RPL7A"
0,0.70791458669472,0.999,0.986,0,"0","RPL6"
0,0.992397262157012,1,0.987,0,"0","RPL21"
0,0.518786172641721,0.998,0.985,0,"0","UBA52"
0,0.77539071849627,0.999,0.986,0,"0","RPS9"
0,1.08068942190157,1,0.988,0,"0","RPS3A"
0,0.474232991305357,1,0.988,0,"0","RPL23A"
0,0.863886394347462,0.999,0.987,0,"0","RPS16"
0,0.701391538041449,1,0.989,0,"0","RPS3"
0,0.506795711837166,1,0.989,0,"0","RPL26"
0,0.725640943203226,1,0.989,0,"0","RPL38"
0,0.660380737605512,1,0.989,0,"0","RPL36"
0,0.970820017938077,0.999,0.989,0,"0","RPL9"
0,0.908822266206706,1,0.99,0,"0","RPS4X"
0,0.535980637185402,0.999,0.989,0,"0","RPL35"
0,0.774828709671104,1,0.99,0,"0","RPL18"
0,0.535538492279942,1,0.99,0,"0","RPS11"
0,0.729253948448639,1,0.99,0,"0","RPL3"
0,1.04219615786617,1,0.991,0,"0","RPS8"
0,0.810777594685471,1,0.991,0,"0","RPS27A"
0,0.695188460257845,1,0.991,0,"0","RPL37A"
0,1.06579154717748,1,0.991,0,"0","RPS6"
0,0.355782689250282,0.999,0.99,0,"0","FAU"
0,0.723977801336357,1,0.991,0,"0","RPS15A"
0,0.581803587264703,1,0.992,0,"0","RPL14"
0,0.902425788295376,1,0.992,0,"0","RPS23"
0,0.914417463122178,1,0.992,0,"0","RPS14"
0,1.0234855725135,1,0.992,0,"0","RPS12"
0,0.733676298341628,1,0.992,0,"0","RPL39"
0,0.842424254752703,1,0.992,0,"0","RPLP2"
0,0.68207826236987,1,0.992,0,"0","RPL27A"
0,0.729702598968484,1,0.992,0,"0","RPS29"
0,0.712002866161847,1,0.992,0,"0","RPS2"
0,0.777717163456315,1,0.992,0,"0","RPS28"
0,0.636867384089428,1,0.992,0,"0","RPL18A"
0,0.390502907604115,1,0.993,0,"0","RPS24"
0,0.716654483060139,1,0.993,0,"0","RPL19"
0,0.499536915348423,1,0.993,0,"0","RPS15"
0,0.806362077201835,1,0.994,0,"0","RPL11"
0,0.888796982217274,1,0.994,0,"0","RPL32"
0,0.781510701294385,1,0.994,0,"0","RPL10"
0,0.835267201593666,1,0.994,0,"0","RPL30"
0,0.503324522191838,1,0.994,0,"0","RPL41"
0,0.631437300651998,1,0.994,0,"0","RPL13A"
0,0.884682789256635,1,0.995,0,"0","RPL34"
0,0.692716390244533,1,0.995,0,"0","RPL37"
0,0.820006131341056,1,0.996,0,"0","RPS18"
0,0.646480606775724,1,0.996,0,"0","RPLP1"
0,0.563935504340856,1,0.996,0,"0","RPS19"
0,0.503573914352844,1,0.996,0,"0","RPL28"
0,0.659880770586656,1,0.997,0,"0","RPS27"
0,0.88376479886805,1,0.997,0,"0","TPT1"
0,0.967849395896045,1,0.997,0,"0","RPL13"
0,0.760095151407833,1,0.998,0,"0","EEF1A1"
0,0.346385658094723,0.951,0.949,0,"0","RPS26"
6.66133814775094e-16,0.289293538683392,0.38,0.299,1.33306699012792e-11,"0","CCDC66"
3.11750625314744e-13,0.267433146630191,0.535,0.451,6.23875351379866e-09,"0","ATP5PO"
1.94022575783492e-12,0.270498615035795,0.38,0.312,3.88277978657925e-08,"0","EIF2A"
2.18647322469678e-12,0.26133608135431,0.28,0.217,4.3755702172632e-08,"0","PBXIP1"
4.54503101821047e-12,0.294753728759699,0.257,0.2,9.09551607364278e-08,"0","ABCE1"
0,1.60455815256249,0.974,0.516,0,"1","LTB"
0,1.04942970953618,0.91,0.472,0,"1","IL7R"
0,1.13862402475004,0.714,0.313,0,"1","RCAN3"
0,1.38988571638608,0.641,0.286,0,"1","ARID5B"
0,1.58012576891278,0.555,0.205,0,"1","MAL"
0,0.903072439926663,0.819,0.476,0,"1","TRAC"
0,1.74141082465719,0.541,0.209,0,"1","AC058791.1"
0,0.753980345260492,0.739,0.409,0,"1","TCF7"
0,0.387650950902017,0.935,0.613,0,"1","CD3D"
0,1.04406223554606,0.625,0.307,0,"1","BIRC3"
0,1.65137503032224,0.484,0.168,0,"1","AP3M2"
0,0.940015897175236,0.87,0.561,0,"1","LDHB"
0,1.65008762918961,0.485,0.178,0,"1","LIMS1"
0,0.261279212954508,0.895,0.589,0,"1","CD3G"
0,1.43290084070434,0.518,0.213,0,"1","SOCS3"
0,1.02642957103664,0.667,0.363,0,"1","RNASET2"
0,1.24687964662776,0.502,0.199,0,"1","GPR183"
0,1.10501664846956,0.588,0.302,0,"1","PAG1"
0,1.55178945045851,0.432,0.148,0,"1","INPP4B"
0,1.82657195423005,0.434,0.15,0,"1","MAF"
0,1.34368897383544,0.531,0.251,0,"1","TTC39C"
0,1.63041398742176,0.444,0.165,0,"1","TRADD"
0,1.44997230098513,0.442,0.168,0,"1","TRAT1"
0,1.22216714443434,0.515,0.241,0,"1","MAP3K1"
0,0.75627680869611,0.752,0.486,0,"1","TMEM123"
0,2.08495014183721,0.347,0.089,0,"1","AQP3"
0,1.24048870931433,0.49,0.235,0,"1","CDC14A"
0,0.69093765702452,0.648,0.394,0,"1","SPOCK2"
0,0.862037843173003,0.586,0.333,0,"1","MCUB"
0,0.955364444610367,0.592,0.339,0,"1","ITM2A"
0,1.26261820096771,0.562,0.312,0,"1","RGS1"
0,0.880149848580393,0.735,0.489,0,"1","GSTK1"
0,1.87704673444379,0.37,0.124,0,"1","CORO1B"
0,0.79978987769743,0.806,0.561,0,"1","FXYD5"
0,0.65179370041717,0.831,0.587,0,"1","LEPROTL1"
0,1.14040691663228,0.453,0.21,0,"1","CD27"
0,1.32456478232547,0.44,0.197,0,"1","PLP2"
0,0.79000614171807,0.756,0.513,0,"1","ITGB1"
0,1.49313651603267,0.396,0.154,0,"1","AC016831.5"
0,0.300502056064269,0.893,0.651,0,"1","CD3E"
0,1.35499330148517,0.443,0.204,0,"1","RGCC"
0,0.365360171609618,0.546,0.31,0,"1","COTL1"
0,0.44359736655669,0.951,0.715,0,"1","IL32"
0,0.705667572872581,0.505,0.272,0,"1","LEF1"
0,0.842871762672236,0.657,0.425,0,"1","SLC2A3"
0,1.52580979080853,0.35,0.118,0,"1","CD4"
0,0.45000406206591,0.707,0.475,0,"1","BCL11B"
0,0.575509969652645,0.71,0.479,0,"1","PIK3IP1"
0,0.761115830609162,0.64,0.414,0,"1","DNAJB1"
0,1.16007886239373,0.421,0.195,0,"1","PBXIP1"
0,1.19099519146285,0.428,0.205,0,"1","SESN3"
0,0.703161982279168,0.489,0.267,0,"1","CAMK4"
0,0.895681458171753,0.914,0.693,0,"1","KLF6"
0,1.7136192664531,0.317,0.097,0,"1","CD28"
0,0.723271175863864,0.696,0.477,0,"1","CYLD"
0,1.45456174457726,0.337,0.123,0,"1","TNFRSF25"
0,0.948132114725081,0.431,0.217,0,"1","SERINC5"
0,1.5147702081923,0.327,0.114,0,"1","BICDL1"
0,1.2454321387547,0.362,0.149,0,"1","PHACTR2"
0,1.12954351305658,0.395,0.183,0,"1","CD84"
0,1.63742045021573,0.304,0.094,0,"1","TSHZ2"
0,0.763881243673528,0.506,0.3,0,"1","RHOH"
0,0.646502301069191,0.888,0.683,0,"1","S100A10"
0,0.856372533386859,0.419,0.216,0,"1","GPRIN3"
0,0.735513225586068,0.549,0.347,0,"1","BCL2"
0,0.689456380873925,0.69,0.488,0,"1","CRIP1"
0,0.855818744558138,0.425,0.224,0,"1","DGKA"
0,0.760568011704817,0.887,0.687,0,"1","CD69"
0,0.671007360372438,0.557,0.358,0,"1","ODF2L"
0,0.803594842085819,0.406,0.208,0,"1","IRS2"
0,0.909141347098956,0.441,0.244,0,"1","MDFIC"
0,2.08386406631226,0.271,0.076,0,"1","TBC1D4"
0,0.5835832275624,0.792,0.598,0,"1","SOD1"
0,2.09683399142499,0.256,0.063,0,"1","ICOS"
0,0.541395527769531,0.666,0.475,0,"1","NSD3"
0,2.24450426159184,0.252,0.061,0,"1","LMNA"
0,0.652335394740535,0.522,0.331,0,"1","OCIAD2"
0,0.610037195326317,0.93,0.741,0,"1","VIM"
0,0.619245795558995,0.544,0.356,0,"1","EML4"
0,0.522503983515235,0.579,0.394,0,"1","EZR"
0,0.570210614977222,0.593,0.409,0,"1","MZT2A"
0,0.6104733207408,0.454,0.27,0,"1","OPTN"
0,0.799411971064623,0.458,0.274,0,"1","GSPT1"
0,0.856053643420127,0.397,0.214,0,"1","SOCS1"
0,1.40480260419995,0.319,0.137,0,"1","GATA3"
0,1.05219559409387,0.314,0.133,0,"1","TP53INP1"
0,0.543110033837211,0.917,0.737,0,"1","NAP1L1"
0,1.00086486543398,0.391,0.211,0,"1","CRYBG1"
0,1.41989321036397,0.291,0.111,0,"1","CASK"
0,1.72220936430573,0.256,0.077,0,"1","LINC00513"
0,0.66408855986123,0.514,0.335,0,"1","CDKN1B"
0,0.472866294422454,0.821,0.642,0,"1","CD44"
0,0.277270111729546,0.8,0.622,0,"1","CD2"
0,0.540217485004327,0.651,0.474,0,"1","PPP1R2"
0,0.892197858227828,0.356,0.18,0,"1","TENT5C"
0,0.703402391827701,0.475,0.299,0,"1","IL6ST"
0,0.654360924127103,0.428,0.253,0,"1","NCK2"
0,0.504067168003531,0.676,0.502,0,"1","MIF"
0,0.441832849629545,0.79,0.617,0,"1","FOXP1"
0,0.635347085983425,0.507,0.334,0,"1","PRDX1"
0,0.519473641469688,0.546,0.374,0,"1","NOSIP"
0,0.951913176192796,0.377,0.205,0,"1","TAB2"
0,0.775351291385473,0.373,0.201,0,"1","FAM102A"
0,0.397229239846948,0.494,0.323,0,"1","NFKBIZ"
0,0.505874753149921,0.408,0.238,0,"1","ANXA5"
0,0.437519274758601,0.627,0.458,0,"1","TNFAIP8"
0,1.08483946589897,0.314,0.146,0,"1","TMEM238"
0,0.437301505261317,0.601,0.433,0,"1","PEBP1"
0,0.673645494722633,0.415,0.248,0,"1","TLK1"
0,0.409370706097885,0.733,0.568,0,"1","NDUFS5"
0,0.536269396957695,0.55,0.385,0,"1","ARHGAP15"
0,0.390654474132304,0.754,0.589,0,"1","ISG20"
0,0.317992136255897,0.531,0.366,0,"1","VMP1"
0,0.55809578812853,0.442,0.278,0,"1","CCND2"
0,0.766657818990537,0.404,0.241,0,"1","CLDND1"
0,0.439547999172076,0.857,0.694,0,"1","NFKBIA"
0,0.675186853157254,0.608,0.446,0,"1","RNF19A"
0,0.366237436713432,0.668,0.507,0,"1","RORA"
0,0.48789961995478,0.454,0.294,0,"1","ITK"
0,1.13082548881387,0.294,0.135,0,"1","HIVEP2"
0,0.521179852064715,0.935,0.777,0,"1","SARAF"
0,0.377620483345553,0.762,0.604,0,"1","ANP32B"
0,0.649623167378498,0.555,0.397,0,"1","TOB1"
0,0.974210265577209,0.306,0.148,0,"1","PLK3"
0,0.444734477780889,0.553,0.396,0,"1","IRF2BP2"
0,0.840769953942093,0.338,0.182,0,"1","TESPA1"
0,1.37269241085665,0.262,0.106,0,"1","LPAR6"
0,0.464604085064098,0.593,0.437,0,"1","PPP1CB"
0,0.354348154638687,0.721,0.566,0,"1","PPP1R15A"
0,0.460284275472238,0.895,0.741,0,"1","EIF3E"
0,0.317163005833666,0.678,0.525,0,"1","C6orf48"
0,0.406949352479978,0.545,0.392,0,"1","PRDX2"
0,0.479809168139072,0.493,0.34,0,"1","SPTAN1"
0,0.456891403259047,0.902,0.751,0,"1","FYB1"
0,0.368114576087973,0.549,0.398,0,"1","TXN"
0,0.484708052272775,0.877,0.728,0,"1","ANKRD12"
0,0.70181615938714,0.347,0.198,0,"1","HELB"
0,0.469618230463216,0.914,0.766,0,"1","RPS17"
0,0.634862261174885,0.399,0.251,0,"1","MALT1"
0,0.976432814208746,0.352,0.204,0,"1","CITED2"
0,0.962301807665545,0.303,0.155,0,"1","PIM2"
0,0.539757082535515,0.557,0.41,0,"1","IER5"
0,0.29836727078665,0.618,0.471,0,"1","NDFIP1"
0,0.629763667078249,0.369,0.222,0,"1","PIM3"
0,0.481339409514854,0.731,0.585,0,"1","BTG2"
0,0.397634110466951,0.862,0.716,0,"1","ZFAS1"
0,0.942871487089,0.287,0.141,0,"1","RILPL2"
0,0.332505718633813,0.602,0.456,0,"1","PSIP1"
0,0.982343077675846,0.28,0.135,0,"1","THEM4"
0,1.03369905329484,0.286,0.141,0,"1","SGTB"
0,0.886962234253982,0.306,0.162,0,"1","TMEM156"
0,0.265841976341616,0.57,0.426,0,"1","RASGRP1"
0,0.593325693733239,0.402,0.259,0,"1","ZNF331"
0,0.742595941335626,0.312,0.169,0,"1","PELI1"
0,0.337244101253291,0.671,0.529,0,"1","HMGB2"
0,0.289743844168934,0.896,0.754,0,"1","ETS1"
0,0.908837148051382,0.287,0.145,0,"1","LRRC8C"
0,0.327764263945945,0.563,0.421,0,"1","TSTD1"
0,0.53187486185154,0.413,0.271,0,"1","HEBP2"
0,0.303325397336251,0.716,0.575,0,"1","ARID4B"
0,0.327280146718523,0.659,0.518,0,"1","SMDT1"
0,0.300241392857922,0.672,0.532,0,"1","SAMHD1"
0,0.623717362125502,0.413,0.273,0,"1","AC026979.2"
0,0.401232526652031,0.663,0.524,0,"1","IDS"
0,0.397981172986849,0.568,0.429,0,"1","ATP5PD"
0,0.825289968704886,0.858,0.72,0,"1","TNFAIP3"
0,0.286907640793064,0.718,0.581,0,"1","SNHG8"
0,0.391052296680457,0.794,0.657,0,"1","SMCHD1"
0,0.673590414862854,0.299,0.162,0,"1","SAMSN1"
0,0.284834392123925,0.605,0.469,0,"1","TAGLN2"
0,0.343090367163249,0.789,0.653,0,"1","TRBC2"
0,0.590187975390174,0.335,0.199,0,"1","TIMP1"
0,0.911678087832648,0.297,0.161,0,"1","JMY"
0,0.496384077554805,0.416,0.28,0,"1","PDCD5"
0,0.817533731138552,0.277,0.142,0,"1","ATP8B2"
0,0.603411478117173,0.386,0.251,0,"1","RSBN1"
0,0.346882320682852,0.537,0.402,0,"1","NAP1L4"
0,0.461334740486306,0.478,0.343,0,"1","PPP1CC"
0,0.775943685692702,0.311,0.177,0,"1","DNAJB9"
0,0.434722039914286,0.442,0.308,0,"1","SVIP"
0,0.974297415337733,0.257,0.123,0,"1","FLT3LG"
0,0.552035498202154,0.382,0.249,0,"1","NECAP2"
0,0.843631511707042,0.299,0.166,0,"1","NABP1"
0,0.80621874442342,0.28,0.148,0,"1","BEX2"
0,0.331781794703913,0.783,0.651,0,"1","YPEL5"
0,0.338590607120065,0.696,0.564,0,"1","ELF1"
0,0.291133053776577,0.646,0.515,0,"1","EPB41"
0,0.293970911323684,0.773,0.642,0,"1","TOMM20"
0,0.26195301279174,0.444,0.313,0,"1","OXNAD1"
0,0.769948284893381,0.303,0.172,0,"1","BORCS5"
0,0.63015345095298,0.322,0.191,0,"1","STAT5B"
0,0.514451723232343,0.43,0.299,0,"1","MYADM"
0,0.488348931493119,0.353,0.222,0,"1","AC016831.7"
0,0.315694249971291,0.818,0.687,0,"1","FAM107B"
0,0.342995495636986,0.554,0.424,0,"1","UBALD2"
0,0.290837327375579,0.628,0.498,0,"1","ZC3HAV1"
0,0.312891521305981,0.801,0.671,0,"1","HSPA8"
0,0.574491498663054,0.348,0.218,0,"1","PDE4B"
0,0.375487321427658,0.59,0.46,0,"1","SBDS"
0,0.55205164672624,0.421,0.292,0,"1","PTGER4"
0,0.55542791167453,0.932,0.803,0,"1","HINT1"
0,0.278741810297465,0.625,0.496,0,"1","RAN"
0,0.505980093862579,0.397,0.268,0,"1","UBL3"
0,0.353641218372032,0.535,0.407,0,"1","CNN2"
0,0.559202482745539,0.379,0.251,0,"1","TSPYL1"
0,0.713200688749163,0.3,0.172,0,"1","UGCG"
0,0.558883426113885,0.35,0.222,0,"1","SFXN1"
0,0.334512187041723,0.689,0.561,0,"1","EIF3H"
0,0.446178029291379,0.437,0.31,0,"1","BCAS2"
0,0.30272000950942,0.806,0.679,0,"1","C12orf57"
0,0.254413109232237,0.661,0.535,0,"1","SEPT6"
0,0.293870618632483,0.743,0.617,0,"1","FNBP1"
0,0.310638250398404,0.636,0.51,0,"1","TUBA1A"
0,0.334430725994051,0.533,0.408,0,"1","ABRACL"
0,0.688053511558256,0.332,0.207,0,"1","AC025164.1"
0,0.325056065057815,0.459,0.334,0,"1","HECA"
0,0.466785759883777,0.406,0.281,0,"1","ARL4A"
0,0.774096556533286,0.298,0.173,0,"1","CREM"
0,0.304095389374438,0.579,0.454,0,"1","SELL"
0,0.431509817105616,0.359,0.235,0,"1","ATXN1"
0,0.34409401861372,0.405,0.281,0,"1","CD6"
0,0.431345566522157,0.417,0.294,0,"1","CCDC66"
0,0.297143370043264,0.542,0.42,0,"1","NDUFB9"
0,0.304056692545775,0.442,0.32,0,"1","ATP2B1"
0,0.528823908847868,0.376,0.254,0,"1","FAM177A1"
0,0.287304286955685,0.412,0.29,0,"1","TC2N"
0,0.273929928082827,0.572,0.45,0,"1","POLR1D"
0,0.527603537595575,0.334,0.213,0,"1","KDM6B"
0,0.83834858647612,0.256,0.135,0,"1","PHTF2"
0,0.371649103871091,0.377,0.256,0,"1","PDE3B"
0,0.359080196581967,0.607,0.487,0,"1","DNAJA1"
0,0.732767879846822,0.284,0.164,0,"1","CORO7"
0,0.303968329736369,0.381,0.262,0,"1","ANXA2"
0,0.744858652957561,0.284,0.165,0,"1","ERO1A"
0,0.749711937458357,0.268,0.15,0,"1","AL133453.1"
0,0.354991835548386,0.445,0.327,0,"1","TMEM14B"
0,0.336255282731787,0.571,0.453,0,"1","STAT3"
0,0.818066855471598,0.266,0.149,0,"1","GNAQ"
0,0.7905901377394,0.266,0.149,0,"1","RIC3"
0,0.636147876598575,0.292,0.175,0,"1","SH3YL1"
0,0.338389667064252,0.415,0.298,0,"1","PRDM1"
0,0.416085035889985,0.371,0.254,0,"1","LPIN2"
0,0.263717147753643,0.847,0.731,0,"1","CCNI"
0,0.336245857455517,0.471,0.355,0,"1","NOL7"
0,0.464967351920049,0.381,0.265,0,"1","PIM1"
0,0.260583556964555,0.674,0.558,0,"1","PTGES3"
0,0.430153296444319,0.383,0.268,0,"1","STT3B"
0,0.257734606758392,0.601,0.487,0,"1","EIF3A"
0,0.251936744024884,0.411,0.298,0,"1","SEC11C"
0,0.718273292559629,0.26,0.148,0,"1","FAM129A"
0,0.399838698045649,0.395,0.284,0,"1","SLC4A7"
0,0.421370139611565,0.396,0.285,0,"1","PPA1"
0,0.689695970599213,0.268,0.157,0,"1","PRKCA"
0,0.532883369227934,0.286,0.175,0,"1","HAUS3"
0,0.372068212691446,0.42,0.309,0,"1","NDUFV2"
0,0.393642880944407,0.332,0.222,0,"1","CDC25B"
0,0.340094086852043,0.422,0.312,0,"1","PPP1R15B"
0,0.425917558104484,0.359,0.249,0,"1","TAGAP"
0,0.557417043702845,0.298,0.189,0,"1","WWP1"
0,0.280874858340898,0.458,0.35,0,"1","HIST1H4C"
0,0.570923235626358,0.323,0.215,0,"1","AL121944.1"
0,0.442953364303206,0.368,0.26,0,"1","IGBP1"
0,0.390500021359967,0.502,0.394,0,"1","DDIT4"
0,0.262540479890597,0.463,0.356,0,"1","CAMLG"
0,0.706816707016455,0.269,0.162,0,"1","GADD45A"
0,0.433269109065924,0.334,0.227,0,"1","NFKB1"
0,0.277600566880009,0.627,0.52,0,"1","CHURC1"
0,0.36277469422925,0.365,0.258,0,"1","N4BP1"
0,1.0718107260399,0.97,0.863,0,"1","JUNB"
0,0.297583063756032,0.403,0.298,0,"1","TUBB4B"
0,0.337789470918071,0.472,0.367,0,"1","ILF3-DT"
0,0.479446743435115,0.32,0.216,0,"1","ANXA7"
0,0.271958531200486,0.436,0.332,0,"1","PCNX1"
0,0.435867021063093,0.291,0.187,0,"1","SLCO3A1"
0,0.281620229084041,0.623,0.521,0,"1","NR4A2"
0,0.553798468951559,0.261,0.16,0,"1","MXI1"
0,0.52998932157927,0.309,0.208,0,"1","ICAM2"
0,0.357343149641571,0.524,0.424,0,"1","MT2A"
0,0.368085251187839,0.334,0.234,0,"1","SMAP1"
0,0.28670387617396,0.423,0.323,0,"1","NOP58"
0,0.592114139926986,0.251,0.152,0,"1","CNST"
0,0.619667046274203,0.253,0.154,0,"1","ELK3"
0,0.569166529318547,0.254,0.156,0,"1","FOXO1"
0,0.430121730142026,0.354,0.256,0,"1","IPCEF1"
0,0.464220516226358,0.281,0.184,0,"1","GOLGA8B"
0,0.526918834761066,0.27,0.173,0,"1","CRTC3"
0,0.361042327267965,0.319,0.222,0,"1","GOLGA8A"
0,0.257079870879993,0.426,0.329,0,"1","TSPYL2"
0,0.428873896387155,0.325,0.229,0,"1","C4orf48"
0,0.563167365828057,0.255,0.159,0,"1","REXO2"
0,0.478943104331703,0.287,0.191,0,"1","ELOVL5"
0,0.408211323161463,0.283,0.187,0,"1","BTG3"
0,0.439221305599309,0.281,0.186,0,"1","CAMTA1"
0,0.633188622030065,0.257,0.162,0,"1","PRMT9"
0,0.586943125977874,0.254,0.159,0,"1","ARHGAP5"
0,0.311415835998474,0.326,0.231,0,"1","HEXIM1"
0,0.398296954193365,0.963,0.868,0,"1","NPM1"
0,0.459525780436178,0.284,0.189,0,"1","MPRIP"
0,0.335023283794105,0.925,0.831,0,"1","RPL17"
0,0.289708000689587,0.873,0.779,0,"1","GMFG"
0,0.338309641642408,0.394,0.301,0,"1","AKIRIN1"
0,0.441172040777834,0.327,0.234,0,"1","RBPJ"
0,0.42256100351155,0.287,0.194,0,"1","AGO2"
0,0.300880174274056,0.883,0.79,0,"1","EEF2"
0,0.424185659769692,0.292,0.2,0,"1","AC114760.2"
0,0.53324653821039,0.916,0.825,0,"1","FOS"
0,0.394938323178908,0.875,0.784,0,"1","JUN"
0,0.331165263066613,0.366,0.275,0,"1","KLF9"
0,0.362237883556443,0.285,0.194,0,"1","ERN1"
0,0.33717713218761,0.768,0.677,0,"1","ZFP36"
0,0.664857045170561,0.252,0.162,0,"1","USP10"
0,0.344855633206924,0.318,0.228,0,"1","TRAPPC6A"
0,0.270627680671796,0.318,0.229,0,"1","GOLGA7"
0,0.487782842572405,0.261,0.173,0,"1","EBPL"
0,0.374175928815183,0.297,0.209,0,"1","ITPKB"
0,0.253358087693519,0.923,0.836,0,"1","COMMD6"
0,0.353011938316309,0.293,0.206,0,"1","ZC3H7A"
0,0.362588603451971,0.354,0.267,0,"1","SNHG15"
0,0.492740783947738,0.253,0.167,0,"1","CLPP"
0,0.386583679037218,0.251,0.168,0,"1","NMRK1"
0,0.315567548343204,0.297,0.214,0,"1","C16orf54"
0,0.404449259088608,0.269,0.187,0,"1","AFF1"
0,0.505510370274034,0.257,0.176,0,"1","DEGS1"
0,0.307857348058502,0.295,0.214,0,"1","STK24"
0,0.399659128032781,0.282,0.201,0,"1","SINHCAF"
0,0.336310335604501,0.252,0.174,0,"1","SIAH2"
0,0.401690295307564,0.259,0.181,0,"1","CA5B"
0,0.470156873082694,0.266,0.188,0,"1","CNIH1"
0,0.335827223164286,0.253,0.176,0,"1","VOPP1"
0,0.36148887732786,0.264,0.19,0,"1","USP36"
0,0.332732551678618,0.965,0.896,0,"1","COX7C"
0,0.648884018355417,0.965,0.902,0,"1","ZFP36L2"
0,0.407146873607931,0.978,0.916,0,"1","RPL36A"
0,0.295248893188986,0.971,0.911,0,"1","PABPC1"
0,0.353980071283891,0.968,0.913,0,"1","RPL4"
0,0.273318769723074,0.958,0.904,0,"1","BTF3"
0,0.425582030329611,0.98,0.928,0,"1","RPLP0"
0,0.290032640792744,0.948,0.901,0,"1","TSC22D3"
0,0.344871960586303,0.982,0.949,0,"1","RACK1"
0,0.39217772879048,0.995,0.964,0,"1","RPL23"
0,0.264079525166389,0.991,0.961,0,"1","RPL31"
0,0.400117481169219,0.993,0.966,0,"1","RPSA"
0,0.414939683847206,0.996,0.97,0,"1","RPS20"
0,0.336418819406764,0.988,0.964,0,"1","RPL10A"
0,0.328311761735877,0.997,0.974,0,"1","RPL8"
0,0.344385498951351,0.988,0.966,0,"1","RPL7"
0,0.299658280318796,0.997,0.977,0,"1","RPS21"
0,0.262973054765977,0.986,0.967,0,"1","RPS10"
0,0.319221985131155,0.995,0.979,0,"1","RPL22"
0,0.345315794645312,0.992,0.977,0,"1","RPL5"
0,0.266232127535067,0.995,0.981,0,"1","RPS13"
0,0.352062536880521,0.999,0.986,0,"1","RPL12"
0,0.310982507591337,0.996,0.984,0,"1","RPL24"
0,0.289599336875775,0.998,0.986,0,"1","RPL35A"
0,0.408839717533285,0.998,0.986,0,"1","RPS25"
0,0.263445124677092,0.997,0.986,0,"1","RPL29"
0,0.369069023370651,0.998,0.987,0,"1","RPS16"
0,0.27560498616924,0.997,0.987,0,"1","RPS7"
0,0.332613763385098,0.997,0.987,0,"1","RPL6"
0,0.293496285684014,0.999,0.99,0,"1","RPL38"
0,0.519253023201223,0.999,0.99,0,"1","RPL36"
0,0.388844867492029,0.999,0.991,0,"1","RPS8"
0,0.308647723259551,0.998,0.99,0,"1","RPL9"
0,0.382154507515499,1,0.992,0,"1","RPS12"
0,0.365082697229419,0.999,0.991,0,"1","RPS6"
0,0.264369166627789,0.997,0.989,0,"1","RPL23A"
0,0.365352281380216,1,0.992,0,"1","RPS28"
0,0.381498246905164,0.999,0.992,0,"1","RPL39"
0,0.293991775802447,0.999,0.992,0,"1","RPLP2"
0,0.360834671211816,0.999,0.992,0,"1","RPL18A"
0,0.281859301303736,0.998,0.991,0,"1","RPL18"
0,0.303425769386177,0.998,0.992,0,"1","RPL14"
0,0.375397944777488,0.997,0.991,0,"1","RPS4X"
0,0.286889705069303,0.999,0.993,0,"1","RPL27A"
0,0.354299879699345,0.999,0.993,0,"1","RPS2"
0,0.299489437875446,0.998,0.992,0,"1","RPS15A"
0,0.275607659246847,0.999,0.993,0,"1","RPL19"
0,0.309935052598944,0.999,0.993,0,"1","RPS15"
0,0.404086331567928,0.999,0.994,0,"1","RPL11"
0,0.348659507850495,0.999,0.994,0,"1","RPL30"
0,0.435674932483844,0.997,0.992,0,"1","RPS29"
0,0.365246602947446,0.999,0.994,0,"1","RPL13A"
0,0.345108671141391,0.999,0.995,0,"1","RPL32"
0,0.347087885573791,0.999,0.995,0,"1","RPL34"
0,0.314285864298606,1,0.996,0,"1","RPL37"
0,0.39369375135382,1,0.996,0,"1","RPS18"
0,0.32638801358017,0.999,0.995,0,"1","RPL10"
0,0.353654635335855,0.999,0.995,0,"1","RPL41"
0,0.401446862840198,1,0.996,0,"1","RPLP1"
0,0.309127245793197,1,0.997,0,"1","RPS27"
0,0.516883206618081,1,0.997,0,"1","TPT1"
0,0.345170820214588,1,0.997,0,"1","RPL13"
0,0.436129224852776,1,0.997,0,"1","RPL28"
0,0.40047774749049,1,0.998,0,"1","EEF1A1"
2.22044604925031e-16,0.34911020852069,0.287,0.212,4.44355663375973e-12,"1","HSPH1"
4.44089209850063e-16,0.263107685186111,0.459,0.358,8.88711326751945e-12,"1","COX14"
6.66133814775094e-16,0.282712144153625,0.601,0.495,1.33306699012792e-11,"1","USP15"
6.66133814775094e-16,0.303570256381536,0.359,0.273,1.33306699012792e-11,"1","UPP1"
6.66133814775094e-16,0.290298089980225,0.316,0.235,1.33306699012792e-11,"1","NBDY"
8.88178419700125e-16,0.279582449600672,0.632,0.534,1.77742265350389e-11,"1","YME1L1"
8.88178419700125e-16,0.250617548532847,0.441,0.344,1.77742265350389e-11,"1","FGFR1OP2"
8.88178419700125e-16,0.267150467185143,0.437,0.34,1.77742265350389e-11,"1","NSMCE3"
1.33226762955019e-15,0.32788949526884,0.271,0.199,2.66613398025584e-11,"1","TBC1D15"
1.55431223447522e-15,0.257155176207788,0.346,0.258,3.11048964363181e-11,"1","SS18L2"
1.99840144432528e-15,0.263121152508814,0.339,0.254,3.99920097038375e-11,"1","MSI2"
4.88498130835069e-15,0.34584310044064,0.43,0.347,9.7758245942714e-11,"1","NR3C1"
5.32907051820075e-15,0.265802746816066,0.319,0.239,1.06645359210233e-10,"1","CCM2"
1.24344978758018e-14,0.277180826572727,0.265,0.194,2.48839171490545e-10,"1","OSER1"
1.73194791841524e-14,0.286215617413716,0.316,0.239,3.46597417433259e-10,"1","RNF145"
6.75015598972095e-14,0.345850880846299,0.282,0.213,1.35084121666296e-09,"1","S1PR4"
1.04360964314765e-13,0.277498940067244,0.275,0.203,2.08847161786707e-09,"1","JAK3"
3.75033337718378e-13,0.26792566857742,0.393,0.313,7.50516715442018e-09,"1","UBE2K"
6.05737682235485e-13,0.289196862342102,0.303,0.232,1.21220224968965e-08,"1","PFDN4"
6.25055562863963e-13,0.254109933254228,0.273,0.204,1.25086119240336e-08,"1","TIPARP"
1.30739863379858e-12,0.271023293070555,0.268,0.201,2.61636614595773e-08,"1","SRSF8"
1.53010937253839e-12,0.378440781353498,0.543,0.472,3.06205487632383e-08,"1","TRBC1"
2.79043455009287e-12,0.277588248820903,0.259,0.194,5.58421762164585e-08,"1","HMGA1"
3.36428662706112e-11,0.332134978920317,0.281,0.22,6.73261039807471e-07,"1","DARS"
2.07289296838553e-10,0.372502779716054,0.314,0.253,4.14827340833313e-06,"1","PMAIP1"
0,2.73536982855433,0.858,0.145,0,"2","KLRF1"
0,2.56147135388248,0.882,0.201,0,"2","FCGR3A"
0,1.86617081616581,0.901,0.223,0,"2","TYROBP"
0,2.36817666250425,0.99,0.324,0,"2","GNLY"
0,2.50649819510974,0.986,0.321,0,"2","FGFBP2"
0,2.30816605295039,0.94,0.282,0,"2","GZMB"
0,2.36641846791781,0.935,0.302,0,"2","PRF1"
0,1.71202357311005,0.975,0.353,0,"2","GZMH"
0,2.17281502443272,0.816,0.202,0,"2","MYOM2"
0,1.81360571226073,0.956,0.342,0,"2","KLRD1"
0,1.84599064937068,0.904,0.299,0,"2","KLRB1"
0,2.15668613051705,0.988,0.402,0,"2","CST7"
0,2.43831827147021,0.81,0.233,0,"2","SPON2"
0,2.52162588300032,0.69,0.122,0,"2","TRDC"
0,2.42061118552435,0.736,0.189,0,"2","CLIC3"
0,1.49380968237023,0.986,0.44,0,"2","GZMA"
0,1.96288825059981,0.832,0.302,0,"2","HOPX"
0,1.60377649102719,0.998,0.479,0,"2","CCL5"
0,1.90412763276523,1,0.491,0,"2","NKG7"
0,1.69189555427273,0.875,0.393,0,"2","CTSW"
0,1.45109524195778,0.886,0.414,0,"2","ZEB2"
0,1.6850715260405,0.93,0.459,0,"2","EFHD2"
0,2.03326538434337,0.655,0.189,0,"2","ADGRG1"
0,1.10455202166338,0.765,0.34,0,"2","CCL4"
0,2.74587988266317,0.536,0.113,0,"2","SYNGR1"
0,2.05673467975625,0.709,0.286,0,"2","CMC1"
0,1.78288528792291,0.867,0.469,0,"2","CD247"
0,1.69616734772682,0.847,0.449,0,"2","CD63"
0,3.96902530770312,0.472,0.081,0,"2","PTGDS"
0,2.40239858325761,0.504,0.114,0,"2","PRSS23"
0,1.03946782977732,0.823,0.435,0,"2","TRBC1"
0,1.25154438365618,0.725,0.36,0,"2","C12orf75"
0,1.43801354109831,0.834,0.491,0,"2","RUNX3"
0,2.09121870432026,0.533,0.192,0,"2","HIPK2"
0,0.96248271233817,0.716,0.379,0,"2","PLEK"
0,1.25578925711522,0.684,0.351,0,"2","PYHIN1"
0,1.64748853713364,0.6,0.274,0,"2","PRDM1"
0,1.49246214647839,0.555,0.237,0,"2","CEP78"
0,1.84562154049558,0.494,0.182,0,"2","METRNL"
0,1.39871567524898,0.716,0.415,0,"2","DSTN"
0,1.81736137953285,0.441,0.14,0,"2","LAIR2"
0,0.994646603480744,0.774,0.474,0,"2","SYNE1"
0,1.55198384860181,0.571,0.273,0,"2","GNPTAB"
0,0.969568726644873,0.805,0.511,0,"2","ITGB1"
0,1.31607986753655,0.78,0.488,0,"2","CD81"
0,1.192118698501,0.797,0.505,0,"2","ABHD17A"
0,1.65605524295313,0.45,0.161,0,"2","C1orf21"
0,0.875680548208342,0.616,0.33,0,"2","LGALS1"
0,1.73037018173993,0.411,0.139,0,"2","S1PR5"
0,1.04919214926072,0.824,0.554,0,"2","FLNA"
0,1.18129565554591,0.842,0.574,0,"2","CD99"
0,1.41263030412255,0.468,0.207,0,"2","TGFBR3"
0,1.49059643657303,0.503,0.243,0,"2","SYTL3"
0,1.39895399936317,0.38,0.12,0,"2","CCL3"
0,1.57907871263504,0.468,0.208,0,"2","APMAP"
0,0.870436438278875,0.769,0.513,0,"2","GZMM"
0,3.7924979787575,0.285,0.029,0,"2","KLRC2"
0,3.00582380439148,0.304,0.049,0,"2","LINC02384"
0,0.789653232541841,0.85,0.597,0,"2","SYNE2"
0,2.12934882853419,0.347,0.095,0,"2","F2R"
0,1.50729068721132,0.39,0.141,0,"2","FCRL6"
0,1.41108394525531,0.462,0.217,0,"2","PTPN12"
0,1.42135441736139,0.447,0.202,0,"2","GK5"
0,1.18535937317859,0.453,0.21,0,"2","IL2RB"
0,1.54190299031357,0.482,0.24,0,"2","TFDP2"
0,0.777720312666063,0.647,0.413,0,"2","SAMD3"
0,1.17853928177526,0.827,0.593,0,"2","MBP"
0,1.40633698558725,0.515,0.283,0,"2","ALOX5AP"
0,0.984856583116147,0.551,0.32,0,"2","MYO1F"
0,1.83403631668295,0.366,0.136,0,"2","GTF3C1"
0,1.40452854183486,0.514,0.286,0,"2","ARHGAP9"
0,0.739305992643796,0.808,0.581,0,"2","ID2"
0,0.876282425807204,0.897,0.671,0,"2","ITGB2"
0,1.19460301051133,0.451,0.226,0,"2","LINC01871"
0,0.933151097949889,0.65,0.428,0,"2","ITGAL"
0,1.11020116184661,0.693,0.474,0,"2","PIP4K2A"
0,1.05826422786475,0.775,0.561,0,"2","DBI"
0,1.12115991920001,0.624,0.414,0,"2","OSTF1"
0,1.40877102343308,0.354,0.144,0,"2","TBX21"
0,2.11469160219128,0.293,0.083,0,"2","ASCL2"
0,2.22634030944243,0.293,0.083,0,"2","PTMS"
0,1.80561299519164,0.314,0.105,0,"2","TTC38"
0,0.906023381426115,0.688,0.481,0,"2","GSTP1"
0,1.18262905648198,0.368,0.163,0,"2","CX3CR1"
0,1.19221889305486,0.546,0.342,0,"2","RAB5IF"
0,1.22311218288736,0.508,0.305,0,"2","MAPK1"
0,0.371141474580924,0.756,0.554,0,"2","ANXA1"
0,0.96530165248592,0.43,0.232,0,"2","MYBL1"
0,1.1197713089324,0.476,0.279,0,"2","TNFRSF1B"
0,0.959849670565569,0.823,0.626,0,"2","LITAF"
0,2.02684976881131,0.269,0.073,0,"2","PTGDR"
0,0.996402003161451,0.583,0.387,0,"2","GNG2"
0,1.97230926912691,0.288,0.094,0,"2","NCR3"
0,1.52352651981013,0.404,0.211,0,"2","HDDC2"
0,1.81727681762937,0.3,0.107,0,"2","RHOC"
0,1.01374306239341,0.93,0.739,0,"2","IFITM2"
0,1.85603463606402,0.296,0.105,0,"2","RAP2A"
0,0.760517472325894,0.758,0.568,0,"2","CLIC1"
0,1.27337610693251,0.441,0.252,0,"2","ZBTB38"
0,1.9962064804728,0.282,0.093,0,"2","PLA2G16"
0,0.875949272241538,0.667,0.479,0,"2","CEMIP2"
0,0.606805282806896,0.78,0.592,0,"2","AHNAK"
0,0.771572243420185,0.577,0.389,0,"2","CTSC"
0,1.30222109038022,0.402,0.215,0,"2","IGF2R"
0,2.12315390086564,0.265,0.078,0,"2","CTBP2"
0,0.686384233010574,0.995,0.81,0,"2","S100A4"
0,1.1987143297316,0.357,0.174,0,"2","MATK"
0,1.11670136976034,0.55,0.368,0,"2","DHRS7"
0,2.17759042837371,0.256,0.074,0,"2","CCL4L2"
0,0.502998565673471,0.936,0.755,0,"2","SRGN"
0,1.34628190962974,0.347,0.166,0,"2","GAB3"
0,1.17654623435677,0.491,0.311,0,"2","ARPC5L"
0,1.14727576271558,0.347,0.167,0,"2","MCTP2"
0,1.00869069214304,0.484,0.305,0,"2","TXK"
0,0.808485197081749,0.601,0.423,0,"2","DIP2A"
0,0.918794413346553,0.906,0.729,0,"2","ARL4C"
0,1.34449598953011,0.39,0.214,0,"2","RASSF1"
0,1.01863534196636,0.59,0.414,0,"2","SCP2"
0,0.862965347791178,0.796,0.624,0,"2","CAST"
0,1.1189981096664,0.43,0.258,0,"2","SSBP3"
0,0.89975985975208,0.474,0.302,0,"2","ACTN4"
0,1.79261492588238,0.263,0.092,0,"2","ITGAX"
0,0.804311101266201,0.479,0.313,0,"2","CTSD"
0,1.11998775184445,0.378,0.214,0,"2","CHST12"
0,1.18811420179144,0.36,0.197,0,"2","BHLHE40"
0,1.05639068385908,0.481,0.318,0,"2","FKBP11"
0,1.19743982400533,0.332,0.17,0,"2","MTSS1"
0,1.52581144254104,0.282,0.12,0,"2","AOAH"
0,0.98506723355261,0.616,0.454,0,"2","NDUFB7"
0,0.848045481978304,0.649,0.488,0,"2","FAM49B"
0,1.10161510748282,0.954,0.793,0,"2","PPP2R5C"
0,1.05528395694154,0.529,0.369,0,"2","PTPRA"
0,0.959139787576877,0.981,0.823,0,"2","HCST"
0,0.857452411232671,0.76,0.602,0,"2","PRMT2"
0,0.834682262857762,0.762,0.605,0,"2","MSN"
0,0.635227479483827,0.497,0.34,0,"2","LYAR"
0,1.00156016533535,0.577,0.421,0,"2","PRELID1"
0,1.03343649749474,0.43,0.276,0,"2","GPR65"
0,0.98829010117441,0.414,0.261,0,"2","ATP2B4"
0,0.862168310091576,0.39,0.238,0,"2","PTPRE"
0,0.74575000765402,0.526,0.374,0,"2","CEBPB"
0,0.868322987384731,0.609,0.457,0,"2","TLN1"
0,1.24519019723687,0.262,0.111,0,"2","FCRL3"
0,1.29974942273862,0.254,0.103,0,"2","IFNG"
0,0.848119600409151,0.64,0.49,0,"2","BIN2"
0,0.83934489324026,0.701,0.551,0,"2","RARRES3"
0,1.09366714204489,0.369,0.22,0,"2","PTPN7"
0,0.827219343621397,0.585,0.436,0,"2","TGFB1"
0,1.13357503122888,0.37,0.224,0,"2","PTPN18"
0,1.01966883296491,0.403,0.258,0,"2","DOK2"
0,0.732862768766019,0.888,0.744,0,"2","LCP1"
0,0.575985537481786,0.643,0.499,0,"2","CRIP1"
0,1.540321054297,0.253,0.111,0,"2","SLC15A4"
0,1.01016057316986,0.294,0.152,0,"2","LYN"
0,1.47669936984464,0.264,0.124,0,"2","NFIL3"
0,0.924487872369841,0.427,0.289,0,"2","PTPN22"
0,0.940545742829094,0.566,0.428,0,"2","HMGN3"
0,0.574204563117442,0.75,0.613,0,"2","PLAC8"
0,0.688854762951624,0.566,0.429,0,"2","CD7"
0,1.04760154575659,0.383,0.247,0,"2","AREG"
0,0.75079123409996,0.715,0.58,0,"2","IQGAP1"
0,1.16393452198723,0.305,0.17,0,"2","RAB37"
0,0.909441348354569,0.366,0.231,0,"2","TPST2"
0,1.16331348208309,0.279,0.146,0,"2","USP28"
0,1.12538952785998,0.284,0.153,0,"2","TRG-AS1"
0,1.25995329598648,0.271,0.141,0,"2","ADAM8"
0,1.39977824491779,0.254,0.124,0,"2","MAN1A1"
0,0.572531806788776,0.644,0.514,0,"2","RORA"
0,0.886649283571703,0.358,0.228,0,"2","CD226"
0,0.82327112438761,0.471,0.341,0,"2","SLC9A3R1"
0,0.91326391489036,0.505,0.376,0,"2","DGKZ"
0,0.8549607555507,0.504,0.376,0,"2","IQGAP2"
0,0.835770516011787,0.905,0.777,0,"2","SEPT7"
0,0.756581924701249,0.674,0.547,0,"2","FYN"
0,1.0182092609025,0.353,0.226,0,"2","RAPGEF1"
0,0.818833796495936,0.868,0.742,0,"2","RAP1B"
0,1.05351647106367,0.263,0.14,0,"2","SLAMF7"
0,1.23553762708676,0.255,0.132,0,"2","LPCAT1"
0,0.801480696395276,0.718,0.595,0,"2","NDUFB2"
0,0.971123356762,0.287,0.164,0,"2","ITGAM"
0,1.22957803525937,0.996,0.875,0,"2","CYBA"
0,0.755731243494609,0.584,0.463,0,"2","BLOC1S1"
0,0.851823220116886,0.457,0.338,0,"2","GPATCH8"
0,0.814457921031792,0.517,0.399,0,"2","ADGRE5"
0,0.697340068567501,0.545,0.43,0,"2","AC245297.3"
0,0.9468285330018,0.331,0.216,0,"2","NFATC2"
0,1.01292223753318,0.275,0.161,0,"2","ZBP1"
0,0.946075984208005,0.333,0.22,0,"2","PDE4D"
0,1.12186257418181,0.309,0.196,0,"2","UBE2F"
0,0.800807340464862,0.508,0.395,0,"2","DDIT4"
0,0.937421185156645,0.36,0.247,0,"2","RAB27A"
0,0.726181058577203,0.55,0.438,0,"2","PARP8"
0,0.827258406464698,0.365,0.253,0,"2","GABARAPL1"
0,0.710602268065325,0.463,0.352,0,"2","PTPN4"
0,1.12055567708444,0.316,0.206,0,"2","SERTAD1"
0,0.819155404644914,0.44,0.33,0,"2","SELPLG"
0,0.783702642923767,0.939,0.83,0,"2","UBB"
0,0.7141840915558,0.517,0.409,0,"2","DIAPH1"
0,1.03152037150736,0.278,0.17,0,"2","RRBP1"
0,0.876768679231174,0.298,0.19,0,"2","STOM"
0,0.531313219999112,0.85,0.742,0,"2","RNF213"
0,0.927200629933628,0.376,0.268,0,"2","TRAPPC10"
0,0.716916187804253,0.684,0.577,0,"2","GUK1"
0,0.815335584852389,0.33,0.223,0,"2","APOBEC3G"
0,1.15448176090996,0.25,0.144,0,"2","TSEN54"
0,0.539277087312627,0.648,0.543,0,"2","CLEC2B"
0,0.83870266240052,0.396,0.292,0,"2","MXD4"
0,0.561159669444255,0.533,0.429,0,"2","IKZF3"
0,0.754534934655552,0.776,0.672,0,"2","HLA-F"
0,1.04129081142471,0.252,0.149,0,"2","VAV3"
0,0.965345717631697,0.341,0.239,0,"2","SERPINB6"
0,0.688292211389297,0.409,0.307,0,"2","MYO1G"
0,0.993826993761725,0.304,0.202,0,"2","SASH3"
0,0.71097186151726,0.488,0.386,0,"2","PRKCH"
0,0.775878706351055,0.511,0.41,0,"2","PRKACB"
0,0.692077241666345,0.533,0.433,0,"2","AKNA"
0,0.592441663706638,0.647,0.548,0,"2","CFLAR"
0,0.863160839799077,0.407,0.308,0,"2","LMAN2"
0,0.620856913885141,0.55,0.452,0,"2","RNF125"
0,1.03035547992469,0.273,0.176,0,"2","AGTRAP"
0,0.8194539070886,0.394,0.297,0,"2","TMX4"
0,1.10263914668698,0.261,0.164,0,"2","RAB9A"
0,0.587784928790696,0.46,0.364,0,"2","SPN"
0,0.753380639958453,0.398,0.302,0,"2","RNF166"
0,0.747661379015262,0.379,0.284,0,"2","INPP5D"
0,0.862604080656504,0.308,0.214,0,"2","LPGAT1"
0,0.516395106830774,0.337,0.244,0,"2","CYTOR"
0,0.704985929981116,0.514,0.421,0,"2","BTN3A2"
0,1.00453854908194,0.254,0.161,0,"2","MEX3C"
0,0.544010405894253,0.982,0.889,0,"2","SH3BGRL3"
0,0.689422663042166,0.566,0.473,0,"2","VAMP8"
0,0.352315860058912,0.97,0.878,0,"2","S100A6"
0,0.533422721323566,0.881,0.789,0,"2","MYL12B"
0,0.731854984185848,0.936,0.845,0,"2","ARPC2"
0,0.682009455685101,0.438,0.347,0,"2","GLRX"
0,0.771528534882794,0.39,0.3,0,"2","SYAP1"
0,0.810458428381595,0.402,0.312,0,"2","IFI27L2"
0,0.666448514607399,0.349,0.259,0,"2","STAT4"
0,0.735679381864609,0.332,0.243,0,"2","ZAP70"
0,0.859244581297142,0.344,0.255,0,"2","LINC00623"
0,0.560783048404042,0.57,0.482,0,"2","SUN2"
0,0.690962352374054,0.711,0.624,0,"2","TCF25"
0,0.878270948465001,0.265,0.179,0,"2","EIF4G3"
0,0.657010406543744,0.45,0.364,0,"2","CCDC88C"
0,0.957637537784227,0.257,0.172,0,"2","EBP"
0,0.737477717988431,0.374,0.289,0,"2","RAB8B"
0,0.634324492833155,0.457,0.372,0,"2","MIDN"
0,0.717441005493987,0.359,0.274,0,"2","RAB29"
0,0.768402853912701,0.335,0.251,0,"2","CHD9"
0,0.66995740955842,0.506,0.423,0,"2","PAXX"
0,0.683568791690991,0.591,0.508,0,"2","LSP1"
0,0.757329997809436,0.352,0.269,0,"2","BSG"
0,0.628889369345341,0.317,0.235,0,"2","FOSL2"
0,0.692313185643369,0.432,0.35,0,"2","SERPINB1"
0,0.343493484419528,0.828,0.746,0,"2","GAPDH"
0,0.585825822017891,0.744,0.662,0,"2","AKAP13"
0,0.525442453849742,0.435,0.354,0,"2","GLIPR1"
0,0.756205948508483,0.412,0.331,0,"2","POLR3GL"
0,0.729833615169703,0.365,0.285,0,"2","ZBTB44"
0,0.44015913978146,0.631,0.551,0,"2","MACF1"
0,0.60396998493663,0.568,0.488,0,"2","POMP"
0,0.5801793065214,0.465,0.386,0,"2","SKAP1"
0,0.724480458929518,0.372,0.293,0,"2","SSBP4"
0,0.874112078112566,0.309,0.23,0,"2","LRP10"
0,0.791388803209619,0.289,0.211,0,"2","TMEM181"
0,0.511570595736686,0.347,0.269,0,"2","ANXA2"
0,0.643641494173333,0.531,0.454,0,"2","RABAC1"
0,0.742312109027344,0.303,0.226,0,"2","AC004687.1"
0,0.709051779288945,0.427,0.352,0,"2","SELENOT"
0,0.690442898733,0.448,0.373,0,"2","TPI1"
0,0.648784323423244,0.399,0.324,0,"2","PREX1"
0,0.727300614508209,0.275,0.201,0,"2","ARHGAP26"
0,0.509476825462713,0.422,0.348,0,"2","APOL6"
0,0.671993057965921,0.411,0.337,0,"2","ZBTB7A"
0,0.654525711970522,0.43,0.357,0,"2","CCNH"
0,0.761853502688647,0.375,0.302,0,"2","CAPNS1"
0,0.707806064612544,0.262,0.189,0,"2","APOBEC3C"
0,0.640680617209844,0.592,0.52,0,"2","DNAJB6"
0,0.434782800869698,0.68,0.609,0,"2","PPIB"
0,0.565739891355094,0.527,0.456,0,"2","TMEM50A"
0,0.638835202066428,0.443,0.372,0,"2","STK10"
0,0.614519411772643,0.612,0.541,0,"2","BZW1"
0,0.727733943030649,0.349,0.278,0,"2","SLA"
0,0.527533268670107,0.938,0.867,0,"2","MYL6"
0,0.713494476654186,0.97,0.899,0,"2","PFN1"
0,0.5298809219425,0.541,0.471,0,"2","MAP1LC3B"
0,0.655654665469588,0.362,0.292,0,"2","PPP1R18"
0,0.681266535656664,0.323,0.254,0,"2","ZNF276"
0,0.692811233721075,0.434,0.365,0,"2","RPS19BP1"
0,0.659587453183041,0.409,0.34,0,"2","UHMK1"
0,0.610773084399112,0.342,0.274,0,"2","CBLB"
0,0.746661607912543,0.299,0.231,0,"2","NCOA1"
0,0.47106603718255,0.638,0.571,0,"2","IL2RG"
0,0.356300817601724,0.527,0.461,0,"2","RNF19A"
0,0.622043527191956,0.411,0.345,0,"2","SIGIRR"
0,0.533368586609843,0.309,0.243,0,"2","SLFN12L"
0,0.566172083547174,0.621,0.555,0,"2","ARF6"
0,0.470613364352822,0.552,0.487,0,"2","SORL1"
0,0.766921224145279,0.275,0.21,0,"2","GLIPR2"
0,0.720270139695596,0.359,0.294,0,"2","ADD1"
0,0.814351499719386,0.311,0.246,0,"2","EIF4EBP2"
0,0.635673765244707,0.406,0.341,0,"2","ZBTB1"
0,0.655088194446935,0.341,0.277,0,"2","TROVE2"
0,0.493689664999057,0.477,0.413,0,"2","FMNL1"
0,0.585246996598822,0.407,0.343,0,"2","NFATC3"
0,0.347474647260339,0.893,0.83,0,"2","ACTG1"
0,0.696905192428983,0.323,0.26,0,"2","LPP"
0,0.738599539936962,0.359,0.296,0,"2","DCTN3"
0,0.770842452811346,0.305,0.242,0,"2","EMC7"
0,0.413357421317051,0.624,0.561,0,"2","UTRN"
0,0.692834531770273,0.342,0.28,0,"2","RNPEPL1"
0,0.670227751581677,0.336,0.274,0,"2","CSNK1D"
0,0.830719174183699,0.281,0.22,0,"2","ITGB1BP1"
0,0.768362006964347,0.265,0.204,0,"2","TRAPPC2"
0,0.869438977136887,0.253,0.192,0,"2","MFSD10"
0,0.584722375594605,0.464,0.404,0,"2","ARPC4"
0,0.509955719018916,0.845,0.785,0,"2","TPM3"
0,0.452216866918385,0.773,0.714,0,"2","ELOB"
0,0.674951117828515,0.507,0.448,0,"2","DNAJC8"
0,0.725408941289198,0.335,0.277,0,"2","RNF115"
0,0.438073707607423,0.349,0.291,0,"2","ARAP2"
0,0.490041690482267,0.407,0.349,0,"2","CARD16"
0,0.263108291078721,0.802,0.745,0,"2","EMP3"
0,0.566074880221867,0.421,0.365,0,"2","TMCO1"
0,0.528068431672602,0.485,0.429,0,"2","AC044849.1"
0,0.641853170857526,0.428,0.372,0,"2","RAB2A"
0,0.621342074293896,0.432,0.376,0,"2","BAX"
0,0.509154485702919,0.582,0.526,0,"2","TLE4"
0,0.582672874499005,0.532,0.477,0,"2","CNOT6L"
0,0.502615857222643,0.652,0.597,0,"2","COX8A"
0,0.509674071461852,0.526,0.471,0,"2","PDIA3"
0,0.628899685851292,0.376,0.321,0,"2","MAP2K2"
0,0.541633914566521,0.573,0.518,0,"2","CDC42SE1"
0,0.298790042029222,0.583,0.528,0,"2","NR4A2"
0,0.474289564855284,0.721,0.666,0,"2","RAC2"
0,0.62821083618707,0.285,0.231,0,"2","INPP4A"
0,0.593427866371822,0.958,0.904,0,"2","CFL1"
0,0.461071277312092,0.663,0.61,0,"2","RHOA"
0,0.559055829564928,0.462,0.409,0,"2","MLLT6"
0,0.595871488953805,0.394,0.341,0,"2","SH3GLB1"
0,0.560016064767085,0.379,0.326,0,"2","RABGAP1L"
0,0.814407921081347,0.252,0.199,0,"2","TMEM9B"
0,0.539169185162681,0.478,0.425,0,"2","PPP1CA"
0,0.587592627927193,0.432,0.379,0,"2","CDKN2D"
0,0.617978965943609,0.3,0.247,0,"2","RASAL3"
0,0.392503884588349,0.614,0.561,0,"2","IRF1"
0,0.47191775984955,0.565,0.512,0,"2","CD164"
0,0.678033553202912,0.277,0.225,0,"2","CTDSP1"
0,0.589662376232172,0.44,0.388,0,"2","TES"
0,0.555988207479973,0.328,0.277,0,"2","ATP1B3"
0,0.537512967974838,0.595,0.544,0,"2","COPS9"
0,0.584108746398487,0.398,0.349,0,"2","TMEM160"
0,0.573992374627609,0.483,0.434,0,"2","BRK1"
0,0.470226701003305,0.843,0.794,0,"2","CHCHD2"
0,0.430255821621575,0.974,0.925,0,"2","MYL12A"
0,0.591906231054447,0.536,0.488,0,"2","TAF7"
0,0.561696375051527,0.556,0.508,0,"2","KLF13"
0,0.556823186417822,0.531,0.483,0,"2","YPEL3"
0,0.59174180701131,0.438,0.39,0,"2","LSM3"
0,0.264101747995351,0.689,0.641,0,"2","CD2"
0,0.541821148303231,0.464,0.417,0,"2","CYFIP2"
0,0.392981091085873,0.687,0.641,0,"2","ACTR2"
0,0.546223626321702,0.67,0.624,0,"2","DDX6"
0,0.294448330325749,0.859,0.813,0,"2","ARPC3"
0,0.576897781036867,0.494,0.448,0,"2","SELENOW"
0,0.536396255632234,0.825,0.779,0,"2","CELF2"
0,0.455258553196818,0.885,0.84,0,"2","YWHAZ"
0,0.564083406595802,0.35,0.305,0,"2","ARIH2"
0,0.578283864412751,0.423,0.378,0,"2","SF3B2"
0,0.406006224035552,0.674,0.63,0,"2","CD53"
0,0.559627686263223,0.467,0.423,0,"2","TRAPPC1"
0,0.54633099387386,0.363,0.32,0,"2","ADAM10"
0,0.542976427167835,0.482,0.439,0,"2","NDUFB10"
0,0.355805685966146,0.615,0.573,0,"2","ARPC5"
0,0.460979803069174,0.621,0.579,0,"2","DEK"
0,0.543891329156117,0.469,0.427,0,"2","WDR83OS"
0,0.496462923701787,0.402,0.361,0,"2","YWHAQ"
0,0.523203573379578,0.493,0.452,0,"2","CCDC85B"
0,0.475582927031381,0.705,0.664,0,"2","ARL6IP5"
0,0.429893301618919,0.557,0.517,0,"2","MGAT4A"
0,0.475276164797131,0.416,0.376,0,"2","CCSER2"
0,0.492198441958583,0.48,0.44,0,"2","SEC11A"
0,0.402716106868265,0.757,0.718,0,"2","PTP4A2"
0,0.343058796169243,0.574,0.535,0,"2","PCSK7"
0,0.460618631786462,0.51,0.472,0,"2","SPCS2"
0,0.676636348062799,0.988,0.95,0,"2","CALM1"
0,0.393581046364268,0.587,0.549,0,"2","WIPF1"
0,0.281191654332692,0.753,0.716,0,"2","AAK1"
0,0.314460899067118,0.963,0.926,0,"2","UBC"
0,0.424057473764206,0.931,0.895,0,"2","SRP14"
0,0.549829879296598,0.368,0.332,0,"2","CCDC12"
0,0.294405000434827,0.952,0.916,0,"2","XIST"
0,0.466964364558916,0.538,0.503,0,"2","C9orf16"
0,0.378160091858986,0.511,0.476,0,"2","PRKCB"
0,0.466848213886618,0.589,0.554,0,"2","PARK7"
0,0.383230535430391,0.717,0.682,0,"2","JAK1"
0,0.517260838829963,0.61,0.576,0,"2","CCND3"
0,0.337047668129332,0.639,0.605,0,"2","SEC61G"
0,0.538993487190785,0.443,0.409,0,"2","NDUFC2"
0,0.349855163507397,0.774,0.74,0,"2","UBL5"
0,0.473574129848288,0.606,0.573,0,"2","HP1BP3"
0,0.338191188362011,0.641,0.608,0,"2","ISG20"
0,0.495633615290691,0.476,0.443,0,"2","MED10"
0,0.429282211887075,0.587,0.554,0,"2","SH3BGRL"
0,0.451539985782198,0.573,0.54,0,"2","SRSF9"
0,0.406679120037691,0.671,0.639,0,"2","ATP6V0E1"
0,0.309888624552564,0.544,0.513,0,"2","PSMB9"
0,0.456019363331374,0.6,0.569,0,"2","POLR2L"
0,0.440118483965971,0.979,0.948,0,"2","SERF2"
0,0.487384114080086,0.924,0.893,0,"2","RBM39"
0,0.386539350429741,0.594,0.563,0,"2","MYH9"
0,0.452320322039013,0.593,0.562,0,"2","CD47"
0,0.464100326548165,0.754,0.724,0,"2","RSRP1"
0,0.391893258534488,0.643,0.613,0,"2","GNAI2"
0,0.44643281558809,0.62,0.59,0,"2","CYTH1"
0,0.37181101290061,0.933,0.904,0,"2","TSC22D3"
0,0.462355482387292,0.432,0.403,0,"2","UBE2L3"
0,0.375953277765356,0.569,0.54,0,"2","IDS"
0,0.468858425264793,0.562,0.534,0,"2","TMEM59"
0,0.44838362384767,0.527,0.499,0,"2","SNRPB"
0,0.404993517189577,0.478,0.45,0,"2","GNG5"
0,0.434950822668171,0.566,0.539,0,"2","CIB1"
0,0.389657946976678,0.962,0.936,0,"2","TMA7"
0,0.331417972237274,0.977,0.952,0,"2","H3F3A"
0,0.456543676297676,0.622,0.598,0,"2","EIF3G"
0,0.358922273086219,0.726,0.703,0,"2","PSME1"
0,0.251811754707949,0.768,0.745,0,"2","IL32"
0,0.393172385262494,0.527,0.506,0,"2","TAX1BP1"
0,0.345435175978516,0.608,0.59,0,"2","TAPBP"
0,0.453206045430838,0.5,0.482,0,"2","PRR13"
0,0.273109288906914,0.995,0.978,0,"2","ACTB"
0,0.475649482578709,0.994,0.978,0,"2","HLA-E"
0,0.340216089802273,0.969,0.953,0,"2","HMGB1"
0,0.336867207846302,0.743,0.727,0,"2","UQCR11"
0,0.282787226779245,0.734,0.719,0,"2","SSR4"
0,0.302735003576265,0.8,0.785,0,"2","SUMO2"
0,0.264585002003854,0.672,0.658,0,"2","EVL"
0,0.628944567313866,1,0.987,0,"2","HLA-C"
0,0.308149081849911,0.729,0.716,0,"2","COX7A2"
0,0.327643715298306,0.638,0.626,0,"2","ATP5IF1"
0,0.361418758371467,0.549,0.537,0,"2","NDUFB8"
0,0.382128744094747,0.563,0.551,0,"2","ATP5PF"
0,0.424160062428764,0.504,0.493,0,"2","RBM8A"
0,0.344480985114595,0.851,0.842,0,"2","CDC42"
0,0.438177333675124,0.552,0.543,0,"2","JTB"
0,0.32266378532694,0.743,0.751,0,"2","NCL"
0,0.296446533506243,0.6,0.592,0,"2","EMB"
0,0.685171880047969,1,0.993,0,"2","HLA-A"
0,0.333519385701219,0.663,0.656,0,"2","SAP18"
0,0.338135729931737,0.7,0.694,0,"2","ATP5ME"
0,0.311256231370742,0.649,0.655,0,"2","NDUFA1"
0,0.371296259803132,0.58,0.585,0,"2","PAIP2"
0,0.253133168588294,0.845,0.84,0,"2","ARHGDIB"
0,0.368375130141978,0.616,0.614,0,"2","SYF2"
0,0.441066629301016,1,0.998,0,"2","HLA-B"
0,0.319396505978886,0.58,0.582,0,"2","LAMTOR4"
0,0.418755168808032,1,0.999,0,"2","TMSB4X"
0,0.340410868771955,0.578,0.579,0,"2","TMEM258"
0,0.258071508606056,0.75,0.751,0,"2","YWHAB"
0,0.278190319510576,0.843,0.843,0,"2","CXCR4"
0,0.28494747580983,0.667,0.667,0,"2","TMBIM6"
0,0.618384674900068,1,1,0,"2","B2M"
2.22044604925031e-16,0.621333119768387,0.266,0.212,4.44355663375973e-12,"2","PXN"
2.22044604925031e-16,0.474804769414927,0.405,0.37,4.44355663375973e-12,"2","BST2"
2.22044604925031e-16,0.41604134006586,0.481,0.455,4.44355663375973e-12,"2","TTC14"
2.22044604925031e-16,0.375658069513796,0.538,0.528,4.44355663375973e-12,"2","SELENOK"
2.22044604925031e-16,0.315817415513702,0.591,0.591,4.44355663375973e-12,"2","COX6A1"
4.44089209850063e-16,0.320092168669105,0.522,0.499,8.88711326751945e-12,"2","MTPN"
4.44089209850063e-16,0.358473006579321,0.533,0.527,8.88711326751945e-12,"2","HCLS1"
6.66133814775094e-16,0.576549437004795,0.328,0.284,1.33306699012792e-11,"2","BCL9L"
6.66133814775094e-16,0.285593979781436,0.656,0.672,1.33306699012792e-11,"2","TRIR"
8.88178419700125e-16,0.536494974272303,0.366,0.336,1.77742265350389e-11,"2","STUB1"
8.88178419700125e-16,0.402223053388821,0.506,0.516,1.77742265350389e-11,"2","NDUFA11"
1.33226762955019e-15,0.608402484227044,0.328,0.285,2.66613398025584e-11,"2","C1orf56"
1.33226762955019e-15,0.343696323037391,0.493,0.471,2.66613398025584e-11,"2","LNPEP"
1.33226762955019e-15,0.327206870139153,0.635,0.642,2.66613398025584e-11,"2","FAM133B"
1.55431223447522e-15,0.32661926850843,0.522,0.506,3.11048964363181e-11,"2","KANSL1"
1.77635683940025e-15,0.684774634847148,0.268,0.223,3.55484530700778e-11,"2","ZNF428"
2.22044604925031e-15,0.575281377935133,0.345,0.313,4.44355663375973e-11,"2","BUD31"
2.44249065417534e-15,0.278646240045377,0.625,0.633,4.8879122971357e-11,"2","VAMP2"
2.66453525910038e-15,0.473963553020055,0.442,0.434,5.33226796051167e-11,"2","SCAND1"
3.10862446895044e-15,0.51959499518596,0.355,0.317,6.22097928726362e-11,"2","REEP5"
3.10862446895044e-15,0.301330426230592,0.587,0.59,6.22097928726362e-11,"2","ARL6IP4"
3.99680288865056e-15,0.367703261931886,0.503,0.49,7.99840194076751e-11,"2","SPCS3"
4.88498130835069e-15,0.27803180501339,0.606,0.619,9.7758245942714e-11,"2","NDUFA13"
6.66133814775094e-15,0.664846151993356,0.272,0.226,1.33306699012792e-10,"2","MAPRE2"
8.65973959207622e-15,0.53964614253541,0.344,0.305,1.73298708716629e-10,"2","TACC1"
8.65973959207622e-15,0.329983466090542,0.576,0.58,1.73298708716629e-10,"2","CYTIP"
9.32587340685131e-15,0.642173969217671,0.303,0.263,1.86629378617909e-10,"2","ZMAT2"
1.3988810110277e-14,0.466864785181458,0.375,0.334,2.79944067926863e-10,"2","IL10RA"
1.48769885299771e-14,0.577343958110742,0.305,0.262,2.97718294461902e-10,"2","VASP"
1.88737914186277e-14,0.391640766459518,0.459,0.443,3.77702313869577e-10,"2","BRD7"
1.93178806284777e-14,0.458409280274147,0.367,0.328,3.86589427137096e-10,"2","RBM38"
1.93178806284777e-14,0.371538794844797,0.511,0.511,3.86589427137096e-10,"2","PET100"
2.06501482580279e-14,0.66271893908701,0.273,0.23,4.13250766939655e-10,"2","SDF4"
2.44249065417534e-14,0.599898136367867,0.329,0.298,4.8879122971357e-10,"2","SSNA1"
3.59712259978551e-14,0.589054594538753,0.3,0.257,7.19856174669076e-10,"2","KMT2E-AS1"
4.44089209850063e-14,0.538463208917042,0.372,0.353,8.88711326751945e-10,"2","POLR2J"
4.50750547997814e-14,0.350885918954912,0.523,0.529,9.02041996653224e-10,"2","SF3B5"
4.9515946898282e-14,0.382471597084312,0.465,0.442,9.90913129328419e-10,"2","PPP1R12A"
5.08482145278322e-14,0.435711426750333,0.417,0.406,1.01757446913098e-09,"2","NDUFS6"
5.46229728115577e-14,0.635644507212748,0.264,0.22,1.09311493190489e-09,"2","FAM172A"
6.83897383169096e-14,0.372596604399112,0.498,0.5,1.368615443198e-09,"2","SF3B6"
8.99280649946377e-14,0.638270803495976,0.308,0.277,1.79964043667269e-09,"2","AP2M1"
9.25926002537381e-14,0.526052355561331,0.332,0.294,1.85296311627781e-09,"2","RASA3"
9.63673585374636e-14,0.587147858795249,0.268,0.221,1.92850357905172e-09,"2","VPS37B"
1.00364161426114e-13,0.251355490439706,0.627,0.63,2.0084875984594e-09,"2","ATP5MD"
1.0502709812954e-13,0.355732036242134,0.495,0.483,2.10180228776835e-09,"2","TERF2IP"
1.13020703906841e-13,0.398049380621692,0.494,0.474,2.2617703265837e-09,"2","HSPA5"
1.53432822003197e-13,0.258452499261774,0.631,0.64,3.07049763392797e-09,"2","HSP90B1"
1.54321000422897e-13,0.376360694610845,0.494,0.497,3.08827186046301e-09,"2","DAD1"
1.61426427780498e-13,0.292254037675089,0.497,0.477,3.23046567274332e-09,"2","TAOK3"
1.69420033557799e-13,0.281800372097409,0.613,0.624,3.39043371155867e-09,"2","EPC1"
1.85407245112401e-13,0.485499557743857,0.393,0.367,3.71036978918937e-09,"2","DYNC1H1"
1.85629289717326e-13,0.394462248811654,0.458,0.435,3.71481334582313e-09,"2","CDK13"
2.08277839419679e-13,0.317487440643378,0.543,0.554,4.16805612246662e-09,"2","NEDD8"
2.08943973234454e-13,0.469432948665534,0.386,0.359,4.1813867923679e-09,"2","NASP"
2.38919994899334e-13,0.56801289892057,0.336,0.306,4.78126693792547e-09,"2","ANAPC11"
2.38919994899334e-13,0.311729324777145,0.538,0.542,4.78126693792547e-09,"2","ATP5MF"
2.5157653738006e-13,0.514934608132733,0.383,0.359,5.03454966604977e-09,"2","RBBP4"
2.8554936193359e-13,0.452250538615491,0.38,0.359,5.71441383101501e-09,"2","ATP6V1F"
2.94653190735517e-13,0.32337081207237,0.558,0.556,5.89659965299916e-09,"2","CREBRF"
3.79030140607028e-13,0.262248967833275,0.562,0.542,7.58515117382785e-09,"2","PIK3R1"
4.12558875950708e-13,0.583390389124589,0.309,0.274,8.25612822552557e-09,"2","CCDC69"
4.14779321999958e-13,0.272678686389635,0.609,0.619,8.30056379186317e-09,"2","UQCR10"
4.38760139331862e-13,0.595408293967001,0.285,0.248,8.78046790830922e-09,"2","TMED9"
5.22915044598449e-13,0.675677427170044,0.271,0.23,1.04645758725042e-08,"2","TERF1"
7.50954853856456e-13,0.277938491863605,0.58,0.588,1.50281085353754e-08,"2","ATP5F1D"
1.5709655798446e-12,0.426847454436339,0.427,0.408,3.14381631838501e-08,"2","DNAJB14"
1.95532479096983e-12,0.499458513048614,0.374,0.356,3.91299597168882e-08,"2","NAA38"
2.08877359852977e-12,0.61763501131951,0.281,0.245,4.18005372537777e-08,"2","RAB5C"
2.17603712826531e-12,0.548888131589465,0.294,0.255,4.35468550108453e-08,"2","SYTL1"
2.20135021322676e-12,0.356584732838619,0.528,0.535,4.40534204670939e-08,"2","TCEA1"
2.71915823191193e-12,0.318107089794915,0.482,0.473,5.44157945370216e-08,"2","ARF1"
2.81419332281985e-12,0.40728052025039,0.434,0.429,5.63176367762708e-08,"2","NDUFA12"
2.82063261636267e-12,0.461321274250256,0.407,0.402,5.64464999186498e-08,"2","RNF7"
3.07065484150826e-12,0.6043913491769,0.263,0.225,6.14499446882633e-08,"2","DDOST"
3.44813066988081e-12,0.489078515270781,0.35,0.323,6.90039909656548e-08,"2","SQSTM1"
3.71480624039577e-12,0.331621637712275,0.503,0.504,7.43407024828002e-08,"2","ATP5MC3"
3.77897713121911e-12,0.504755301502482,0.335,0.307,7.56248903499568e-08,"2","BCAP31"
3.77919917582403e-12,0.619324986996101,0.259,0.218,7.56293339065905e-08,"2","PPP2R5A"
4.10604883427368e-12,0.333794016858185,0.499,0.507,8.21702492714849e-08,"2","NDUFA3"
4.23083790224155e-12,0.624863084140577,0.262,0.224,8.46675280996578e-08,"2","SDF2L1"
5.37947464351873e-12,0.410744061861102,0.441,0.428,1.07654046566097e-07,"2","SH3KBP1"
9.36539734652797e-12,0.261142854901187,0.525,0.522,1.87420331698718e-07,"2","OGA"
1.06163966506756e-11,0.332526180875343,0.529,0.543,2.1245532977332e-07,"2","HNRNPM"
1.09356967925578e-11,0.35950536593541,0.457,0.462,2.18845164212667e-07,"2","SUMO1"
1.27404753413884e-11,0.448311210883101,0.378,0.368,2.54962392531866e-07,"2","AURKAIP1"
1.41444633783294e-11,0.566661928903478,0.29,0.259,2.83059001127128e-07,"2","PGAM1"
1.62971858230776e-11,0.495675469296268,0.38,0.366,3.26139282691429e-07,"2","CWC15"
1.94926297325537e-11,0.571906963737129,0.293,0.262,3.90086506207865e-07,"2","RAB8A"
2.02831085260868e-11,0.29289393590442,0.513,0.515,4.0590556782405e-07,"2","RPS27L"
2.26363372490823e-11,0.392031598688252,0.45,0.441,4.52998381028635e-07,"2","RWDD1"
2.41799913425211e-11,0.430960648633932,0.393,0.373,4.83889986746533e-07,"2","SMARCA2"
2.45914399954472e-11,0.353768520147492,0.404,0.378,4.9212389718889e-07,"2","HELZ"
2.83200130013483e-11,0.331014343674534,0.501,0.503,5.66740100182983e-07,"2","H2AFV"
2.98965296963161e-11,0.49898036412231,0.348,0.326,5.98289352282677e-07,"2","VPS4B"
3.23967519477719e-11,0.537175938146891,0.301,0.274,6.48323799978812e-07,"2","LRPAP1"
3.30899752043479e-11,0.401280190804199,0.409,0.393,6.62196583789409e-07,"2","MECP2"
3.71449537794888e-11,0.439811226461659,0.471,0.474,7.4334481503513e-07,"2","HNRNPUL1"
4.31494839858715e-11,0.59746032922406,0.25,0.213,8.6350747352526e-07,"2","SPPL2A"
5.1544768453482e-11,0.309814909937248,0.534,0.536,1.03151390629108e-06,"2","EID1"
6.02300431751246e-11,0.411034869963864,0.291,0.248,1.20532362402059e-06,"2","PARP15"
7.0689898379328e-11,0.538168686859733,0.339,0.314,1.41464624636711e-06,"2","CASP4"
8.35804758736458e-11,0.459283162907438,0.325,0.29,1.6726124831834e-06,"2","CCDC186"
8.78821460048584e-11,0.502958433177155,0.318,0.29,1.75869750584923e-06,"2","LAMP1"
8.90263418540371e-11,0.549086784310432,0.3,0.269,1.78159515318299e-06,"2","GATAD2A"
9.71762670332055e-11,0.37439373411855,0.437,0.421,1.94469145586851e-06,"2","FKBP5"
1.12909903648983e-10,0.488641461678564,0.332,0.316,2.25955299182345e-06,"2","PSMB6"
1.17377885189285e-10,0.341643840849772,0.485,0.485,2.34896623840797e-06,"2","TGOLN2"
1.26243682174731e-10,0.472069404142496,0.342,0.323,2.52638856768073e-06,"2","TMED2"
1.3003886856211e-10,0.343349672312115,0.487,0.492,2.60233783766495e-06,"2","YY1"
1.32894584226051e-10,0.348940646246267,0.42,0.405,2.65948641953173e-06,"2","ARHGDIA"
1.46866296901749e-10,0.531528281594278,0.285,0.253,2.93908833359779e-06,"2","MAN1A2"
1.47465595290441e-10,0.54012004540827,0.279,0.246,2.95108149295231e-06,"2","CTBP1"
1.48856038606482e-10,0.661792343370935,0.261,0.232,2.97890704459292e-06,"2","BAG1"
1.66410440982645e-10,0.504815559605872,0.3,0.271,3.33020574494469e-06,"2","TBCB"
1.68558722535295e-10,0.340351761134297,0.487,0.497,3.37319715537632e-06,"2","XRCC5"
1.72161618294808e-10,0.500462709849993,0.324,0.299,3.4452983053157e-06,"2","ARPP19"
2.05925942964313e-10,0.439298652732186,0.353,0.337,4.12098997060184e-06,"2","PSMD8"
2.37678543513198e-10,0.524189354293075,0.263,0.225,4.75642301278612e-06,"2","PLEKHA1"
2.46147102700434e-10,0.627859652396236,0.251,0.22,4.92589581924108e-06,"2","BCL7C"
2.59912313893551e-10,0.458774946492031,0.325,0.296,5.20136522563774e-06,"2","CAPN2"
2.73261413497039e-10,0.369317711075838,0.451,0.446,5.46850740690275e-06,"2","SLTM"
3.24836602061396e-10,0.570800700060395,0.28,0.25,6.50063008045265e-06,"2","KLF12"
3.34639205235021e-10,0.554520403610162,0.287,0.259,6.69679977516324e-06,"2","COQ10B"
3.55609541813351e-10,0.542109865081075,0.261,0.228,7.11645815076878e-06,"2","MYO9B"
4.45373959934159e-10,0.306276055243762,0.502,0.505,8.91282368620239e-06,"2","LDHA"
4.4663051035343e-10,0.298541353190715,0.514,0.532,8.93796977319283e-06,"2","PSMB1"
4.82255568812207e-10,0.566722485774636,0.281,0.252,9.65089844306988e-06,"2","SUPT4H1"
5.41418687660666e-10,0.581486053915092,0.268,0.238,1.08348707774653e-05,"2","DR1"
6.36070307535874e-10,0.393541121270462,0.401,0.389,1.27290389944079e-05,"2","ARHGAP30"
9.31146493243773e-10,0.427516976766925,0.376,0.361,1.86341036227944e-05,"2","FOXN3"
9.39131439281482e-10,0.586554641786682,0.27,0.245,1.8793898362901e-05,"2","SNF8"
1.08061470882603e-09,0.479880282557378,0.333,0.306,2.16252615530266e-05,"2","KAT6B"
1.29506649848565e-09,0.567720165164768,0.287,0.264,2.59168707676949e-05,"2","NCBP2-AS2"
1.41949074716763e-09,0.473461277339263,0.329,0.305,2.84068488323186e-05,"2","EPS15"
1.5441989908993e-09,0.389545796318744,0.399,0.388,3.09025102058769e-05,"2","ERBIN"
1.65565472443063e-09,0.49506640377508,0.288,0.26,3.31329623453058e-05,"2","PKN1"
2.05131911457102e-09,0.322205659007985,0.42,0.409,4.10509981207952e-05,"2","TBC1D10C"
2.2289978751644e-09,0.449626805355644,0.325,0.298,4.46067054777899e-05,"2","SH3BP5"
2.58016141785333e-09,0.344629048816229,0.412,0.403,5.16341902940809e-05,"2","ARL6IP1"
3.79164988295599e-09,0.379407579324225,0.273,0.234,7.58784974577154e-05,"2","GBP5"
4.31360813735182e-09,0.431566994691164,0.317,0.296,8.63239260446846e-05,"2","AP2S1"
4.60005078473102e-09,0.30651580251614,0.495,0.497,9.20562163040373e-05,"2","ROCK1"
4.73627914665542e-09,0.428991214958906,0.356,0.341,9.47824182828683e-05,"2","ELF2"
6.84264578332261e-09,0.412378473809262,0.37,0.359,0.000136935027415852,"2","SRP19"
7.00732893932354e-09,0.518796118946032,0.274,0.25,0.000140230666733743,"2","MYDGF"
7.79175124421272e-09,0.323343571585545,0.418,0.414,0.000155928525899185,"2","PABPN1"
7.90856358179326e-09,0.550343680900623,0.266,0.243,0.000158266174398847,"2","PIN1"
7.9610218417514e-09,0.376283286720519,0.389,0.379,0.000159315969097129,"2","RBM33"
8.47260284153606e-09,0.465413621824202,0.289,0.258,0.00016955372806482,"2","SELENOS"
1.35290048053349e-08,0.450835085155243,0.295,0.27,0.000270742444164362,"2","WDR1"
1.38266089688699e-08,0.442158869328112,0.358,0.357,0.000276698098685024,"2","UQCRFS1"
1.61585587132862e-08,0.376107971593243,0.411,0.416,0.000323365076970283,"2","DYNLRB1"
1.82205950327585e-08,0.350204103003531,0.419,0.409,0.000364630547795564,"2","RAC1"
2.23501774865298e-08,0.392736558117048,0.449,0.461,0.000447271751860434,"2","UFC1"
2.26437701922322e-08,0.289424873584263,0.475,0.478,0.00045314712908695,"2","PPP1R10"
2.28266467949823e-08,0.501979469212934,0.338,0.314,0.000456806855661185,"2","MT1X"
2.54042609171279e-08,0.512493054736149,0.3,0.279,0.000508390069473563,"2","MUC20-OT1"
2.59166155203161e-08,0.491019095201806,0.295,0.274,0.000518643309792566,"2","AP2B1"
2.86088461809442e-08,0.38501878854799,0.413,0.42,0.000572520229773055,"2","FIS1"
3.03534037904285e-08,0.371491527172918,0.37,0.363,0.000607432316654055,"2","MRPL41"
3.63244181400546e-08,0.259841273622081,0.426,0.413,0.000726924255818773,"2","CASP8"
3.91991270554115e-08,0.414852433301913,0.322,0.303,0.000784452930632895,"2","P4HB"
4.41596581524095e-08,0.487029161511365,0.298,0.279,0.000883723078946019,"2","MEAF6"
5.22078362763523e-08,0.509991561207338,0.296,0.282,0.00104478321956236,"2","MPC2"
5.29134467353032e-08,0.482944252227619,0.316,0.298,0.00105890389606689,"2","PDIA6"
5.56414057051313e-08,0.479234101549189,0.291,0.269,0.00111349581097109,"2","NECAP1"
8.5610007749537e-08,0.401568429041469,0.277,0.249,0.00171322747508373,"2","ATXN1"
8.93227558584897e-08,0.416614265799796,0.303,0.28,0.0017875269902401,"2","LCOR"
9.31795072212083e-08,0.539312080993059,0.267,0.24,0.00186470829851082,"2","HIST1H1D"
1.02510712141068e-07,0.429075925427426,0.36,0.349,0.00205144437136706,"2","ATG12"
1.07283441685979e-07,0.503806214836254,0.284,0.264,0.00214695623501981,"2","USP33"
1.14548806662285e-07,0.457888415772954,0.288,0.266,0.00229235071892564,"2","SRPK2"
1.26834588609626e-07,0.417056958696562,0.317,0.299,0.00253821378725583,"2","SSH2"
1.34084023661885e-07,0.284524317180364,0.444,0.44,0.00268328948152163,"2","UCP2"
1.37182371906519e-07,0.354953742030179,0.436,0.446,0.00274529362659326,"2","UQCRQ"
1.40103626922183e-07,0.445955493631833,0.328,0.316,0.00280375378196673,"2","FRG1"
1.48056488846748e-07,0.472680596145557,0.286,0.267,0.00296290645480113,"2","CCNDBP1"
1.51383705571106e-07,0.42281650006326,0.36,0.35,0.00302949071588898,"2","PRKAR1A"
1.53677850445177e-07,0.251649306130075,0.53,0.551,0.00307540114310889,"2","VPS13C"
1.59214912809347e-07,0.392087546172918,0.273,0.244,0.00318620883514065,"2","BTN3A1"
1.6176815020863e-07,0.521216041304047,0.278,0.259,0.0032373042219751,"2","RBBP7"
2.33094739954254e-07,0.363790992262141,0.381,0.38,0.00466469193596453,"2","CHMP4A"
2.87485290906275e-07,0.492097424260007,0.278,0.26,0.00575315564161638,"2","CLTA"
3.40759949590819e-07,0.567148190305744,0.253,0.234,0.00681928811121146,"2","POLR2G"
3.86154127118843e-07,0.382574827546053,0.325,0.312,0.00772771639190228,"2","SEC11C"
4.23686300043968e-07,0.287606337682992,0.459,0.465,0.00847881023647989,"2","DDX46"
4.67781769541986e-07,0.314390504968186,0.268,0.235,0.00936124877207423,"2","MAP3K8"
4.98608983878768e-07,0.294473059256399,0.447,0.458,0.0099781629853819,"2","HNRNPR"
5.03876173896245e-07,0.456252292956111,0.316,0.304,0.0100835699920117,"2","KPNA4"
5.89839532549874e-07,0.514921800686723,0.267,0.247,0.0118038687253881,"2","RC3H1"
6.21064452310804e-07,0.519636292919581,0.269,0.253,0.0124287418196438,"2","RALY"
6.52546029655809e-07,0.266922875831292,0.457,0.458,0.0130587511454721,"2","CAP1"
7.10089960831439e-07,0.465673516317688,0.303,0.287,0.0142103202961588,"2","ZNF800"
7.33358493931746e-07,0.515689498633582,0.279,0.262,0.0146759701805621,"2","SUPT16H"
7.69856538740399e-07,0.355626497072616,0.312,0.294,0.0154063690532729,"2","OPTN"
9.51276479810303e-07,0.256169238309598,0.486,0.501,0.0190369449139638,"2","BRD2"
9.78643813542845e-07,0.364254787615286,0.394,0.407,0.0195846199966194,"2","SNRPD1"
1.11939872704525e-06,0.288887768423793,0.372,0.357,0.0224014073256296,"2","CD96"
1.14628362091196e-06,0.398579906248913,0.358,0.359,0.0229394278216901,"2","POLR2K"
1.24306457660595e-06,0.416660954726994,0.319,0.315,0.0248762083070382,"2","NDUFA6"
1.45156211006636e-06,0.487975468714331,0.257,0.236,0.029048660946648,"2","NT5C"
1.73719340934575e-06,0.485395800953095,0.277,0.264,0.0347647145078271,"2","RCN2"
1.8038316871305e-06,0.440102740461728,0.259,0.236,0.0360982797228555,"2","ARHGAP25"
1.83018788857403e-06,0.484474036838005,0.266,0.249,0.0366257200261435,"2","TMEM165"
2.07152810127731e-06,0.379883221705004,0.369,0.364,0.0414554203627615,"2","KDM5A"
3.03534869017241e-06,0.36216817236991,0.333,0.323,0.0607433979877303,"2","DDHD1"
3.34108023158919e-06,0.378156117781014,0.32,0.313,0.0668616975945628,"2","RASSF5"
3.85308353911817e-06,0.429062379560368,0.331,0.334,0.0771079077848329,"2","GTF2A2"
4.24823656453022e-06,0.291992192961981,0.399,0.397,0.0850157101293787,"2","IDI1"
4.27927895474411e-06,0.366097319151418,0.308,0.293,0.0856369304423392,"2","ARHGEF3"
4.52162028596881e-06,0.440150706667725,0.316,0.31,0.0904866651628078,"2","HNRNPAB"
4.53598828475954e-06,0.530731065625879,0.252,0.24,0.0907741975546079,"2","UBE2M"
4.7818784600917e-06,0.434522172585471,0.305,0.301,0.0956949517433552,"2","TXNL4A"
4.84453508731164e-06,0.379727026698626,0.333,0.321,0.0969488361672806,"2","MT-ATP8"
5.54359263271742e-06,0.419815609707275,0.326,0.318,0.110938375765941,"2","RFC1"
5.58741667178175e-06,0.300714343350253,0.295,0.269,0.111815382435696,"2","LYST"
5.6626034308227e-06,0.339071994524834,0.392,0.392,0.113320019857624,"2","TMF1"
5.83490717276369e-06,0.458726817173095,0.291,0.282,0.116768162341347,"2","ISCA1"
6.1283688344016e-06,0.388860693430171,0.344,0.343,0.122640917114045,"2","ZNHIT1"
6.28326425444747e-06,0.362404180249078,0.254,0.232,0.125740684260003,"2","SLC20A1"
6.67442880231128e-06,0.51997463105685,0.273,0.261,0.133568669191853,"2","LLPH"
7.58900481323543e-06,0.439238941509316,0.265,0.251,0.151871164322468,"2","COPS6"
7.77918114058807e-06,0.320221332442709,0.372,0.372,0.155676972985448,"2","HNRNPL"
7.87028350401897e-06,0.263571479829394,0.445,0.457,0.157500113482428,"2","EIF4A1"
8.13567115542924e-06,0.421171568674843,0.252,0.233,0.16281105116245,"2","PPP6R1"
8.3211177954734e-06,0.273008564107579,0.428,0.441,0.166522209323014,"2","WNK1"
8.7366573229275e-06,0.380319701075846,0.3,0.286,0.174837986346425,"2","SFT2D2"
8.93291855885714e-06,0.362368812712775,0.331,0.327,0.178765566199849,"2","PSMA5"
9.54992090163032e-06,0.517126019343925,0.259,0.246,0.191113017083426,"2","SMAP1"
1.11365097659188e-05,0.37705193171621,0.289,0.271,0.222863833435568,"2","DGKD"
1.16788430157833e-05,0.509422017395983,0.254,0.24,0.233717006431855,"2","FBXO7"
1.18709759582281e-05,0.489662551378645,0.278,0.268,0.23756197087606,"2","EFCAB14"
1.446344190148e-05,0.374456485143635,0.326,0.325,0.289442399332417,"2","ACP1"
1.50084981487275e-05,0.266739442191929,0.491,0.521,0.300350064952335,"2","LSM8"
1.61241487692809e-05,0.378901592415693,0.319,0.314,0.32267646517085,"2","TM9SF3"
1.65089085433223e-05,0.325735828675613,0.321,0.312,0.330376277768966,"2","TUBB4B"
2.15776430547709e-05,0.31984198236618,0.367,0.376,0.431811792812076,"2","RNPS1"
2.43600358533769e-05,0.410892451313263,0.281,0.272,0.487493037497778,"2","POLR2B"
2.47051095063622e-05,0.329668201397139,0.4,0.414,0.49439865144132,"2","MIER1"
2.7069769228838e-05,0.420405825093423,0.279,0.271,0.541720221807505,"2","RNASEH2C"
3.29350439109977e-05,0.310452882837602,0.363,0.365,0.659096098746885,"2","RBM5"
3.4877681257095e-05,0.387649594280091,0.36,0.37,0.697972157316985,"2","PHF20"
3.78712002693238e-05,0.353776545502589,0.345,0.345,0.757878459789707,"2","COX17"
4.19743764956682e-05,0.451358051489298,0.264,0.255,0.839991222431311,"2","PPP1R7"
4.478452818657e-05,0.340157803334061,0.399,0.421,0.896227978069638,"2","MRPL33"
4.65254050827646e-05,0.288435162458176,0.39,0.402,0.931066406516285,"2","KDM2A"
4.71648591353624e-05,0.375321161110917,0.357,0.366,0.943863161016872,"2","EAPP"
4.91226444276904e-05,0.337968676401712,0.46,0.479,0.983042360286941,"2","CALR"
5.21645397104642e-05,0.462708466371616,0.277,0.269,1,"2","ZBTB8OS"
5.42533420544444e-05,0.361637877327235,0.316,0.311,1,"2","RIOK3"
5.71240147284602e-05,0.427432936342727,0.263,0.252,1,"2","ORAI1"
6.81539326161662e-05,0.381622221115767,0.347,0.35,1,"2","ANP32E"
6.93012596872933e-05,0.444190872157227,0.276,0.269,1,"2","COPA"
7.41443929497265e-05,0.469995132044413,0.281,0.28,1,"2","C1D"
7.74444162452426e-05,0.442154878926826,0.32,0.326,1,"2","PYURF"
8.98005404144087e-05,0.442346072493498,0.26,0.25,1,"2","SRPRA"
0.000102409488581978,0.359172943781833,0.285,0.277,1,"2","TMEM87A"
0.000103713483547763,0.402618549112741,0.317,0.32,1,"2","PDAP1"
0.000107077672600875,0.437953762703344,0.28,0.275,1,"2","ZFAND6"
0.000109435789499068,0.410159987073266,0.252,0.239,1,"2","AC016831.7"
0.000116111039694777,0.293793983646576,0.398,0.418,1,"2","NDUFA2"
0.000116350850254854,0.32688194391572,0.307,0.301,1,"2","KIAA1109"
0.000158287842498384,0.385123986392317,0.284,0.284,1,"2","ARF5"
0.000159761170758888,0.415494707125905,0.266,0.257,1,"2","OTULIN"
0.000162369550494423,0.281168106155507,0.404,0.416,1,"2","RSF1"
0.000172178190203098,0.382744853059853,0.308,0.308,1,"2","NSD1"
0.000176845912265966,0.288943484996981,0.37,0.379,1,"2","CKLF"
0.000184232315141308,0.269208704774138,0.348,0.341,1,"2","SAMD9"
0.000184887909281839,0.339110396420372,0.341,0.348,1,"2","ANAPC5"
0.000185229144731514,0.355560686768812,0.303,0.302,1,"2","SHISA5"
0.000192288360144177,0.426947751423896,0.289,0.286,1,"2","THUMPD3-AS1"
0.000193214472324454,0.349166781993939,0.303,0.301,1,"2","TMOD3"
0.000211530617907574,0.323094596511507,0.336,0.338,1,"2","LBR"
0.000217376882766018,0.38648231011974,0.266,0.258,1,"2","CDK11A"
0.000223676963372776,0.421471482251463,0.261,0.251,1,"2","SPTY2D1"
0.000227343815765391,0.279783228592522,0.397,0.408,1,"2","NCOR1"
0.000240252959400333,0.320964841629692,0.365,0.378,1,"2","ENSA"
0.000245103331673491,0.344382281261654,0.276,0.266,1,"2","SUGP2"
0.0002566807356712,0.423648292653417,0.257,0.25,1,"2","MED6"
0.000286311254445115,0.373520652170459,0.31,0.316,1,"2","SRI"
0.000296436660611077,0.27647781521571,0.365,0.367,1,"2","RASA2"
0.000341608483934941,0.371655702506172,0.26,0.249,1,"2","PLEKHA2"
0.000368196681588273,0.300908044250942,0.385,0.403,1,"2","SRSF4"
0.000385629488077299,0.359486915023238,0.309,0.312,1,"2","GNB2"
0.000387403026273603,0.453061414940108,0.268,0.264,1,"2","ZNF652"
0.00042847333577134,0.298642712306114,0.388,0.4,1,"2","RTF1"
0.000476572304686451,0.340644276447312,0.342,0.352,1,"2","WAS"
0.00047925511012048,0.319424297158551,0.356,0.372,1,"2","NDUFA5"
0.000494704325148199,0.274286858403214,0.376,0.391,1,"2","RAP1A"
0.000497467913810778,0.341024677273232,0.288,0.285,1,"2","UPP1"
0.000502582635428572,0.411024084883567,0.256,0.247,1,"2","KIDINS220"
0.000604748141941558,0.376497462807097,0.259,0.253,1,"2","CCDC107"
0.000652270527085941,0.3742131348136,0.293,0.297,1,"2","FKBP8"
0.000791549981664863,0.395480919741974,0.27,0.268,1,"2","CREBBP"
0.00111419635724697,0.368750538870083,0.258,0.252,1,"2","TAP1"
0.00120130126546258,0.447200192849558,0.268,0.266,1,"2","ABCF1"
0.00128100446691559,0.395676222534595,0.255,0.249,1,"2","ZCRB1"
0.00133943552628502,0.376449796386117,0.263,0.259,1,"2","KLHL24"
0.0013658811479913,0.402714432461749,0.275,0.275,1,"2","UBTF"
0.00160825345098936,0.306052358937543,0.329,0.342,1,"2","PSMC5"
0.00169177246290864,0.353919677016318,0.335,0.355,1,"2","PRDX5"
0.00174624287024994,0.354820844233065,0.316,0.328,1,"2","STMP1"
0.00177586572646549,0.357475618133088,0.321,0.333,1,"2","NUB1"
0.00198575489926056,0.303785868302943,0.251,0.245,1,"2","FERMT3"
0.00229409199148001,0.340319020351309,0.267,0.267,1,"2","RHOF"
0.00241594298012227,0.279338507345016,0.381,0.4,1,"2","CIR1"
0.00251834750971391,0.403946532740755,0.252,0.251,1,"2","BANF1"
0.00297333920975107,0.312385959024587,0.285,0.282,1,"2","NCOA7"
0.00305557524986733,0.275970447329615,0.347,0.367,1,"2","PSMB3"
0.00320607344578905,0.3810045045492,0.293,0.301,1,"2","MED4"
0.0040903363710949,0.368344967344935,0.287,0.295,1,"2","CNPY2"
0.00488789424054725,0.289468938724954,0.348,0.367,1,"2","CRBN"
0.00517329225361918,0.33405201589968,0.29,0.294,1,"2","HERC1"
0.00521071782917115,0.354058479857052,0.27,0.276,1,"2","TUFM"
0.0052882455411174,0.289781301807471,0.367,0.389,1,"2","SEPT2"
0.00532429087448349,0.264751035078734,0.295,0.292,1,"2","QKI"
0.00565626521396445,0.351327275531986,0.273,0.274,1,"2","ESCO1"
0.00625367607094285,0.255290802461391,0.374,0.401,1,"2","VPS28"
0.00652589061820419,0.285880185895048,0.306,0.315,1,"2","PAFAH1B1"
0.00663669725477622,0.360337440391304,0.275,0.281,1,"2","CHMP2A"
0.00685625842941984,0.364364026433322,0.26,0.263,1,"2","CCNK"
0.00710829595766915,0.338287757965959,0.279,0.282,1,"2","PPP2R5E"
0.00723477859017496,0.356353279326167,0.254,0.252,1,"2","P2RY8"
0.00725268054180561,0.360493566935852,0.298,0.306,1,"2","UPF3A"
0.00848894848586479,0.386441156453455,0.249,0.251,1,"2","TOX4"
0.00876607759718384,0.311419521780662,0.264,0.263,1,"2","PHPT1"
0.00911889173851388,0.358992900740544,0.253,0.254,1,"2","TSC22D4"
0.00956197537774983,0.286255521308507,0.265,0.265,1,"2","JPT1"
0,1.25598422857059,0.997,0.484,0,"3","CCL5"
0,0.728608285658325,0.95,0.449,0,"3","GZMA"
0,0.617142008560255,0.906,0.417,0,"3","CST7"
0,0.471460041613053,0.985,0.497,0,"3","NKG7"
0,1.6591178864827,0.709,0.314,0,"3","LYAR"
0,1.14536951030152,0.727,0.349,0,"3","CCL4"
0,1.77483483553393,0.507,0.142,0,"3","KLRG1"
0,0.767858929009162,0.752,0.388,0,"3","GZMH"
0,1.52432463993798,0.517,0.166,0,"3","TRGC2"
0,2.95195976729767,0.408,0.068,0,"3","GZMK"
0,0.687803222273264,0.949,0.62,0,"3","CD3D"
0,0.749194168725865,0.655,0.329,0,"3","HOPX"
0,0.765536044192815,0.915,0.595,0,"3","CD3G"
0,1.49991836339297,0.733,0.444,0,"3","DUSP2"
0,1.1287528440223,0.507,0.221,0,"3","LINC01871"
0,0.741019924010446,0.656,0.372,0,"3","C12orf75"
0,0.397214064296887,0.699,0.42,0,"3","CTSW"
0,0.738349501553949,0.789,0.513,0,"3","GZMM"
0,0.707826352703422,0.978,0.718,0,"3","IL32"
0,0.566166593081458,0.806,0.549,0,"3","ANXA1"
0,1.07320032996192,0.472,0.22,0,"3","CD8A"
0,0.466420962216228,0.837,0.601,0,"3","SYNE2"
0,0.485366905454432,0.718,0.483,0,"3","SYNE1"
0,0.663105719311327,0.891,0.658,0,"3","CD3E"
0,0.514200909625449,0.647,0.415,0,"3","SAMD3"
0,0.576476843097802,0.813,0.582,0,"3","ID2"
0,0.547906961717153,0.735,0.507,0,"3","RUNX3"
0,0.281565462274497,0.667,0.447,0,"3","ZEB2"
0,0.720310033344037,0.799,0.582,0,"3","CD99"
0,0.492500383103629,0.8,0.591,0,"3","AHNAK"
0,0.876915238780104,0.418,0.216,0,"3","TGFBR3"
0,2.4243458496587,0.275,0.074,0,"3","TRGC1"
0,1.01139429408249,0.43,0.232,0,"3","CYTOR"
0,1.21604057488969,0.375,0.179,0,"3","CD8B"
0,0.559256823179494,0.699,0.508,0,"3","RORA"
0,0.448600801465539,0.907,0.73,0,"3","ARL4C"
0,0.581879211301209,0.801,0.627,0,"3","CD2"
0,0.346349780842883,0.543,0.372,0,"3","PYHIN1"
0,0.613277201726725,0.686,0.515,0,"3","NR4A2"
0,0.551518823612935,0.406,0.236,0,"3","MYBL1"
0,0.663849218099736,0.602,0.432,0,"3","PARP8"
0,0.603577755101437,0.981,0.813,0,"3","S100A4"
0,0.820971193225797,0.692,0.525,0,"3","PIK3R1"
0,0.477260058958613,0.671,0.505,0,"3","CD81"
0,0.807544142908049,0.341,0.177,0,"3","MATK"
0,0.70994443965097,0.576,0.415,0,"3","PAXX"
0,0.724762099232755,0.479,0.319,0,"3","CMC1"
0,0.531593442342118,0.983,0.824,0,"3","HCST"
0,0.467904351990586,0.849,0.693,0,"3","FOSB"
0,0.680340282310491,0.334,0.179,0,"3","C1orf21"
0,0.873161532267003,0.932,0.779,0,"3","JUN"
0,0.524028156267627,0.785,0.633,0,"3","LITAF"
0,0.678255876463732,0.948,0.796,0,"3","PPP2R5C"
0,0.343439583331205,0.72,0.57,0,"3","FLNA"
0,0.424585321616218,0.843,0.695,0,"3","S100A10"
0,0.940508303023461,0.431,0.283,0,"3","TUBA4A"
0,0.753724118881248,0.56,0.413,0,"3","IER5"
0,1.38283215952945,0.252,0.105,0,"3","IFNG"
0,1.03187607158194,0.341,0.196,0,"3","CD84"
0,0.453387371005197,0.905,0.761,0,"3","DUSP1"
0,0.406916290475253,0.642,0.5,0,"3","CRIP1"
0,0.348504899021718,0.58,0.439,0,"3","ITGAL"
0,0.450410646625726,0.809,0.674,0,"3","ZFP36"
0,0.567997958277167,0.554,0.42,0,"3","AC044849.1"
0,0.92425166866184,0.322,0.192,0,"3","ERN1"
0,0.535303892596877,0.388,0.26,0,"3","SYTL3"
0,0.683057508832609,0.316,0.188,0,"3","STOM"
0,0.538489201382505,0.483,0.356,0,"3","HERPUD1"
0,0.64668967164355,0.386,0.261,0,"3","ZBTB38"
0,0.665958457089828,0.85,0.725,0,"3","TNFAIP3"
0,0.582110640320968,0.392,0.268,0,"3","CBLB"
0,0.5264570413265,0.388,0.266,0,"3","ATP2B4"
0,0.721838506895091,0.318,0.196,0,"3","ARHGAP26"
0,0.444621861406995,0.67,0.548,0,"3","FYN"
0,0.459921325393562,0.553,0.432,0,"3","AKNA"
0,0.765040643389254,0.374,0.253,0,"3","GABARAPL1"
0,0.946985231348964,0.27,0.15,0,"3","FAM129A"
0,0.614809059224416,0.276,0.156,0,"3","TBX21"
0,0.365069973811863,0.42,0.3,0,"3","PRDM1"
0,0.626177970236381,0.584,0.464,0,"3","PPP1R10"
0,0.438813830400928,0.559,0.44,0,"3","TGFB1"
0,0.807198494098784,0.325,0.206,0,"3","SERTAD1"
0,0.802704108827832,0.31,0.191,0,"3","TENT5C"
0,0.706342254747433,0.71,0.591,0,"3","BTG2"
0,0.650059969337058,0.366,0.247,0,"3","RAB27A"
0,0.523210033724092,0.557,0.439,0,"3","DSTN"
0,0.978377683776637,0.276,0.158,0,"3","ATG2A"
0,0.451987301938953,0.661,0.543,0,"3","CLEC2B"
0,0.731869050307248,0.416,0.3,0,"3","TUBB4B"
0,0.325426330027438,0.604,0.488,0,"3","PIP4K2A"
0,0.48628368366788,0.65,0.534,0,"3","ITGB1"
0,0.495260715364914,0.695,0.58,0,"3","EMB"
0,0.580551864999355,0.476,0.361,0,"3","KLRB1"
0,0.282874603176596,0.939,0.824,0,"3","FOS"
0,0.707479792521718,0.318,0.204,0,"3","BHLHE40"
0,0.734535437207699,0.278,0.164,0,"3","LAIR2"
0,0.653993118663606,0.336,0.223,0,"3","APOBEC3G"
0,0.604237760200238,0.545,0.433,0,"3","DNAJB1"
0,0.275144684350501,0.465,0.353,0,"3","LGALS1"
0,0.889752801903799,0.269,0.157,0,"3","PATL2"
0,0.742987301610175,0.289,0.177,0,"3","MAF"
0,0.617670304919431,0.416,0.304,0,"3","MYADM"
0,0.503152864922888,0.576,0.465,0,"3","KLF3"
0,0.557460128590523,0.561,0.451,0,"3","RNF125"
0,0.391443828024151,0.641,0.531,0,"3","IDS"
0,0.309345051389576,0.684,0.575,0,"3","PPP1R15A"
0,0.795632219799833,0.252,0.143,0,"3","MIAT"
0,0.591546476125728,0.25,0.142,0,"3","SLAMF7"
0,0.678009652093472,0.311,0.203,0,"3","SH2D1A"
0,0.77429857038036,0.37,0.262,0,"3","UBE2S"
0,0.357027017571986,0.664,0.557,0,"3","RARRES3"
0,0.734980174291984,0.356,0.249,0,"3","PMAIP1"
0,0.561766870940179,0.549,0.443,0,"3","TUBA1B"
0,0.466104537920262,0.859,0.753,0,"3","IER2"
0,0.480027524028871,0.332,0.227,0,"3","MAP3K8"
0,0.435442696657114,0.682,0.578,0,"3","GUK1"
0,0.416487721712076,0.475,0.371,0,"3","MIDN"
0,0.311904499896325,0.808,0.705,0,"3","NFKBIA"
0,0.329988585394284,0.414,0.311,0,"3","ACTN4"
0,0.597749973801316,0.278,0.176,0,"3","GAB3"
0,0.533947907736733,0.468,0.366,0,"3","CKLF"
0,0.671341652303672,0.897,0.798,0,"3","SRSF7"
0,0.551813261296708,0.453,0.355,0,"3","YWHAQ"
0,0.510221725734349,0.56,0.462,0,"3","HNRNPUL1"
0,0.51721346257021,0.259,0.161,0,"3","FCRL6"
0,0.37094847336859,0.326,0.229,0,"3","APMAP"
0,0.395281031237174,0.391,0.295,0,"3","PTPN22"
0,0.729528978424147,0.269,0.173,0,"3","DNAJC1"
0,0.476795346482588,0.38,0.284,0,"3","GPR65"
0,0.471890291794954,0.587,0.493,0,"3","DNAJA1"
0,0.330218618186761,0.482,0.388,0,"3","PRKCH"
0,0.437163092302335,0.272,0.179,0,"3","AC020916.1"
0,0.455842977860747,0.709,0.616,0,"3","SRSF2"
0,0.292493878306307,0.55,0.458,0,"3","RNF19A"
0,0.712771123677815,0.344,0.252,0,"3","KMT2E-AS1"
0,0.534365118555812,0.333,0.242,0,"3","ATXN1"
0,1.02096942224039,0.266,0.176,0,"3","NEU1"
0,0.435626179326071,0.386,0.296,0,"3","TC2N"
0,0.634594346802903,0.298,0.208,0,"3","THEMIS"
0,0.327143573040038,0.494,0.404,0,"3","ITGA4"
0,0.859094806108709,0.255,0.166,0,"3","JMJD6"
0,0.562733969537703,0.345,0.256,0,"3","LINC00623"
0,0.735589538991263,0.283,0.194,0,"3","AL118516.1"
0,0.442297499133324,0.561,0.473,0,"3","CNOT6L"
0,0.431203991934368,0.978,0.89,0,"3","SH3BGRL3"
0,0.359874756575873,0.554,0.467,0,"3","HSPA5"
0,0.41824574465164,0.712,0.625,0,"3","FNBP1"
0,0.575730137859849,0.419,0.333,0,"3","TSPYL2"
0,0.308692011492709,0.372,0.288,0,"3","ARAP2"
0,0.858655802070697,0.253,0.169,0,"3","PHACTR2"
0,0.411377857247763,0.344,0.261,0,"3","STAT4"
0,0.493775140364056,0.455,0.373,0,"3","EML4"
0,0.574851351282794,0.395,0.313,0,"3","MT-ATP8"
0,0.295612630344687,0.64,0.558,0,"3","IRF1"
0,0.633093366307922,0.321,0.24,0,"3","HERPUD2"
0,0.403255034400465,0.601,0.52,0,"3","SELENOK"
0,0.424294566268632,0.451,0.371,0,"3","CCSER2"
0,0.449943818558751,0.373,0.293,0,"3","SSBP4"
0,0.343786800827448,0.756,0.676,0,"3","HLA-F"
0,0.4120338829724,0.791,0.712,0,"3","SSR4"
0,0.637098401495367,0.406,0.327,0,"3","IFRD1"
0,0.38531338617759,0.408,0.329,0,"3","FKBP11"
0,0.455271362860888,0.366,0.289,0,"3","CD6"
0,0.363673667447598,0.597,0.52,0,"3","DNAJB6"
0,0.432408602433856,0.407,0.33,0,"3","IL10RA"
0,0.573297251727234,0.319,0.243,0,"3","P2RY8"
0,0.577360076661385,0.307,0.231,0,"3","AC016831.7"
0,0.353759985401086,0.51,0.435,0,"3","AC245297.3"
0,0.425432985600866,0.369,0.296,0,"3","MXD4"
0,1.04772449535319,0.256,0.183,0,"3","TRDC"
0,0.357588463973064,0.484,0.412,0,"3","EZR"
0,0.416126684520515,0.6,0.528,0,"3","GADD45B"
0,0.495247874232752,0.315,0.246,0,"3","ORAI1"
0,0.390416124656529,0.977,0.913,0,"3","CD52"
0,0.477700274215912,0.899,0.836,0,"3","CXCR4"
0,0.314945789046363,0.778,0.721,0,"3","RSRP1"
0,0.265232265511079,0.842,0.786,0,"3","SEPT7"
0,0.39412841067816,0.945,0.889,0,"3","HSP90AA1"
0,0.268901973816744,0.617,0.561,0,"3","MYH9"
0,0.377001354750365,0.955,0.902,0,"3","TSC22D3"
0,0.256938212956905,0.973,0.925,0,"3","UBC"
0,0.257295069583777,0.711,0.667,0,"3","AKAP13"
0,0.255788891831139,0.884,0.841,0,"3","MT-ND4L"
0,0.321397524625444,0.849,0.806,0,"3","DDX3X"
0,0.4235553541388,0.992,0.95,0,"3","CALM1"
0,0.596835419800938,0.948,0.906,0,"3","ZFP36L2"
0,0.266493128734334,0.996,0.981,0,"3","H3F3B"
0,0.26865786401101,1,0.99,0,"3","RPS3"
0,0.268588271736447,1,0.994,0,"3","EIF1"
0,0.535693248547124,0.998,0.992,0,"3","MT-ND5"
0,0.330461819204304,1,0.998,0,"3","MT-ND1"
0,0.385797649399786,1,0.999,0,"3","MT-CO1"
0,0.265854242416633,1,0.999,0,"3","MT-CO2"
0,0.398942861461447,1,0.999,0,"3","MT-ATP6"
0,0.257109992209208,1,0.999,0,"3","MT-ND4"
0,0.447781585738709,1,0.999,0,"3","MT-CYB"
0,0.26314939827599,1,1,0,"3","B2M"
2.22044604925031e-16,0.461846301700546,0.422,0.359,4.44355663375973e-12,"3","CCNH"
4.44089209850063e-16,0.400593145837983,0.407,0.342,8.88711326751945e-12,"3","ZBTB1"
8.88178419700125e-16,0.356501600942058,0.544,0.493,1.77742265350389e-11,"3","BRD2"
1.33226762955019e-15,0.349897772214282,0.315,0.239,2.66613398025584e-11,"3","TPST2"
2.22044604925031e-15,0.287935495289894,0.592,0.544,4.44355663375973e-11,"3","COPS9"
2.44249065417534e-15,0.541251633199401,0.256,0.193,4.8879122971357e-11,"3","BTG3"
4.88498130835069e-15,0.327504899570927,0.311,0.237,9.7758245942714e-11,"3","FOSL2"
5.32907051820075e-15,0.355894877759218,0.528,0.479,1.06645359210233e-10,"3","TERF2IP"
5.55111512312578e-15,0.513228524183385,0.311,0.248,1.11088915843993e-10,"3","AC058791.1"
8.21565038222616e-15,0.363165100285344,0.567,0.522,1.6441159544911e-10,"3","AMD1"
1.13242748511766e-14,0.296600479492745,0.482,0.414,2.26621388321746e-10,"3","DIAPH1"
1.35447209004269e-14,0.471519731838465,0.35,0.286,2.71056954659343e-10,"3","AC026979.2"
1.55431223447522e-14,0.329686973520455,0.42,0.351,3.11048964363181e-10,"3","CD96"
2.17603712826531e-14,0.442938217925714,0.31,0.246,4.35468550108453e-10,"3","CCDC107"
2.33146835171283e-14,0.501242158605976,0.307,0.246,4.66573446544771e-10,"3","SPTY2D1"
2.59792187762287e-14,0.311664504798201,0.303,0.231,5.19896126149888e-10,"3","GBP5"
3.46389583683049e-14,0.310920670658525,0.575,0.528,6.93194834866517e-10,"3","TLE4"
9.72555369571637e-14,0.311610161535085,0.323,0.254,1.94627780558676e-09,"3","ANXA5"
1.27675647831893e-13,0.394989082989031,0.471,0.412,2.55504506441184e-09,"3","TOB1"
1.774136393351e-13,0.442736627853262,0.309,0.254,3.55040175037402e-09,"3","ODC1"
2.44693154627385e-13,0.445578832733588,0.294,0.231,4.89679941040322e-09,"3","PTPN7"
3.50830475781549e-13,0.31707300859388,0.453,0.39,7.02081948134037e-09,"3","IDI1"
5.12478948166972e-13,0.385116093587731,0.352,0.292,1.02557287107174e-08,"3","ARL4A"
6.34159391665889e-13,0.462782762910679,0.33,0.277,1.26907977460178e-08,"3","ISCA1"
7.50066675436756e-13,0.298151397419981,0.294,0.226,1.50103343088404e-08,"3","CHST12"
1.15440990100524e-12,0.483199296647024,0.263,0.207,2.31020509389168e-08,"3","TIPARP"
2.03370653650836e-12,0.316942752441812,0.566,0.523,4.06985352086053e-08,"3","TUBA1A"
2.75202083344084e-12,0.295247365860743,0.487,0.439,5.50734409188181e-08,"3","ICAM3"
2.99538172043867e-12,0.377291344732042,0.359,0.303,5.99435789894187e-08,"3","TMX4"
3.94906329859168e-12,0.434062526194307,0.271,0.214,7.90286547314167e-08,"3","EHD1"
7.59459162225085e-12,0.298024113422168,0.446,0.389,1.51982967544484e-07,"3","SKAP1"
8.65751914602697e-12,0.478100092970982,0.289,0.238,1.73254273150292e-07,"3","CMC2"
1.05633279900985e-11,0.399508713289547,0.412,0.367,2.11393319737851e-07,"3","SNHG9"
1.16324727628125e-11,0.26966659040671,0.499,0.45,2.32789044929405e-07,"3","EIF4A1"
1.2264855797639e-11,0.295336301786996,0.521,0.472,2.45444294222352e-07,"3","SBDS"
1.43702827415382e-11,0.390185694052743,0.285,0.227,2.87578098223662e-07,"3","PDE4D"
1.79491976837198e-11,0.338394403069858,0.35,0.289,3.59199344046601e-07,"3","OPTN"
2.52255993871131e-11,0.41661944720009,0.358,0.31,5.04814694934907e-07,"3","POLR2A"
2.80893086568312e-11,0.330474959135903,0.336,0.277,5.62123244840507e-07,"3","RAB29"
3.00421909571469e-11,0.415845583702365,0.309,0.255,6.01204325434423e-07,"3","SELENOS"
3.52855522578466e-11,0.354931916165798,0.333,0.278,7.06134471784026e-07,"3","RNF115"
7.51005924115589e-11,0.263012306894902,0.438,0.386,1.50291305534012e-06,"3","DGKZ"
3.56750629038061e-10,0.410677536396931,0.285,0.236,7.13929358830967e-06,"3","DBF4"
5.24962517900462e-10,0.401078612927546,0.31,0.263,1.05055499082241e-05,"3","VAMP5"
5.96273030950556e-10,0.432075676080299,0.266,0.219,1.19326158953825e-05,"3","BCL7C"
7.01576130524018e-10,0.303593221409691,0.358,0.308,1.40399415240466e-05,"3","SEC11C"
9.96104088102356e-10,0.374020729753551,0.31,0.261,1.99340350111044e-05,"3","B4GALT1"
1.72189240643661e-09,0.392033990670099,0.415,0.378,3.44585108376094e-05,"3","ILF3-DT"
1.9514059257375e-09,0.420977345066719,0.284,0.239,3.90515353858589e-05,"3","HEXIM1"
3.29508131891032e-09,0.3488412452239,0.325,0.276,6.59411673540333e-05,"3","NCOA7"
3.70011599137854e-09,0.320114242720236,0.34,0.294,7.40467212194673e-05,"3","CAPN2"
3.98571842197271e-09,0.26049555486346,0.358,0.308,7.97621970605178e-05,"3","RNF166"
4.45054171294146e-09,0.291894197438705,0.382,0.337,8.90642407593845e-05,"3","INTS6"
5.05153674446035e-09,0.374742486281157,0.291,0.246,0.000101091353330141,"3","BRD1"
1.50534400500391e-08,0.37045833442227,0.306,0.263,0.000301249442281382,"3","DYNLL2"
3.24590703204564e-08,0.322421688380975,0.292,0.248,0.000649570915252973,"3","RASAL3"
3.46729565059434e-08,0.322164730308288,0.455,0.419,0.000693875205596939,"3","FKBP5"
6.37062009811729e-08,0.253287645794303,0.532,0.501,0.00127488849403523,"3","LDHA"
7.18481132366833e-08,0.28116772280163,0.36,0.317,0.00143782444209251,"3","REEP5"
1.03043246824086e-07,0.260902647157803,0.277,0.23,0.00206210145544361,"3","RASSF1"
4.03936975645891e-07,0.268805781683278,0.342,0.303,0.00808358675662557,"3","EPS15"
5.41588916380675e-07,0.270763238796266,0.252,0.212,0.0108382773946101,"3","NLRC5"
7.18419822520744e-07,0.29294765616805,0.327,0.29,0.0143770174882851,"3","BUB3"
1.21592300206252e-06,0.250429613580058,0.389,0.358,0.0243330511172752,"3","JOSD1"
1.69516144410409e-06,0.432791556261372,0.477,0.433,0.033923570819411,"3","MT2A"
1.71020719808013e-06,0.254914249213915,0.338,0.301,0.0342246664479795,"3","P4HB"
2.17654241052578e-06,0.298065513902665,0.341,0.307,0.043556966719442,"3","SYAP1"
2.8071642452776e-06,0.417288026276896,0.268,0.236,0.0561769708764954,"3","SOCS1"
4.26836158196053e-06,0.524950670090723,0.344,0.314,0.0854184519781942,"3","MT1X"
4.2874135277593e-06,0.305267206785882,0.281,0.248,0.0857997195175191,"3","SRPRA"
4.34963808104705e-06,0.339164012673583,0.265,0.233,0.0870449572779135,"3","CRYBG1"
4.76322036835342e-06,0.260082145033895,0.386,0.355,0.0953215660114886,"3","POLR2K"
4.89730237163144e-06,0.32568365753273,0.278,0.246,0.0980048150610884,"3","EMC7"
6.33705233443749e-06,0.302617672504819,0.309,0.281,0.126817091316763,"3","MPC2"
7.24235061944078e-06,0.261230589200302,0.319,0.283,0.144933920596249,"3","SLA"
7.71718774306152e-06,0.295187234481517,0.256,0.221,0.154436361114147,"3","FAM172A"
1.36049651096037e-05,0.330452618453757,0.294,0.267,0.27226256177339,"3","SS18L2"
1.53589986691127e-05,0.339549262373861,0.294,0.266,0.307364281366284,"3","RALBP1"
2.99193245758556e-05,0.347759668415322,0.259,0.23,0.598745523412021,"3","TOMM5"
5.14350168874245e-05,0.267537741002491,0.25,0.221,1,"3","CITED2"
6.85018060366804e-05,0.270180400380622,0.261,0.233,1,"3","PDE4B"
0.000138257904252148,0.280895375465421,0.298,0.274,1,"3","AP2B1"
0.000161581049900716,0.284941601430163,0.291,0.268,1,"3","FAM177A1"
0.000205420066378359,0.273003834485104,0.263,0.239,1,"3","C4orf48"
0.000235780061373259,0.260413488571041,0.337,0.318,1,"3","PDAP1"
0,3.2034967215773,0.827,0.176,0,"4","CD8A"
0,3.27153176853598,0.722,0.141,0,"4","TRGC2"
0,2.00163229959415,0.926,0.367,0,"4","GZMH"
0,2.93109976203079,0.63,0.128,0,"4","KLRG1"
0,1.36924749843716,0.965,0.49,0,"4","CCL5"
0,1.12719924125463,0.838,0.365,0,"4","KLRD1"
0,1.59302180986935,0.921,0.454,0,"4","GZMA"
0,1.25999018856021,0.961,0.502,0,"4","NKG7"
0,0.948824532298276,0.81,0.352,0,"4","FGFBP2"
0,1.57394143186374,0.812,0.371,0,"4","PLEK"
0,0.871455721992337,0.861,0.425,0,"4","CST7"
0,2.41496901168966,0.569,0.14,0,"4","CX3CR1"
0,1.67841805226471,0.753,0.347,0,"4","CCL4"
0,1.64696522188718,0.757,0.36,0,"4","C12orf75"
0,1.54410304964304,0.793,0.398,0,"4","SAMD3"
0,1.77420467823649,0.761,0.367,0,"4","CTSC"
0,1.92010796499486,0.601,0.212,0,"4","MYBL1"
0,1.77910425452909,0.602,0.225,0,"4","IFI44L"
0,1.41572930234636,0.829,0.47,0,"4","SYNE1"
0,0.79083009297628,0.787,0.433,0,"4","ZEB2"
0,1.53655546276004,0.762,0.416,0,"4","ITGAL"
0,2.38688440642473,0.475,0.131,0,"4","PATL2"
0,1.37474384002382,0.551,0.208,0,"4","ADGRG1"
0,1.71547875736751,0.557,0.215,0,"4","LINC01871"
0,0.356016677587049,0.679,0.342,0,"4","PRF1"
0,3.24615439971207,0.393,0.059,0,"4","A2M-AS1"
0,0.892893400562806,0.81,0.48,0,"4","EFHD2"
0,1.71147168995937,0.548,0.218,0,"4","CYTOR"
0,2.16082579966116,0.509,0.182,0,"4","THEMIS"
0,1.22239488366052,0.682,0.356,0,"4","PYHIN1"
0,1.28131872968905,0.813,0.487,0,"4","TRAC"
0,1.43968818529534,0.873,0.551,0,"4","FLNA"
0,0.804528042674312,0.734,0.417,0,"4","CTSW"
0,1.42398274850634,0.476,0.167,0,"4","CD8B"
0,0.267626805669473,0.636,0.329,0,"4","GZMB"
0,1.27691334415102,0.816,0.51,0,"4","GZMM"
0,1.44745542203516,0.898,0.594,0,"4","SYNE2"
0,1.47434977808093,0.508,0.205,0,"4","TGFBR3"
0,1.42796940753568,0.895,0.598,0,"4","CD3G"
0,1.34816281344228,0.609,0.315,0,"4","MYO1F"
0,1.67206215437827,0.494,0.204,0,"4","APOBEC3G"
0,2.21736617685434,0.392,0.105,0,"4","MIR4435-2HG"
0,1.74994402717362,0.427,0.14,0,"4","FCRL6"
0,1.51869884044551,0.638,0.355,0,"4","ISG15"
0,1.99315293841779,0.402,0.124,0,"4","SLAMF7"
0,1.57879388033267,0.904,0.627,0,"4","CD3D"
0,1.46376972361935,0.599,0.322,0,"4","XAF1"
0,1.17437033146463,0.783,0.51,0,"4","ABHD17A"
0,1.41935710881791,0.618,0.346,0,"4","SPN"
0,0.871419059466666,0.814,0.549,0,"4","ANXA1"
0,0.518231793070729,0.661,0.404,0,"4","S100A11"
0,1.23391746193162,0.637,0.382,0,"4","GNG2"
0,1.95238549559641,0.39,0.141,0,"4","TRG-AS1"
0,1.25828321397151,0.542,0.296,0,"4","ACTN4"
0,1.26255847475911,0.574,0.329,0,"4","SLC9A3R1"
0,1.36180187202625,0.54,0.296,0,"4","ANXA6"
0,1.00766282799113,0.744,0.503,0,"4","RORA"
0,2.10830191110221,0.335,0.095,0,"4","IFNG"
0,1.46185544468041,0.96,0.721,0,"4","IL32"
0,1.39221442436034,0.49,0.253,0,"4","SSBP3"
0,1.3378813751197,0.567,0.331,0,"4","APOL6"
0,1.29633072075966,0.527,0.293,0,"4","MYO1G"
0,1.00616658707292,0.853,0.621,0,"4","CD2"
0,1.19577489220787,0.537,0.306,0,"4","IFI6"
0,1.27925986442883,0.745,0.514,0,"4","LY6E"
0,3.35481765641485,0.263,0.033,0,"4","ZNF683"
0,1.16390853629366,0.399,0.171,0,"4","C1orf21"
0,0.800532214856798,0.817,0.589,0,"4","AHNAK"
0,1.87717464239475,0.383,0.156,0,"4","IFI44"
0,1.34825527964016,0.762,0.536,0,"4","MACF1"
0,1.28826096693579,0.661,0.437,0,"4","PSME2"
0,1.3146915609761,0.431,0.209,0,"4","CHST12"
0,1.05786267858233,0.638,0.417,0,"4","IKZF3"
0,1.58275235863027,0.389,0.168,0,"4","MX1"
0,1.38271636770496,0.494,0.273,0,"4","ARAP2"
0,1.23751977047042,0.546,0.327,0,"4","LAT"
0,1.44087296449091,0.446,0.227,0,"4","SLFN12L"
0,0.252204949090719,0.712,0.493,0,"4","HLA-DPB1"
0,1.41948170121461,0.492,0.274,0,"4","CD6"
0,0.75989434560988,0.741,0.523,0,"4","ITGB1"
0,1.27274953883994,0.668,0.453,0,"4","CALR"
0,1.2950564435878,0.438,0.224,0,"4","TPST2"
0,0.76721781999291,0.797,0.585,0,"4","ID2"
0,1.15631629049023,0.744,0.532,0,"4","CLEC2B"
0,0.975250528036825,0.631,0.421,0,"4","DIP2A"
0,1.27016283421007,0.359,0.149,0,"4","S1PR5"
0,1.52614279545153,0.383,0.175,0,"4","APOBEC3C"
0,0.74746877053549,0.549,0.342,0,"4","LGALS1"
0,1.14612678676581,0.489,0.283,0,"4","PTPN22"
0,1.37638808534526,0.352,0.147,0,"4","TBX21"
0,1.00555181734884,0.724,0.519,0,"4","IFI16"
0,1.14982083016796,0.461,0.257,0,"4","ATP2B4"
0,0.761362522440036,0.541,0.337,0,"4","LYAR"
0,0.325108100007802,0.547,0.344,0,"4","HOPX"
0,1.33366968810592,0.383,0.18,0,"4","STOM"
0,1.41862477553436,0.419,0.216,0,"4","GBP5"
0,1.05659930773021,0.759,0.556,0,"4","IL2RG"
0,0.984574866381668,0.879,0.676,0,"4","ITGB2"
0,0.983995763977111,0.771,0.569,0,"4","CLIC1"
0,1.12057383599522,0.411,0.209,0,"4","GK5"
0,1.29541290424966,0.408,0.207,0,"4","NFATC2"
0,1.36594728832904,0.85,0.649,0,"4","TRBC2"
0,1.10854266781096,0.59,0.393,0,"4","CASP8"
0,0.864164532124153,0.651,0.455,0,"4","DUSP2"
0,1.04939061950061,0.538,0.344,0,"4","PTPN4"
0,0.824865207990349,0.778,0.585,0,"4","CD99"
0,0.919728994832639,0.795,0.602,0,"4","MSN"
0,2.36054014905089,0.256,0.064,0,"4","LAG3"
0,1.28363482206126,0.439,0.248,0,"4","STAT1"
0,1.33795573456831,0.432,0.241,0,"4","PHPT1"
0,1.20515197670051,0.489,0.3,0,"4","EIF2AK2"
0,1.21867959312041,0.923,0.735,0,"4","RNF213"
0,1.16547223377161,0.683,0.496,0,"4","PSMB9"
0,1.50714035985248,0.342,0.155,0,"4","GRAP2"
0,1.19936269068304,0.467,0.28,0,"4","PPP1R18"
0,1.26024270415269,0.451,0.266,0,"4","RAP2B"
0,1.05600482858844,0.596,0.411,0,"4","PPP1CA"
0,1.27526418946021,0.418,0.233,0,"4","ZAP70"
0,1.13896865023297,0.465,0.282,0,"4","SSBP4"
0,1.35898129021414,0.387,0.204,0,"4","SAMD9L"
0,0.983989102670217,0.472,0.289,0,"4","GNPTAB"
0,1.40901969932587,0.351,0.169,0,"4","VCL"
0,0.986336961257436,0.491,0.313,0,"4","ARPC5L"
0,1.68328837627524,0.314,0.136,0,"4","MIAT"
0,1.00956837907785,0.567,0.39,0,"4","TBC1D10C"
0,0.97138815118734,0.522,0.346,0,"4","YWHAQ"
0,1.11043331332496,0.399,0.224,0,"4","CD226"
0,0.89853773271604,0.75,0.576,0,"4","CLEC2D"
0,0.793458368756855,0.609,0.435,0,"4","TGFB1"
0,0.969314471607648,0.723,0.549,0,"4","UTRN"
0,0.915124676361364,0.552,0.379,0,"4","PRKCH"
0,1.20231185605249,0.406,0.233,0,"4","ATXN1"
0,1.28185131590045,0.38,0.207,0,"4","ITGB7"
0,0.99477877527358,0.589,0.416,0,"4","SCP2"
0,0.923993659865556,0.6,0.427,0,"4","RASGRP1"
0,1.31495066092286,0.341,0.169,0,"4","GAB3"
0,1.61125307187867,0.267,0.095,0,"4","MT1E"
0,1.01499507789425,0.574,0.403,0,"4","DIAPH1"
0,1.01200392220786,0.594,0.424,0,"4","DYNLL1"
0,1.31376640592185,0.396,0.227,0,"4","BIN1"
0,0.993165790290861,0.608,0.439,0,"4","CAP1"
0,1.48563796720752,0.309,0.14,0,"4","CISD3"
0,1.15828870214934,0.448,0.28,0,"4","CAPN2"
0,0.916239005436937,0.345,0.177,0,"4","MATK"
0,1.08940238635073,0.91,0.743,0,"4","LCP1"
0,0.778187501017344,0.425,0.258,0,"4","CEP78"
0,0.843321486571849,0.581,0.415,0,"4","PAXX"
0,1.23576974460624,0.42,0.254,0,"4","TPM4"
0,0.504101486543313,0.68,0.515,0,"4","RUNX3"
0,1.16293899398507,0.4,0.235,0,"4","CCDC107"
0,1.43133571734514,0.363,0.198,0,"4","NLRC5"
0,1.2091498020056,0.374,0.21,0,"4","SDF2L1"
0,1.1184335990707,0.602,0.438,0,"4","GOLGA4"
0,0.988678833594243,0.429,0.266,0,"4","RAB29"
0,0.850308230173982,0.515,0.354,0,"4","GIMAP4"
0,0.924838111915917,0.769,0.608,0,"4","KIAA1551"
0,1.26250730407527,0.306,0.145,0,"4","USP28"
0,0.95473870757525,0.613,0.452,0,"4","PSMB8"
0,1.2372439075282,0.358,0.197,0,"4","SH2D1A"
0,1.06349993611847,0.407,0.247,0,"4","JPT1"
0,0.662788507674835,0.827,0.667,0,"4","CD3E"
0,0.943637925040958,0.618,0.459,0,"4","HSPA5"
0,1.60953279193251,0.269,0.111,0,"4","RAP2A"
0,1.05579618901889,0.378,0.22,0,"4","PTPN7"
0,0.974971475771722,0.524,0.367,0,"4","LCP2"
0,1.31321574190482,0.789,0.632,0,"4","IFITM1"
0,1.29671305176589,0.387,0.23,0,"4","BTN3A1"
0,0.848075420831859,0.582,0.425,0,"4","LCK"
0,1.01246568344622,0.489,0.332,0,"4","XBP1"
0,1.66159954540616,0.278,0.122,0,"4","DDX60"
0,1.18781720874761,0.353,0.197,0,"4","SASH3"
0,1.27242216426655,0.357,0.201,0,"4","PXN"
0,1.76224715157788,0.275,0.12,0,"4","GBP1"
0,1.55262720558955,0.261,0.106,0,"4","BATF"
0,1.61470356852905,0.291,0.137,0,"4","PARP9"
0,0.943234383367304,0.413,0.259,0,"4","DOK2"
0,0.89765109508328,0.614,0.46,0,"4","PDIA3"
0,0.898711472120078,0.547,0.394,0,"4","ARPC4"
0,0.759938326547484,0.644,0.491,0,"4","FAM49B"
0,0.991375093523227,0.396,0.243,0,"4","RAB27A"
0,1.27081949405886,0.266,0.113,0,"4","TTC38"
0,1.0585512492889,0.477,0.325,0,"4","SAMD9"
0,0.874020137855682,0.581,0.429,0,"4","AKNA"
0,1.0888980784385,0.387,0.236,0,"4","RASAL3"
0,1.15452974303638,0.344,0.193,0,"4","RNF167"
0,0.928476639051535,0.614,0.464,0,"4","CAPZA1"
0,1.05177657643291,0.434,0.285,0,"4","SHISA5"
0,0.948570209121585,0.699,0.55,0,"4","ACTR3"
0,0.952252462569858,0.748,0.601,0,"4","PPIB"
0,1.27949042184531,0.345,0.198,0,"4","EIF4E3"
0,0.779081394882542,0.572,0.425,0,"4","GIMAP7"
0,1.18478050945,0.383,0.237,0,"4","TAP1"
0,1.08252473635066,0.85,0.704,0,"4","CORO1A"
0,1.04092120132428,0.444,0.298,0,"4","RNF166"
0,0.759263639387525,0.543,0.397,0,"4","ADGRE5"
0,0.911936427501039,0.667,0.523,0,"4","PCSK7"
0,0.821590047816345,0.368,0.224,0,"4","APMAP"
0,0.864678860591902,0.448,0.306,0,"4","REEP5"
0,0.981318424191751,0.314,0.173,0,"4","MCTP2"
0,1.26187716229475,0.328,0.188,0,"4","KCNAB2"
0,1.44781740045366,0.257,0.117,0,"4","RAP1GAP2"
0,0.836296077585553,0.458,0.318,0,"4","PREX1"
0,0.96826189777075,0.42,0.28,0,"4","PARP14"
0,1.01210391837786,0.377,0.238,0,"4","PARP15"
0,0.698001679872235,0.543,0.404,0,"4","TXN"
0,0.997670527008167,0.439,0.3,0,"4","CSK"
0,1.14679732979272,0.358,0.219,0,"4","SLC20A1"
0,1.08344824000122,0.875,0.737,0,"4","EMP3"
0,1.16079663606828,0.305,0.167,0,"4","EBP"
0,1.17463750458237,0.279,0.142,0,"4","TSEN54"
0,0.883729976637605,0.734,0.597,0,"4","SP100"
0,0.866918437338277,0.614,0.477,0,"4","SUN2"
0,0.862166095471388,0.525,0.389,0,"4","ARL6IP1"
0,0.841531265766049,0.793,0.657,0,"4","RAC2"
0,0.880515588758765,0.447,0.312,0,"4","ARRB2"
0,0.497176867408322,0.87,0.736,0,"4","ARL4C"
0,0.837053051836475,0.882,0.748,0,"4","IFITM2"
0,1.10779010898576,0.298,0.164,0,"4","ITGAM"
0,0.743328885413506,0.475,0.341,0,"4","CARD16"
0,1.08042596575081,0.417,0.284,0,"4","SLC4A7"
0,1.11045299923316,0.302,0.169,0,"4","DNAJC1"
0,0.849625832223472,0.84,0.708,0,"4","PTP4A2"
0,0.932400999327173,0.543,0.412,0,"4","TRIM22"
0,0.870461730389641,0.549,0.418,0,"4","APBB1IP"
0,1.02667209049572,0.342,0.211,0,"4","PSMB10"
0,0.781159373214925,0.752,0.621,0,"4","CD53"
0,1.03009121541181,0.325,0.194,0,"4","SLAMF6"
0,0.794619884618032,0.685,0.554,0,"4","RARRES3"
0,0.998667635417115,0.325,0.195,0,"4","ARHGAP26"
0,0.967459642702687,0.377,0.248,0,"4","PGAM1"
0,1.34320775576141,0.33,0.201,0,"4","SPG11"
0,0.815031786913166,0.594,0.465,0,"4","TAOK3"
0,1.03052429870765,0.338,0.21,0,"4","EPSTI1"
0,1.15429922251503,0.303,0.175,0,"4","EIF4G3"
0,1.2509963298836,0.364,0.236,0,"4","ANKRD36C"
0,0.62188671991852,0.63,0.502,0,"4","CRIP1"
0,1.06274940442687,0.351,0.223,0,"4","INPP4A"
0,1.02407345722174,0.359,0.231,0,"4","FERMT3"
0,0.981440888388343,0.408,0.28,0,"4","ARHGEF3"
0,0.870516574377074,0.383,0.256,0,"4","STAT4"
0,1.21583358027333,0.296,0.169,0,"4","TSPAN32"
0,0.667759880350639,0.274,0.148,0,"4","PRSS23"
0,1.1598135081652,0.347,0.221,0,"4","PPP6R1"
0,0.72072276509577,0.75,0.625,0,"4","HSP90B1"
0,0.881031916446298,0.492,0.367,0,"4","HELZ"
0,1.20293715772156,0.3,0.176,0,"4","SMC4"
0,1.03113495528141,0.349,0.225,0,"4","ARHGAP25"
0,0.859037819842046,0.437,0.314,0,"4","PSMA5"
0,0.787106073509821,0.768,0.646,0,"4","EVL"
0,0.672355294635789,0.504,0.382,0,"4","SKAP1"
0,0.972515597945034,0.466,0.345,0,"4","SETX"
0,1.0360001234819,0.306,0.185,0,"4","CASP1"
0,0.847888557777356,0.482,0.361,0,"4","CCDC88C"
0,0.711484050494573,0.538,0.419,0,"4","BTN3A2"
0,1.07391650332416,0.938,0.819,0,"4","S100A4"
0,0.701509111728844,0.477,0.358,0,"4","TMCO1"
0,0.823567629301975,0.456,0.337,0,"4","NFATC3"
0,0.852215933393742,0.404,0.286,0,"4","TUBA4A"
0,0.841721683369334,0.511,0.393,0,"4","ARHGDIA"
0,0.873019310475718,0.403,0.287,0,"4","PDIA6"
0,0.620950236054969,0.572,0.456,0,"4","RNF19A"
0,0.716123695895341,0.655,0.54,0,"4","WIPF1"
0,0.569030430487228,0.38,0.265,0,"4","ANXA2"
0,0.924937276325465,0.319,0.205,0,"4","GLIPR2"
0,0.668831555704847,0.522,0.409,0,"4","COPE"
0,0.486969844697829,0.722,0.609,0,"4","MBP"
0,1.19449717028404,0.261,0.149,0,"4","TGFBR1"
0,0.975568796158377,0.368,0.256,0,"4","RNF149"
0,1.02915170564,0.291,0.179,0,"4","MANF"
0,0.955181983534273,0.372,0.26,0,"4","WDR1"
0,0.796997074055109,0.452,0.34,0,"4","PSMA4"
0,0.745333878172951,0.543,0.432,0,"4","PPP1R12A"
0,1.05784124491733,0.292,0.181,0,"4","LASP1"
0,0.670618036789071,0.562,0.452,0,"4","TMEM50A"
0,0.848104498094929,0.26,0.15,0,"4","FGR"
0,1.11171964864192,0.262,0.152,0,"4","IDH2"
0,0.958733401736405,0.308,0.198,0,"4","RAB1B"
0,0.850885363660518,0.364,0.254,0,"4","RHOF"
0,0.970812635084185,0.332,0.223,0,"4","PSMB2"
0,0.729742767490377,0.599,0.49,0,"4","DRAP1"
0,0.883283031146778,0.386,0.277,0,"4","BCL9L"
0,0.277772538421637,0.874,0.765,0,"4","SRGN"
0,0.936900088283849,0.294,0.185,0,"4","TMEM120B"
0,0.864941795925257,0.283,0.174,0,"4","RAB37"
0,0.700396486454797,0.536,0.428,0,"4","UCP2"
0,0.444466282036681,0.62,0.512,0,"4","CD81"
0,0.703759039221076,0.573,0.465,0,"4","SPCS2"
0,0.772794212829339,0.671,0.564,0,"4","ANKRD44"
0,0.814469941769194,0.395,0.288,0,"4","RAB8B"
0,0.93236626214194,0.52,0.413,0,"4","CNN2"
0,0.388282351905051,0.867,0.76,0,"4","FYB1"
0,0.470143984455638,0.429,0.322,0,"4","CTSD"
0,0.626912743417374,0.478,0.371,0,"4","MIDN"
0,0.828334783039336,0.484,0.378,0,"4","ARHGAP30"
0,0.731407857667826,0.369,0.263,0,"4","ZBTB38"
0,0.77475739261431,0.516,0.411,0,"4","CYFIP2"
0,0.728824419351672,0.458,0.353,0,"4","PSMB3"
0,0.711522653433123,0.605,0.5,0,"4","CAPZB"
0,0.980486824562707,0.288,0.183,0,"4","CDC42EP3"
0,0.7241485977383,0.477,0.372,0,"4","SP110"
0,0.754077096070728,0.474,0.369,0,"4","STK10"
0,0.693035915886378,0.591,0.486,0,"4","POMP"
0,0.613219167620728,0.686,0.582,0,"4","EMB"
0,0.47916115147733,0.459,0.355,0,"4","RAB5IF"
0,0.702717498417549,0.327,0.224,0,"4","RASSF1"
0,0.603533686084397,0.742,0.639,0,"4","LRRFIP1"
0,0.432104190480459,0.543,0.441,0,"4","DSTN"
0,0.793857291933986,0.444,0.342,0,"4","SIGIRR"
0,0.713465733886102,0.504,0.403,0,"4","ITGA4"
0,0.606646964539514,0.482,0.381,0,"4","IQGAP2"
0,0.966589970916114,0.296,0.195,0,"4","FBXW5"
0,0.519098094179425,0.74,0.639,0,"4","LITAF"
0,0.573971541642879,0.57,0.469,0,"4","PRKCB"
0,0.782914944748036,0.407,0.306,0,"4","MT1X"
0,0.705820002000662,0.436,0.335,0,"4","ZBTB7A"
0,0.745960045465617,0.385,0.285,0,"4","OPTN"
0,1.01687501833357,0.333,0.233,0,"4","GPRIN3"
0,0.752728371010674,0.656,0.556,0,"4","MYH9"
0,0.694578021566828,0.517,0.418,0,"4","SH3KBP1"
0,0.738136141878085,0.553,0.455,0,"4","ADAR"
0,0.682885111969094,0.34,0.242,0,"4","PYCARD"
0,1.02610111236682,0.269,0.171,0,"4","SP140"
0,1.14205544296468,0.252,0.154,0,"4","TAP2"
0,0.552310954039051,0.595,0.497,0,"4","BIN2"
0,0.749733277359242,0.354,0.256,0,"4","VASP"
0,0.466786367969622,0.563,0.465,0,"4","TLN1"
0,1.06453966094135,0.262,0.165,0,"4","SURF4"
0,0.659696872665014,0.438,0.341,0,"4","NOP10"
0,0.588241065586517,0.663,0.567,0,"4","ARPC5"
0,0.797823219790049,0.391,0.295,0,"4","P4HB"
0,0.601424981302804,0.671,0.576,0,"4","DBI"
0,0.770158540154187,0.532,0.437,0,"4","PTBP3"
0,0.708644716962274,0.448,0.353,0,"4","MRPL41"
0,0.750735254658627,0.524,0.429,0,"4","WNK1"
0,0.646379829349037,0.551,0.456,0,"4","SLFN5"
0,0.773398048467539,0.301,0.206,0,"4","BHLHE40"
0,0.87778669113308,0.356,0.261,0,"4","MDFIC"
0,0.613742884716332,0.478,0.383,0,"4","TES"
0,0.694838800911853,0.592,0.497,0,"4","KANSL1"
0,0.814281517154318,0.359,0.264,0,"4","TBCB"
0,1.05511864364273,0.926,0.832,0,"4","HCST"
0,1.00392986268151,0.28,0.186,0,"4","SCAMP2"
0,0.838016863033189,0.327,0.233,0,"4","HSPB11"
0,0.973382736575387,0.302,0.208,0,"4","VPS13A"
0,0.838535696993854,0.325,0.231,0,"4","RAPGEF1"
0,0.676931188321389,0.587,0.493,0,"4","EIF3A"
0,1.10634222662628,0.283,0.189,0,"4","ADCY7"
0,0.665410172628817,0.499,0.405,0,"4","MLLT6"
0,0.649543404259499,0.49,0.396,0,"4","UBE2L3"
0,0.699833481029129,0.393,0.3,0,"4","CAPNS1"
0,0.316576035792479,0.589,0.496,0,"4","GSTP1"
0,0.686655323072101,0.503,0.411,0,"4","FMNL1"
0,1.00392082218269,0.27,0.178,0,"4","MED15"
0,0.587492008647074,0.526,0.434,0,"4","CSTB"
0,0.953813304204518,0.263,0.171,0,"4","TEX264"
0,0.66618943820642,0.709,0.617,0,"4","SRSF2"
0,0.733149037174353,0.361,0.269,0,"4","BSG"
0,0.773279974051105,0.787,0.696,0,"4","PSME1"
0,0.814531012479888,0.313,0.222,0,"4","NCK1"
0,0.999161672279004,0.256,0.165,0,"4","PDLIM2"
0,0.57508966339872,0.65,0.559,0,"4","SEC61B"
0,0.425956266703484,0.894,0.803,0,"4","PPP2R5C"
0,0.620031407994706,0.672,0.582,0,"4","TAPBP"
0,0.620103686206789,0.502,0.412,0,"4","PRKACB"
0,0.627131134801251,0.403,0.313,0,"4","IFI27L2"
0,0.70251360916148,0.357,0.267,0,"4","SAR1A"
0,0.705726248295468,0.468,0.379,0,"4","ERBIN"
0,0.804682988276456,0.395,0.306,0,"4","ITK"
0,1.03419875140391,0.265,0.176,0,"4","LPXN"
0,0.975364580184325,0.271,0.182,0,"4","ATP2A3"
0,0.904647341569321,0.349,0.26,0,"4","IVNS1ABP"
0,0.631074450219821,0.581,0.492,0,"4","SNRPB"
0,0.692039584444877,0.437,0.349,0,"4","CANX"
0,1.03975726227208,0.262,0.174,0,"4","RFLNB"
0,0.679736008706937,0.426,0.338,0,"4","UHMK1"
0,0.773415963142185,0.291,0.203,0,"4","TIPARP"
0,0.578416365706558,0.577,0.489,0,"4","BRD2"
0,0.496371177117401,0.416,0.328,0,"4","FKBP11"
0,0.998741325950446,0.313,0.226,0,"4","GOLGA8A"
0,0.731898507372563,0.415,0.328,0,"4","LBR"
0,0.707466322112154,0.364,0.277,0,"4","SLA"
0,0.691604334405077,0.436,0.35,0,"4","ATP5F1B"
0,0.800153651899168,0.339,0.253,0,"4","ZNF276"
0,0.882810415962658,0.291,0.205,0,"4","ARL5A"
0,0.641480781446089,0.359,0.274,0,"4","ATP1B3"
0,0.691679146914023,0.471,0.386,0,"4","MECP2"
0,0.758685371431226,0.467,0.383,0,"4","XRN1"
0,0.735535101763425,0.343,0.259,0,"4","PPP3CA"
0,0.539832901521374,0.466,0.382,0,"4","DGKZ"
0,0.644222371473238,0.452,0.368,0,"4","HNRNPF"
0,0.733196357334959,0.368,0.284,0,"4","LAMP1"
0,0.571333113775006,0.83,0.746,0,"4","GAPDH"
0,0.884706569166578,0.3,0.217,0,"4","PPP4C"
0,0.89587127456411,0.306,0.223,0,"4","MYO9B"
0,0.810605317972546,0.359,0.276,0,"4","SPATA13"
0,0.829628396704885,0.278,0.196,0,"4","TENT5C"
0,0.818523967607226,0.266,0.184,0,"4","CDK2AP2"
0,0.601714755129781,0.591,0.509,0,"4","LSP1"
0,0.543011380075395,0.527,0.446,0,"4","TUBA1B"
0,0.450165081066593,0.51,0.429,0,"4","MT2A"
0,0.883202134888064,0.294,0.213,0,"4","TNIK"
0,0.567912999034208,0.719,0.638,0,"4","ACTR2"
0,0.702101226982909,0.822,0.741,0,"4","HNRNPH1"
0,0.859004385586182,0.345,0.264,0,"4","N4BP1"
0,0.91934882999294,0.256,0.176,0,"4","SOS1"
0,0.856231486896019,0.321,0.241,0,"4","CTBP1"
0,0.851960396528378,0.255,0.175,0,"4","TMEM173"
0,0.465283180366594,0.435,0.355,0,"4","GLIPR1"
0,0.825731002059847,0.338,0.258,0,"4","SUGP2"
0,0.624445126328701,0.339,0.259,0,"4","POLR2F"
0,0.834858747041599,0.272,0.192,0,"4","BTG3"
0,0.759726738298722,0.354,0.274,0,"4","PSMA3"
0,0.514533705658204,0.687,0.608,0,"4","GNAI2"
0,0.503201714332244,0.673,0.594,0,"4","ARPC1B"
0,0.606896936747706,0.429,0.35,0,"4","CD96"
0,0.704944427384362,0.311,0.233,0,"4","C4orf48"
0,0.819003487227232,0.307,0.229,0,"4","TUBB"
0,0.687957017625962,0.348,0.27,0,"4","RER1"
0,0.665498275459108,0.592,0.514,0,"4","OGA"
0,0.599884969077427,0.396,0.319,0,"4","NDUFB3"
0,0.734086525247311,0.365,0.288,0,"4","MAZ"
0,0.712848182486332,0.515,0.438,0,"4","RBL2"
0,0.737737487829614,0.719,0.642,0,"4","NKTR"
0,0.349706353335608,0.571,0.494,0,"4","CEMIP2"
0,0.605972550928781,0.404,0.328,0,"4","RNASEH2B"
0,0.470168971005307,0.457,0.382,0,"4","DHRS7"
0,0.531487584679188,0.58,0.505,0,"4","KLF13"
0,0.731943418521057,0.325,0.251,0,"4","SYTL1"
0,0.70414336339571,0.396,0.322,0,"4","TSPAN14"
0,0.744491902617771,0.427,0.353,0,"4","TMC8"
0,0.610331138977959,0.308,0.234,0,"4","PTPN18"
0,0.498765900820984,0.584,0.51,0,"4","MOB1A"
0,0.736493806781801,0.471,0.397,0,"4","SMG1"
0,0.856859583821821,0.276,0.203,0,"4","ZYX"
0,0.743348418853921,0.3,0.227,0,"4","AC004687.1"
0,0.666807096996033,0.582,0.509,0,"4","AKAP9"
0,0.745398902874887,0.413,0.34,0,"4","EWSR1"
0,0.856223376051693,0.28,0.208,0,"4","PSME4"
0,0.476175759580377,0.484,0.412,0,"4","EZR"
0,0.627843516281718,0.376,0.304,0,"4","GNB2"
0,0.78510540243029,0.351,0.279,0,"4","RNPEPL1"
0,0.50375768588147,0.642,0.571,0,"4","PCBP1"
0,0.698653797867665,0.316,0.245,0,"4","ST6GAL1"
0,0.631659426883979,0.33,0.259,0,"4","VDAC3"
0,0.541196124290776,0.406,0.335,0,"4","SELPLG"
0,0.76373120188032,0.327,0.256,0,"4","PKN1"
0,0.774492680355194,0.284,0.213,0,"4","TMEM181"
0,0.757741840332456,0.291,0.22,0,"4","AGTPBP1"
0,0.488486495151692,0.582,0.511,0,"4","CD164"
0,0.572519900202592,0.551,0.481,0,"4","KRTCAP2"
0,1.00826664941994,0.9,0.83,0,"4","ACTG1"
0,0.370904558552656,0.683,0.613,0,"4","PRMT2"
0,0.605246298403567,0.33,0.26,0,"4","LPP"
0,0.663627051146996,0.356,0.286,0,"4","UBE2N"
0,0.782592806146521,0.367,0.297,0,"4","TMC6"
0,0.721895439800501,0.29,0.22,0,"4","ITGB1BP1"
0,0.652922767982719,0.35,0.28,0,"4","SFT2D2"
0,0.550488906473568,0.567,0.497,0,"4","LDHA"
0,0.642355666061035,0.371,0.302,0,"4","NCKAP1L"
0,0.741608107945515,0.271,0.202,0,"4","HMOX2"
0,0.741272419205474,0.29,0.221,0,"4","SFT2D1"
0,0.638833605767097,0.313,0.245,0,"4","TMED9"
0,0.628008662050453,0.685,0.618,0,"4","ATRX"
0,0.884183493939324,0.28,0.213,0,"4","ASCC3"
0,0.555297912547333,0.35,0.283,0,"4","C1orf56"
0,0.599869685120699,0.321,0.254,0,"4","SELENOS"
0,0.576620685131846,0.466,0.399,0,"4","NCOR1"
0,0.773613464239381,0.283,0.216,0,"4","PPP2R5A"
0,0.73318839759505,0.297,0.23,0,"4","CDC25B"
0,0.626870629055091,0.55,0.484,0,"4","ARHGEF1"
0,0.823364232480273,0.281,0.215,0,"4","UBR2"
0,0.7181538731188,0.281,0.215,0,"4","RGS19"
0,0.55745651314006,0.533,0.467,0,"4","ARF1"
0,0.715639032940578,0.306,0.24,0,"4","SP140L"
0,0.592834309467557,0.363,0.297,0,"4","MXD4"
0,0.542761382000988,0.532,0.466,0,"4","LNPEP"
0,0.63592603666521,0.431,0.365,0,"4","KPNB1"
0,0.745511817090133,0.3,0.234,0,"4","DR1"
0,0.46907324684246,0.536,0.471,0,"4","BLOC1S1"
0,0.671010369487699,0.653,0.588,0,"4","PSMA7"
0,0.70755924617658,0.33,0.265,0,"4","POLR2B"
0,0.595167864103948,0.338,0.273,0,"4","CHMP2A"
0,0.488386326074572,0.621,0.556,0,"4","ARF6"
0,0.476401303990035,0.633,0.569,0,"4","TRAF3IP3"
0,0.718745813742525,0.287,0.223,0,"4","FKBP2"
0,0.543195647687124,0.532,0.469,0,"4","ERH"
0,0.54774456551976,0.553,0.49,0,"4","ROCK1"
0,0.507309366972925,0.498,0.435,0,"4","SNRPG"
0,0.792346857988526,0.256,0.193,0,"4","MAP4"
0,0.618623285821668,0.395,0.332,0,"4","DOCK2"
0,0.694206787179855,0.35,0.287,0,"4","STK38"
0,0.62828436461696,0.325,0.262,0,"4","SRPK2"
0,0.574129571557603,0.486,0.423,0,"4","SPOCK2"
0,0.526569534970542,0.645,0.583,0,"4","GUK1"
0,0.553476803614495,0.413,0.351,0,"4","LAMTOR5"
0,0.680391358994679,0.309,0.247,0,"4","TSC22D4"
0,0.91889709067065,0.255,0.193,0,"4","CLTC"
0,0.586350954801339,0.722,0.66,0,"4","TMBIM6"
0,0.747568783433392,0.91,0.849,0,"4","ARPC2"
0,0.656814843267774,0.421,0.36,0,"4","BDP1"
0,0.658506757631554,0.336,0.275,0,"4","PPP2R5E"
0,0.647440303594788,0.353,0.293,0,"4","SEPT1"
0,0.50792362013104,0.427,0.367,0,"4","BST2"
0,0.516393602845363,0.579,0.519,0,"4","SEPT9"
0,0.559192822353262,0.659,0.6,0,"4","PRPF4B"
0,0.384523321357667,0.506,0.447,0,"4","GNG5"
0,0.619717448829511,0.437,0.378,0,"4","BIRC6"
0,0.484071422780555,0.459,0.4,0,"4","NDUFS6"
0,0.335402215710458,0.914,0.973,0,"4","ATP5F1E"
0,0.323878965755268,0.648,0.59,0,"4","IQGAP1"
0,0.806535068651097,0.283,0.226,0,"4","CAB39"
0,0.594875729832895,0.388,0.332,0,"4","TNFRSF14"
0,0.560908112784033,0.46,0.404,0,"4","DNAJB14"
0,0.621030025357085,0.373,0.317,0,"4","KRAS"
0,0.405743133217608,0.615,0.559,0,"4","CD47"
0,0.511373264033114,0.423,0.368,0,"4","PSMA2"
0,0.621595556233692,0.404,0.35,0,"4","GRK2"
0,0.483326949859723,0.469,0.415,0,"4","SEM1"
0,0.599190395222919,0.676,0.623,0,"4","SRSF11"
0,0.373651137797714,0.607,0.554,0,"4","CFLAR"
0,0.506426063586677,0.538,0.486,0,"4","SPCS3"
0,0.534517128483281,0.804,0.752,0,"4","RAP1B"
0,1.15969610430823,0.947,0.895,0,"4","SH3BGRL3"
0,0.595466694536494,0.596,0.544,0,"4","ANKRD11"
0,0.444996628777128,0.534,0.483,0,"4","ENO1"
0,0.479306448149412,0.573,0.522,0,"4","HCLS1"
0,0.279835891345578,0.69,0.639,0,"4","CAST"
0,0.78731715310254,0.846,0.795,0,"4","MYL12B"
0,0.4031710281862,0.679,0.629,0,"4","TCF25"
0,0.512581971390217,0.509,0.459,0,"4","C6orf62"
0,0.553835528141202,0.486,0.436,0,"4","ATF7IP"
0,0.466910430626376,0.478,0.428,0,"4","SNRPB2"
0,0.525543157085717,0.586,0.536,0,"4","ATP5MF"
0,0.410242068625439,0.673,0.624,0,"4","DDX6"
0,0.469227730453981,0.473,0.424,0,"4","NDUFA12"
0,0.455361774081054,0.478,0.429,0,"4","RBX1"
0,0.304801849497462,0.795,0.844,0,"4","COX6C"
0,0.280472162287559,0.763,0.715,0,"4","AAK1"
0,0.477310096943751,0.587,0.539,0,"4","SRSF9"
0,0.51925879351536,0.457,0.41,0,"4","SSB"
0,0.61288676709796,0.884,0.837,0,"4","MBNL1"
0,1.2228263190268,0.962,0.915,0,"4","CD52"
0,0.412647747395674,0.658,0.612,0,"4","RHOA"
0,0.535708942270016,0.65,0.604,0,"4","SEC61G"
0,0.450544062061389,0.625,0.579,0,"4","BPTF"
0,0.536334043897007,0.881,0.835,0,"4","AES"
0,0.817272644383261,0.935,0.89,0,"4","HSP90AA1"
0,0.416486405204295,0.535,0.49,0,"4","SNU13"
0,0.487702035062565,0.543,0.499,0,"4","ATP5MC3"
0,0.361468482973117,0.79,0.746,0,"4","YWHAB"
0,0.260206975879276,0.861,0.904,0,"4","SRP14"
0,0.429768937432093,0.631,0.589,0,"4","NUCKS1"
0,0.69591014479661,0.873,0.833,0,"4","SUB1"
0,0.460194173710179,0.626,0.587,0,"4","COX6A1"
0,0.407571748949772,0.809,0.771,0,"4","HNRNPA3"
0,0.41226022335622,0.661,0.623,0,"4","ADD3"
0,0.397962714807233,0.576,0.538,0,"4","CIB1"
0,0.434190622938658,0.605,0.569,0,"4","POLR2L"
0,0.560670002342259,0.776,0.74,0,"4","UBL5"
0,0.496864532324813,0.874,0.839,0,"4","CDC42"
0,0.451226386936636,0.631,0.596,0,"4","COX7B"
0,0.471301483724887,0.647,0.614,0,"4","NDUFA13"
0,0.758784590948075,0.904,0.935,0,"4","MYL12A"
0,0.361324755510117,0.811,0.781,0,"4","CELF2"
0,0.386373191123589,0.718,0.689,0,"4","IKZF1"
0,0.422621787848462,0.715,0.686,0,"4","HSPA8"
0,0.412773548315462,0.82,0.792,0,"4","DDX17"
0,0.388750591785599,0.817,0.79,0,"4","SEPT7"
0,0.335582415441477,0.928,0.955,0,"4","SERF2"
0,0.455109658817339,0.833,0.807,0,"4","SRSF7"
0,0.35695547567006,0.708,0.682,0,"4","HLA-F"
0,0.612096984596198,0.944,0.918,0,"4","XIST"
0,0.343387899661137,0.654,0.629,0,"4","DAZAP2"
0,0.924629589347604,0.929,0.905,0,"4","PFN1"
0,0.322723039015929,0.91,0.887,0,"4","S100A6"
0,0.415890785420396,0.85,0.827,0,"4","FUS"
0,0.324810471530681,0.885,0.906,0,"4","PPIA"
0,0.303803174601717,0.864,0.843,0,"4","YWHAZ"
0,0.378860896127152,0.816,0.798,0,"4","PRRC2C"
0,0.369491605823159,0.811,0.794,0,"4","ARGLU1"
0,0.503609352886658,0.855,0.839,0,"4","ARHGDIB"
0,1.02416313483956,0.985,0.97,0,"4","PTPRC"
0,0.311077176319618,0.941,0.927,0,"4","HNRNPA2B1"
0,0.359106570905402,0.622,0.609,0,"4","NDUFB2"
0,0.313149558676702,0.784,0.771,0,"4","HNRNPK"
0,0.369755314536725,0.969,0.981,0,"4","HLA-E"
0,0.653086108360497,0.978,0.99,0,"4","HLA-C"
0,0.370759885464809,0.838,0.827,0,"4","N4BP2L2"
0,0.422458796467081,0.989,0.998,0,"4","TMSB10"
0,0.316963672498864,0.703,0.694,0,"4","ATP5ME"
0,0.442139041141669,0.612,0.603,0,"4","COX8A"
0,0.345441232725872,0.827,0.818,0,"4","ARPC3"
0,0.422330296938901,0.85,0.842,0,"4","UBB"
0,0.373809228274184,0.722,0.73,0,"4","UQCR11"
0,0.479271941191599,0.987,0.994,0,"4","HLA-A"
0,0.81246631535329,0.992,0.999,0,"4","HLA-B"
0,0.725353247722888,0.917,0.91,0,"4","CFL1"
0,0.642684549716335,0.881,0.875,0,"4","MYL6"
0,0.377672167488443,0.926,0.931,0,"4","UBC"
0,0.305837491262049,0.755,0.751,0,"4","SRSF3"
0,0.480973726799137,0.995,0.999,0,"4","TMSB4X"
0,0.33105538712726,0.851,0.847,0,"4","SON"
0,1.2837039858248,0.982,0.98,0,"4","ACTB"
0,0.362604599026886,0.723,0.721,0,"4","ELOB"
0,0.252998817600605,0.792,0.793,0,"4","TPM3"
0,0.32699461831916,0.999,1,0,"4","MALAT1"
0,0.470139092381312,0.954,0.955,0,"4","CALM1"
0,0.484466937625944,0.999,1,0,"4","B2M"
0,0.324979327595976,0.783,0.784,0,"4","SRRM2"
2.22044604925031e-16,0.623669615849873,0.264,0.198,4.44355663375973e-12,"4","GPR174"
2.22044604925031e-16,0.610186697630317,0.286,0.221,4.44355663375973e-12,"4","ZNF428"
2.22044604925031e-16,0.649855998552212,0.309,0.245,4.44355663375973e-12,"4","SPTY2D1"
2.22044604925031e-16,0.665026567396165,0.272,0.209,4.44355663375973e-12,"4","MIEN1"
2.22044604925031e-16,0.566227080131454,0.389,0.326,4.44355663375973e-12,"4","RABGAP1L"
2.22044604925031e-16,0.639760364627243,0.325,0.265,4.44355663375973e-12,"4","LMAN1"
2.22044604925031e-16,0.311365027491088,0.554,0.495,4.44355663375973e-12,"4","PIP4K2A"
2.22044604925031e-16,0.500171395387072,0.408,0.352,4.44355663375973e-12,"4","NAA38"
2.22044604925031e-16,0.593234010169627,0.406,0.352,4.44355663375973e-12,"4","WDR82"
2.22044604925031e-16,0.462932656620729,0.515,0.474,4.44355663375973e-12,"4","KLF3"
2.22044604925031e-16,0.476406447088985,0.584,0.555,4.44355663375973e-12,"4","CLK1"
4.44089209850063e-16,0.56254665779904,0.337,0.276,8.88711326751945e-12,"4","RPN2"
4.44089209850063e-16,0.503976117069833,0.371,0.312,8.88711326751945e-12,"4","PSMB6"
4.44089209850063e-16,0.656639710615297,0.358,0.3,8.88711326751945e-12,"4","TC2N"
4.44089209850063e-16,0.612525276856752,0.429,0.385,8.88711326751945e-12,"4","ARHGAP45"
4.44089209850063e-16,0.400775564638693,0.537,0.502,8.88711326751945e-12,"4","NDUFA3"
6.66133814775094e-16,0.674770279143254,0.273,0.215,1.33306699012792e-11,"4","DECR1"
6.66133814775094e-16,0.639851519964862,0.334,0.279,1.33306699012792e-11,"4","PHF11"
6.66133814775094e-16,0.346035851278189,0.54,0.497,1.33306699012792e-11,"4","MTPN"
8.88178419700125e-16,0.372527174541083,0.574,0.531,1.77742265350389e-11,"4","EID1"
8.88178419700125e-16,0.455425605883916,0.549,0.515,1.77742265350389e-11,"4","ACAP1"
1.11022302462516e-15,0.485921354621623,0.554,0.523,2.22177831687986e-11,"4","KMT2A"
1.11022302462516e-15,0.356840570564211,0.639,0.628,2.22177831687986e-11,"4","ATP5MD"
1.55431223447522e-15,0.307715380489026,0.708,0.711,3.11048964363181e-11,"4","RBM3"
1.77635683940025e-15,0.49461856393799,0.425,0.368,3.55484530700778e-11,"4","ITM2A"
1.99840144432528e-15,0.478433114299024,0.355,0.287,3.99920097038375e-11,"4","GPR65"
1.99840144432528e-15,0.278901030209392,0.655,0.641,3.99920097038375e-11,"4","ATP6V0E1"
1.99840144432528e-15,0.347702862872703,0.627,0.616,3.99920097038375e-11,"4","UQCR10"
2.22044604925031e-15,0.709528993659202,0.302,0.246,4.44355663375973e-11,"4","DOCK11"
2.44249065417534e-15,0.662859380675945,0.372,0.318,4.8879122971357e-11,"4","DDHD1"
2.66453525910038e-15,0.670130134777377,0.254,0.194,5.33226796051167e-11,"4","ZNRD1"
2.88657986402541e-15,0.460856578219015,0.489,0.453,5.77662362388764e-11,"4","CCDC85B"
2.88657986402541e-15,0.360037402579097,0.571,0.547,5.77662362388764e-11,"4","COPS9"
3.5527136788005e-15,0.449467315942891,0.408,0.339,7.10969061401556e-11,"4","RGS1"
3.5527136788005e-15,0.737782631777248,0.28,0.224,7.10969061401556e-11,"4","MARK3"
3.5527136788005e-15,0.485285674358327,0.444,0.398,7.10969061401556e-11,"4","TRAM1"
4.44089209850063e-15,0.733262562872727,0.268,0.209,8.88711326751945e-11,"4","TUT7"
4.44089209850063e-15,0.593905334834164,0.395,0.344,8.88711326751945e-11,"4","ZBTB1"
4.44089209850063e-15,0.521278661950356,0.505,0.469,8.88711326751945e-11,"4","GLS"
4.44089209850063e-15,0.422999347665932,0.593,0.564,8.88711326751945e-11,"4","POLR2J3.1"
4.66293670342566e-15,0.743705930227715,0.266,0.209,9.33146893089543e-11,"4","DYNC1I2"
5.10702591327572e-15,0.56805000540667,0.308,0.247,1.02201802576474e-10,"4","EIF4EBP2"
5.32907051820075e-15,0.464003357784086,0.573,0.545,1.06645359210233e-10,"4","VPS13C"
6.43929354282591e-15,0.545103205264237,0.323,0.263,1.28863142379032e-10,"4","ZBTB8OS"
6.88338275267597e-15,0.629251044895078,0.347,0.289,1.37750255646552e-10,"4","INPP5D"
7.105427357601e-15,0.398212011303164,0.566,0.538,1.42193812280311e-10,"4","HNRNPD"
8.88178419700125e-15,0.533271097358709,0.296,0.231,1.77742265350389e-10,"4","IGF2R"
8.88178419700125e-15,0.573556343657286,0.322,0.266,1.77742265350389e-10,"4","MRPL51"
9.10382880192628e-15,0.638273216830767,0.309,0.253,1.82185821984149e-10,"4","RNF44"
9.54791801177635e-15,0.452375721213109,0.478,0.44,1.91072935251668e-10,"4","NDUFB10"
9.99200722162641e-15,0.758852589962395,0.26,0.205,1.99960048519188e-10,"4","DCAF5"
1.04360964314765e-14,0.587752859050907,0.357,0.301,2.08847161786707e-10,"4","EPS15"
1.08801856413265e-14,0.384750850200943,0.579,0.539,2.17734275054227e-10,"4","IDS"
1.26565424807268e-14,0.514877104014133,0.436,0.395,2.53282728124304e-10,"4","GNB1"
1.26565424807268e-14,0.360903171680666,0.622,0.59,2.53282728124304e-10,"4","CYTH1"
1.28785870856518e-14,0.725842470085663,0.314,0.262,2.57726284758064e-10,"4","TRIP12"
1.50990331349021e-14,0.483892488455677,0.466,0.423,3.02161851095661e-10,"4","DOCK8"
1.50990331349021e-14,0.363041301267318,0.555,0.523,3.02161851095661e-10,"4","MIF"
1.59872115546023e-14,0.603188602427895,0.358,0.304,3.199360776307e-10,"4","ARIH2"
1.62092561595273e-14,0.525496282819555,0.368,0.306,3.2437963426446e-10,"4","TUBB4B"
2.06501482580279e-14,0.617927524259516,0.369,0.32,4.13250766939655e-10,"4","ABI1"
2.57571741713036e-14,0.360869486710745,0.646,0.627,5.15452569516128e-10,"4","KMT2E"
2.8643754035329e-14,0.262783343604832,0.713,0.686,5.73218805755005e-10,"4","LAPTM5"
3.01980662698043e-14,0.482917718367621,0.396,0.342,6.04323702191323e-10,"4","SH3GLB1"
3.26405569239796e-14,0.647278532039005,0.323,0.268,6.5320282516268e-10,"4","ESCO1"
4.04121180963557e-14,0.355705120351502,0.568,0.551,8.0872730734427e-10,"4","NEDD8"
4.66293670342566e-14,0.431504208070628,0.775,0.799,9.33146893089543e-10,"4","JUN"
6.61692922676593e-14,0.363139187758108,0.648,0.625,1.3241798768604e-09,"4","SCAF11"
8.28226376370367e-14,0.529155478163837,0.361,0.309,1.65744662439238e-09,"4","SRI"
8.61533067109121e-14,0.747728940732729,0.266,0.215,1.72409997389877e-09,"4","VCP"
8.70414851306123e-14,0.563798149314979,0.265,0.207,1.74187420043381e-09,"4","RPA2"
8.88178419700125e-14,0.528346603472255,0.418,0.374,1.77742265350389e-09,"4","RBMS1"
9.39248678832882e-14,0.552215258908054,0.379,0.331,1.87962445608036e-09,"4","CCDC12"
1.0991207943789e-13,0.44093854909255,0.312,0.257,2.19956053371106e-09,"4","GSTO1"
1.13686837721616e-13,0.526381579235812,0.361,0.308,2.27510099648498e-09,"4","SEC11C"
1.24567023362943e-13,0.451662750744174,0.39,0.333,2.49283527153921e-09,"4","IL10RA"
2.01394456667003e-13,0.59963826877622,0.318,0.267,4.03030586682007e-09,"4","GATAD2A"
2.22488694134881e-13,0.494340905174738,0.394,0.345,4.45244374702725e-09,"4","WAS"
3.15081294388619e-13,0.621466749059394,0.287,0.234,6.30540686330505e-09,"4","SZRD1"
3.24851257005321e-13,0.53813668975675,0.316,0.263,6.50092335519048e-09,"4","GTF3C6"
3.47055717497824e-13,0.269547614682114,0.782,0.795,6.94527901856645e-09,"4","STK4"
3.51940698806175e-13,0.703492192765478,0.313,0.265,7.04303726450917e-09,"4","PPP6R2"
4.2899017671516e-13,0.663959476867705,0.287,0.237,8.58495141642379e-09,"4","SCFD1"
4.66737759552416e-13,0.426632589874996,0.452,0.411,9.34035604416295e-09,"4","NDUFA2"
4.9293902293357e-13,0.329553545180747,0.32,0.248,9.86469572694659e-09,"4","PTPRE"
6.89004409082372e-13,0.250456534319583,0.68,0.668,1.37883562345564e-08,"4","ARL6IP5"
7.12985226414276e-13,0.517021489178184,0.522,0.491,1.42682603510025e-08,"4","ZNF292"
8.27560242555592e-13,0.588391392954473,0.263,0.21,1.65611355740225e-08,"4","ADH5"
8.8928864272475e-13,0.475190247842397,0.475,0.445,1.77964443182077e-08,"4","RAD21"
9.17044218340379e-13,0.377801883496336,0.513,0.481,1.83518888974277e-08,"4","TERF2IP"
9.19042619784705e-13,0.521879808629803,0.298,0.238,1.83918809071315e-08,"4","FOSL2"
9.9298347322474e-13,0.61612729631456,0.381,0.341,1.98715852661735e-08,"4","MTCH1"
1.05626618562837e-12,0.380164937591962,0.576,0.557,2.1137998906795e-08,"4","ORMDL1"
1.20414789250844e-12,0.607883180154966,0.299,0.246,2.4097407624879e-08,"4","P2RY8"
1.34314781519151e-12,0.508097779044426,0.373,0.321,2.68790740776126e-08,"4","RSBN1L"
1.44728673490135e-12,0.605596670364296,0.28,0.229,2.89631021388459e-08,"4","RAB18"
1.72750702631674e-12,0.6368909043572,0.283,0.233,3.45708706106507e-08,"4","PTK2B"
1.73683289972359e-12,0.560017948429153,0.323,0.272,3.47574999892686e-08,"4","TMEM87A"
1.89515070303514e-12,0.283807494327109,0.59,0.559,3.79257558691393e-08,"4","FYN"
2.00484073786811e-12,0.617537415686483,0.286,0.235,4.01208728462166e-08,"4","ETNK1"
2.11808348637987e-12,0.477212943677031,0.399,0.354,4.2387086729434e-08,"4","FAM96B"
2.19468887507901e-12,0.688750512546789,0.27,0.222,4.39201137680811e-08,"4","PTPN6"
2.30082619623317e-12,0.452390882645078,0.399,0.353,4.60441338390183e-08,"4","PRDX1"
2.32081021067643e-12,0.536945939345319,0.355,0.304,4.64440539360567e-08,"4","PTGER4"
2.60036436827704e-12,0.567950200511923,0.353,0.305,5.20384917379602e-08,"4","CHD3"
3.22297744048683e-12,0.36599052452142,0.661,0.659,6.44982245390224e-08,"4","RBM25"
3.52184947871592e-12,0.503810462572489,0.404,0.36,7.0479251768063e-08,"4","KDM5A"
3.73745479009813e-12,0.56734418063364,0.3,0.252,7.47939452594437e-08,"4","PSMD13"
3.8720138206827e-12,0.594646716981645,0.305,0.258,7.74867405795021e-08,"4","PTBP1"
4.25148805049957e-12,0.509226290247269,0.26,0.204,8.50807788665975e-08,"4","UBE2F"
5.5273563503988e-12,0.569437194110191,0.324,0.275,1.10613455284181e-07,"4","PIM1"
7.08877401223162e-12,0.280235569472319,0.643,0.656,1.41860545532779e-07,"4","NDUFA1"
8.39395219998096e-12,0.559961108734742,0.317,0.271,1.67979771426019e-07,"4","AP2B1"
9.79816228152686e-12,0.561741906048188,0.434,0.403,1.96080823577915e-07,"4","LENG8"
9.88276127600329e-12,0.395060105385934,0.318,0.26,1.97773818655378e-07,"4","GABARAPL1"
1.02169384064155e-11,0.478147775342608,0.445,0.41,2.04461371389186e-07,"4","KHDRBS1"
1.14925846617098e-11,0.42813053881356,0.4,0.356,2.29989604250136e-07,"4","SELENOT"
1.26034738201497e-11,0.41706212933799,0.533,0.513,2.52220718088836e-07,"4","RPS27L"
1.45350398383925e-11,0.696198761246523,0.293,0.249,2.90875217245912e-07,"4","FBXW7"
1.91262561344274e-11,0.350370752846738,0.544,0.522,3.82754637762162e-07,"4","CDC42SE1"
1.95790050838696e-11,0.606667466994163,0.294,0.247,3.91815049738398e-07,"4","CHORDC1"
2.0575985359983e-11,0.34803095404125,0.52,0.506,4.11766619023979e-07,"4","C9orf16"
2.27002860953007e-11,0.302698660530127,0.623,0.628,4.54278125339158e-07,"4","ATP5IF1"
2.35775843293595e-11,0.485432538366811,0.376,0.334,4.71834617599143e-07,"4","PSMD8"
2.41657804878059e-11,0.610114820145427,0.345,0.302,4.83605599121972e-07,"4","NIN"
2.60809152052843e-11,0.656188565294958,0.263,0.214,5.2193127508815e-07,"4","C19orf66"
2.86644041835871e-11,0.683661111791312,0.259,0.215,5.73632056521944e-07,"4","ARHGEF6"
2.9390267997087e-11,0.44785737653399,0.399,0.356,5.88158043157705e-07,"4","SRP19"
3.50199869103562e-11,0.406869093585904,0.481,0.459,7.00819978050049e-07,"4","UBXN4"
4.03292954587187e-11,0.565055618964671,0.259,0.21,8.07069860719878e-07,"4","COMMD7"
4.13498124629541e-11,0.630396181012056,0.306,0.263,8.27492447008638e-07,"4","FAM120A"
6.63697985459066e-11,0.477728539314989,0.4,0.362,1.32819240850068e-06,"4","CCNH"
6.81696921134289e-11,0.314619900538625,0.657,0.652,1.36421187857394e-06,"4","SFPQ"
7.98454635742019e-11,0.593528333036662,0.307,0.263,1.59786741704693e-06,"4","DYNLL2"
8.13913381136899e-11,0.619433575349583,0.269,0.222,1.62880345833116e-06,"4","YAF2"
8.26612112092562e-11,0.580867137172914,0.291,0.244,1.65421615871963e-06,"4","HERPUD2"
8.40925107326029e-11,0.564441480108466,0.321,0.278,1.68285932478085e-06,"4","CARD8"
8.49771364386243e-11,0.547867769234772,0.296,0.248,1.70056245440975e-06,"4","ORAI1"
8.98903174118004e-11,0.510072867156983,0.403,0.366,1.79888503204495e-06,"4","CEP350"
1.19528165143379e-10,0.512794586528115,0.278,0.231,2.3919976408493e-06,"4","POLR2G"
1.2125722648193e-10,0.709887120576417,0.295,0.252,2.42659961635638e-06,"4","TMEM259"
1.30970567724376e-10,0.5474492002147,0.283,0.236,2.6209830013002e-06,"4","FBXO7"
1.34182664979221e-10,0.345982369634232,0.53,0.508,2.68526349156417e-06,"4","PET100"
1.43461686974433e-10,0.603890945952144,0.336,0.297,2.87095527973236e-06,"4","CCND2"
1.68711711268088e-10,0.348835238414964,0.54,0.52,3.37625876589698e-06,"4","EIF5A"
2.24904983525676e-10,0.55648749836131,0.277,0.231,4.50079853031582e-06,"4","FBXL5"
2.27475371872288e-10,0.436467195377729,0.435,0.404,4.55223714190822e-06,"4","ARHGAP15"
2.3090418466154e-10,0.312305761400073,0.646,0.632,4.62085454344674e-06,"4","LUC7L3"
2.3730084564022e-10,0.630167350788744,0.287,0.247,4.74886452295209e-06,"4","RNF126"
2.40889752589624e-10,0.372906588338836,0.492,0.473,4.82068572882355e-06,"4","TRMT112"
2.53688403617502e-10,0.331013672738192,0.55,0.502,5.07681233319346e-06,"4","BCL11B"
2.59288590598317e-10,0.273418532297998,0.631,0.632,5.18888327505351e-06,"4","VAMP2"
3.2572855523938e-10,0.491049674373299,0.324,0.28,6.51847984745046e-06,"4","TROVE2"
3.5396974240598e-10,0.261235348713289,0.722,0.728,7.08364248502846e-06,"4","RSRP1"
3.64328789359547e-10,0.496902248515087,0.319,0.278,7.29094773266326e-06,"4","SUMO3"
3.72416764093941e-10,0.662342574685372,0.271,0.228,7.45280428304795e-06,"4","BAZ1B"
3.80599773919243e-10,0.619487223900571,0.29,0.246,7.6165626756719e-06,"4","BRD1"
3.87669896184661e-10,0.529683489545174,0.364,0.33,7.75804996244744e-06,"4","HIPK1"
3.92106347391064e-10,0.466401496147075,0.402,0.368,7.84683222398996e-06,"4","HNRNPL"
4.05894651223093e-10,0.569369585822981,0.271,0.225,8.12276376027654e-06,"4","CCDC82"
4.06932265661908e-10,0.513877107844045,0.364,0.328,8.1435285004261e-06,"4","TOP1"
4.10033784703501e-10,0.494119601707193,0.332,0.289,8.20559609948646e-06,"4","BUB3"
4.14155154615514e-10,0.480156774999542,0.476,0.452,8.28807295416567e-06,"4","ASH1L"
4.49342785202589e-10,0.443259754609057,0.377,0.339,8.99224781747421e-06,"4","ZNHIT1"
4.87171414320642e-10,0.418329123194426,0.359,0.316,9.74927434338468e-06,"4","LMAN2"
4.9664050649767e-10,0.517359596918603,0.309,0.27,9.93876981603137e-06,"4","CSNK2B"
5.21447773849104e-10,0.577034534736138,0.269,0.227,1.04352128502683e-05,"4","RBCK1"
5.2704218767019e-10,0.576203845536343,0.258,0.212,1.05471682596558e-05,"4","SPPL2A"
5.75816727632628e-10,0.398852884156556,0.533,0.517,1.15232443533841e-05,"4","ZNF207"
5.78783021509821e-10,0.619673901041081,0.338,0.3,1.15826058264545e-05,"4","NFATC2IP"
5.93528337589078e-10,0.584122771386342,0.337,0.303,1.18776890918326e-05,"4","DOCK10"
6.34271968280586e-10,0.569469836784396,0.277,0.235,1.26930506292311e-05,"4","MDH1"
8.03058952669744e-10,0.512040291052257,0.386,0.349,1.60708157608269e-05,"4","UPF2"
8.39407876540577e-10,0.445947574969323,0.398,0.364,1.679823042533e-05,"4","ACAP2"
8.48476178205715e-10,0.453969870534227,0.394,0.359,1.69797052782528e-05,"4","ROMO1"
9.36600352829942e-10,0.480873831251438,0.35,0.315,1.87432462608328e-05,"4","ZNF655"
1.04196007377766e-09,0.487635581078575,0.303,0.261,2.08517049964385e-05,"4","RAB8A"
1.18049570119183e-09,0.349456028059736,0.532,0.509,2.36240799722509e-05,"4","TPR"
1.21568488609114e-09,0.427003049796855,0.375,0.337,2.43282859404559e-05,"4","OSTC"
1.46179113258427e-09,0.337466720741827,0.484,0.448,2.92533641452764e-05,"4","PARP8"
1.6663697088859e-09,0.441977235046359,0.314,0.269,3.33473906142245e-05,"4","HIST1H1C"
1.72515002283546e-09,0.491205996414736,0.291,0.248,3.45237022569833e-05,"4","MYDGF"
1.95751659326504e-09,0.52581004977272,0.263,0.219,3.917382206442e-05,"4","BCL7C"
2.04215533372576e-09,0.550483918593822,0.272,0.23,4.08676125385199e-05,"4","TERF1"
2.04485695043388e-09,0.555534143706842,0.267,0.224,4.09216772920828e-05,"4","RECQL"
2.08006811774908e-09,0.480262709859023,0.305,0.264,4.16263231723946e-05,"4","VAMP5"
2.24381513369565e-09,0.384949632693843,0.389,0.351,4.49032284555173e-05,"4","TMEM160"
2.33036345775872e-09,0.475620982285347,0.33,0.292,4.66352335166675e-05,"4","FKBP8"
2.69884536940879e-09,0.388448971642085,0.445,0.413,5.40092935326086e-05,"4","SNRPD3"
2.77886003097194e-09,0.426056894324472,0.389,0.356,5.56105469398105e-05,"4","CHD4"
2.85913115405378e-09,0.254761284967257,0.675,0.672,5.72169326549243e-05,"4","AKAP13"
2.86450729802823e-09,0.331733380003771,0.513,0.497,5.73245200481409e-05,"4","C9orf78"
2.88871082609887e-09,0.423009163665176,0.346,0.306,5.78088810518906e-05,"4","BCAP31"
2.94647728438235e-09,0.255692365022505,0.654,0.662,5.89649034150597e-05,"4","COX5B"
3.28843330343886e-09,0.628203376817127,0.3,0.264,6.58081272684186e-05,"4","KIAA2026"
3.57600393741109e-09,0.355825644379091,0.441,0.409,7.15629907954707e-05,"4","NDUFC2"
3.6809755243894e-09,0.474345932870192,0.253,0.206,7.36636821940806e-05,"4","TRAPPC2"
3.68845487486169e-09,0.364728670107361,0.45,0.415,7.38133589557322e-05,"4","TOB1"
4.38897629351231e-09,0.51730563702183,0.33,0.29,8.78321935857684e-05,"4","PSMC6"
4.63067961753438e-09,0.275565399717494,0.642,0.659,9.26691605060981e-05,"4","SAP18"
4.65204275101883e-09,0.64320536298501,0.265,0.224,9.30966795333887e-05,"4","FAM111A"
4.7183974505316e-09,0.298089847524059,0.516,0.497,9.44245697800383e-05,"4","SF3B6"
4.919025631267e-09,0.611302293699893,0.25,0.208,9.84395409329153e-05,"4","XIAP"
5.42466449537926e-09,0.526442483852711,0.368,0.336,0.00010855838588153,"4","REST"
5.69113378645625e-09,0.340104211250671,0.47,0.441,0.000113890969334562,"4","UQCRQ"
6.16178597034889e-09,0.40636003167081,0.349,0.311,0.000123309660838622,"4","NDUFA6"
6.54551191026087e-09,0.461296242800741,0.422,0.397,0.000130988784348141,"4","KDM2A"
6.87062273740935e-09,0.467390018777171,0.292,0.251,0.000137494902221036,"4","SUPT4H1"
6.92377599698091e-09,0.546842520835897,0.322,0.285,0.000138558605251582,"4","ZNF800"
7.61986984620933e-09,0.299958396877988,0.481,0.452,0.000152488835362341,"4","DNAJC8"
8.33411806233642e-09,0.434372064375669,0.363,0.332,0.000166782370663476,"4","GHITM"
8.72011418628915e-09,0.589122600462182,0.256,0.217,0.000174506925096019,"4","IQSEC1"
8.80365247368786e-09,0.527550079360834,0.322,0.286,0.000176178693303441,"4","CSGALNACT2"
9.44175093664512e-09,0.307322911090995,0.531,0.51,0.000188948319744142,"4","NDUFB1"
1.1155991685996e-08,0.440372983838544,0.342,0.306,0.000223253705620152,"4","RAB14"
1.1591422266477e-08,0.290188401532381,0.545,0.537,0.000231967542396738,"4","TMEM59"
1.18731668941052e-08,0.461835844514544,0.405,0.376,0.000237605815884834,"4","THOC2"
1.18795886461243e-08,0.339917336836273,0.439,0.413,0.000237734327986239,"4","DYNLRB1"
1.24898467124268e-08,0.439798963385076,0.356,0.325,0.000249946812409085,"4","C19orf70"
1.30846387058625e-08,0.299520815018167,0.555,0.549,0.000261849789781721,"4","BZW1"
1.36731947986135e-08,0.448017026847092,0.331,0.294,0.000273627974309854,"4","PDCD10"
1.46465686245989e-08,0.441034049194482,0.375,0.343,0.000293107131315473,"4","BAZ1A"
1.50717620606144e-08,0.542415151565512,0.272,0.235,0.000301616102357016,"4","ECH1"
1.52415633447589e-08,0.257174220608867,0.657,0.66,0.000305014165655315,"4","CDC42SE2"
1.53986672302153e-08,0.447461309295578,0.381,0.352,0.000308158128611069,"4","CDC37"
1.55270873936075e-08,0.74841101220428,0.333,0.304,0.000310728072920874,"4","GOLGB1"
1.74622369897293e-08,0.477548754228989,0.333,0.298,0.000349454286638462,"4","ARPP19"
1.74641421324395e-08,0.601110254171884,0.296,0.26,0.00034949241235438,"4","MED13"
1.83681343468578e-08,0.435913178454753,0.309,0.273,0.000367583104549318,"4","PSMD7"
1.8735576423623e-08,0.442305992103006,0.429,0.408,0.000374936355389544,"4","PRPF40A"
1.90946585210128e-08,0.559420567175617,0.256,0.217,0.000382122306322508,"4","OTUB1"
1.92020002121041e-08,0.26707115849981,0.546,0.527,0.000384270428244626,"4","DNAJB6"
1.92544682420248e-08,0.425782547393086,0.379,0.35,0.000385320418459401,"4","THRAP3"
1.97073202201636e-08,0.562762143937995,0.274,0.237,0.000394382892245915,"4","GOLGA7"
1.9711062559935e-08,0.498113351030858,0.329,0.291,0.00039445778394942,"4","ZBTB44"
2.15235502754041e-08,0.517578725650314,0.277,0.239,0.000430729288111387,"4","CMC2"
2.25717426971528e-08,0.508393157508577,0.269,0.227,0.000451705714855422,"4","CTDSP1"
2.29967314080426e-08,0.513555136456983,0.274,0.236,0.000460210588937748,"4","TMED5"
2.35763299993863e-08,0.471947625913465,0.318,0.284,0.000471809515947719,"4","PSMB4"
2.59382439971034e-08,0.442585925012099,0.386,0.362,0.000519076138870034,"4","CRBN"
2.9729822159652e-08,0.492824073853809,0.425,0.406,0.000594953201058956,"4","SEMA4D"
3.07930396736822e-08,0.408551613302483,0.363,0.332,0.000616230309949728,"4","CNOT2"
3.23874387309075e-08,0.690374329374961,0.276,0.245,0.000648137423882922,"4","ARHGAP4"
3.48692077434265e-08,0.561954146381547,0.276,0.24,0.000697802585361451,"4","NUTM2B-AS1"
3.52070061993004e-08,0.452420078063358,0.343,0.31,0.000704562608060399,"4","PAFAH1B1"
3.68182055954236e-08,0.491317219324516,0.271,0.235,0.000736805930375617,"4","MRPS6"
3.83606393317137e-08,0.3982958245613,0.373,0.341,0.000767673114306255,"4","COX17"
4.01535540373033e-08,0.61431361707457,0.252,0.219,0.000803552923394513,"4","CAPRIN1"
4.05459561481081e-08,0.406417501740471,0.352,0.322,0.000811405674435939,"4","TMED2"
4.71858119244217e-08,0.330431558007619,0.448,0.424,0.000944282468231528,"4","ENY2"
4.78745796339552e-08,0.388141464521866,0.457,0.442,0.000958066087634712,"4","CSNK1A1"
5.54755186232825e-08,0.639660693965334,0.253,0.218,0.00111017607868913,"4","CLIP1"
5.70555895862412e-08,0.367768646970818,0.338,0.296,0.00114179645879986,"4","SH3BP5"
6.17746167552724e-08,0.422174387012566,0.437,0.412,0.00123623363050651,"4","RSF1"
6.34580850089606e-08,0.506208548054158,0.306,0.271,0.00126992319719932,"4","UBE2S"
6.38963637555889e-08,0.523270181712056,0.289,0.255,0.00127869403147685,"4","CDK11A"
6.41421269431675e-08,0.591754926751991,0.276,0.244,0.00128361224438667,"4","PUM2"
6.56941843146797e-08,0.469463232156334,0.394,0.367,0.00131467201650537,"4","GTF2I"
6.60215235814832e-08,0.380927438142271,0.48,0.456,0.00132122272991264,"4","TTC14"
6.80528993157736e-08,0.336282491654068,0.472,0.462,0.00136187462110726,"4","RABAC1"
7.12278287462453e-08,0.28166902215929,0.641,0.643,0.00142541130886986,"4","EIF4G2"
8.3827577990192e-08,0.520505939988621,0.338,0.31,0.00167755749073972,"4","RASSF5"
8.67769882617608e-08,0.506085557617355,0.302,0.27,0.00173658108909436,"4","SEC31A"
9.38989632714993e-08,0.54568590661804,0.257,0.222,0.00187910605298924,"4","C16orf54"
1.08194159409436e-07,0.292094482567979,0.492,0.472,0.00216518151810163,"4","NDUFB7"
1.1923125997626e-07,0.474465251476758,0.342,0.319,0.00238605597464492,"4","XRCC6"
1.23804628548996e-07,0.259639076321311,0.567,0.559,0.0024775782265225,"4","SSBP1"
1.2938777738114e-07,0.390866654778716,0.408,0.386,0.00258930820095138,"4","KIF5B"
1.32448869205604e-07,0.335393764670666,0.455,0.437,0.00265056677054254,"4","SRP9"
1.37327833327205e-07,0.608814034404568,0.283,0.249,0.00274820460054404,"4","USP47"
1.38045348707649e-07,0.567364686203479,0.274,0.238,0.00276256351833748,"4","GON4L"
1.38673355909447e-07,0.530782566220757,0.264,0.229,0.00277513119845985,"4","SMARCE1"
1.45289706932061e-07,0.393173292465967,0.421,0.395,0.00290753761512441,"4","SMARCA5"
1.5962132149383e-07,0.588113944109561,0.273,0.241,0.00319434188573453,"4","PBRM1"
1.80371497959797e-07,0.637157310257839,0.27,0.239,0.00360959441717146,"4","SLC39A10"
1.91549477168707e-07,0.436881349020343,0.35,0.322,0.00383328813710015,"4","ADAM10"
1.94635626726836e-07,0.584196500122395,0.256,0.223,0.00389504816205744,"4","VPS37B"
1.95762758226081e-07,0.251247139594001,0.466,0.437,0.00391760431762034,"4","OSTF1"
2.1324759735819e-07,0.412908920302354,0.358,0.332,0.00426751091833211,"4","ATP5PB"
2.16597878299751e-07,0.594689185895,0.251,0.218,0.00433455674053462,"4","MYSM1"
2.16733380575818e-07,0.452095224442771,0.363,0.336,0.00433726841208326,"4","SYNCRIP"
2.40108058102706e-07,0.467816870716133,0.374,0.352,0.00480504245875135,"4","ARID1A"
2.5434927253265e-07,0.432085335951193,0.267,0.229,0.0050900376419234,"4","UFD1"
2.69289993193311e-07,0.383322232830855,0.39,0.363,0.00538903134378454,"4","RASA2"
2.76196399306983e-07,0.275619331088992,0.458,0.438,0.00552724234293134,"4","PRELID1"
3.38696519053272e-07,0.495047381371173,0.343,0.314,0.00677799473929408,"4","SYNRG"
3.40343307980717e-07,0.410381520457086,0.466,0.456,0.00681095027931011,"4","OGT"
3.82850843250182e-07,0.523642759769783,0.299,0.27,0.00766161107512264,"4","TAOK1"
4.02531130649919e-07,0.358901206180487,0.465,0.444,0.00805545298656618,"4","SLTM"
4.27038143069325e-07,0.466679579564532,0.333,0.308,0.00854588731910333,"4","TIAL1"
4.3759481571648e-07,0.479591162908455,0.269,0.235,0.0087571474521182,"4","NFAT5"
4.94909832227108e-07,0.482873305750735,0.336,0.307,0.00990413556252889,"4","TACC1"
5.06130993338516e-07,0.335177726562048,0.458,0.443,0.0101286934386904,"4","BRD7"
5.58045919030192e-07,0.344243278338243,0.43,0.411,0.0111676149316322,"4","PRDX2"
6.39264007507023e-07,0.490427021533182,0.352,0.329,0.0127929513182305,"4","SETD2"
6.5359208556437e-07,0.44668309812134,0.251,0.217,0.0130796848163142,"4","LSM1"
6.67730777781372e-07,0.296101571140208,0.525,0.522,0.0133626283249608,"4","U2SURP"
6.68078804944017e-07,0.537151210932044,0.262,0.232,0.0133695930445397,"4","HDAC1"
6.89442777535021e-07,0.564249908069873,0.252,0.221,0.0137971288640308,"4","PDS5B"
6.93336712709325e-07,0.363595739280843,0.377,0.348,0.013875054294739,"4","MYLIP"
7.08848771902026e-07,0.410683111985312,0.314,0.28,0.0141854816233034,"4","RNF115"
7.1225583897494e-07,0.428706862505248,0.362,0.341,0.0142536638495665,"4","M6PR"
7.97561921617174e-07,0.432306917066836,0.275,0.24,0.0159608091754029,"4","SREK1IP1"
8.25924648228948e-07,0.44683053254145,0.291,0.261,0.0165284040603577,"4","MRPS34"
8.31599381356796e-07,0.378397331179484,0.453,0.44,0.0166419668197122,"4","DHX36"
8.38085129961641e-07,0.422275937685826,0.301,0.269,0.0167717596207924,"4","SERINC3"
8.38197328878465e-07,0.58999102111775,0.267,0.24,0.0167740049455158,"4","TTC37"
8.51676665414303e-07,0.317640627774484,0.436,0.419,0.017043753428271,"4","SNX6"
8.72237086113614e-07,0.463683035554621,0.299,0.267,0.0174552085673056,"4","LPIN2"
9.190822458649e-07,0.375899849752182,0.499,0.494,0.0183926739042484,"4","PCM1"
9.77209239749754e-07,0.584150679125188,0.323,0.299,0.0195559113058721,"4","KIAA1109"
9.92072173300329e-07,0.291905860639949,0.605,0.61,0.0198533483320862,"4","PRPF38B"
1.01939292762587e-06,0.377025945043288,0.282,0.246,0.020400091267649,"4","PLEKHA2"
1.03322746847212e-06,0.534910443765778,0.25,0.217,0.0206769480990641,"4","EHD1"
1.05357574620157e-06,0.491384346093329,0.332,0.307,0.0210841578329859,"4","GADD45GIP1"
1.05677892014988e-06,0.281017940968911,0.55,0.532,0.0211482597500394,"4","DDX21"
1.05898472613219e-06,0.54280000332528,0.281,0.251,0.0211924023393575,"4","ATP11B"
1.1616140693782e-06,0.450487977094475,0.273,0.242,0.0232462207563966,"4","PIN1"
1.17401569887932e-06,0.441288979511042,0.297,0.264,0.0234944021659729,"4","GNAI3"
1.24717075600245e-06,0.450895963609478,0.345,0.321,0.024958381169121,"4","HSPA9"
1.30087119831757e-06,0.481968353689672,0.317,0.291,0.0260330344207311,"4","HERC1"
1.31915588119647e-06,0.516179306612618,0.251,0.221,0.0263989474945037,"4","CDK11B"
1.79777234587952e-06,0.276338935596208,0.467,0.452,0.035977020185741,"4","SELENOW"
1.8013280815854e-06,0.405581989033456,0.31,0.28,0.0360481775686869,"4","ARF5"
1.82966862083411e-06,0.451696452126518,0.255,0.224,0.0366153284401323,"4","IER3IP1"
1.84509510603448e-06,0.294763003006261,0.565,0.572,0.036924043261962,"4","ZRANB2"
1.92469503157433e-06,0.406602477282183,0.32,0.291,0.0385169969718655,"4","SSR3"
1.99936904321518e-06,0.328934812123846,0.435,0.424,0.0400113732928222,"4","ABRACL"
2.0062172125801e-06,0.309094770590028,0.521,0.515,0.0401484188581529,"4","CBX3"
2.02063835952337e-06,0.361333810750214,0.336,0.307,0.0404370148507818,"4","PFDN2"
2.18220930192636e-06,0.275445500247364,0.534,0.539,0.0436703725501504,"4","NDUFB8"
2.33189382248256e-06,0.442242954453547,0.353,0.331,0.0466658591755209,"4","C1orf162"
2.35095044609501e-06,0.274364944558506,0.681,0.676,0.0470472203272534,"4","SMCHD1"
2.39999443474304e-06,0.350783849955556,0.441,0.422,0.0480286886280776,"4","EIF5B"
2.40569431819715e-06,0.372065569340409,0.316,0.288,0.0481427546957613,"4","LSM6"
2.63750559525988e-06,0.442724683888681,0.269,0.239,0.0527817619723407,"4","RHOG"
2.63897128571777e-06,0.534373280772958,0.301,0.276,0.0528110933697841,"4","FRYL"
2.73393098737529e-06,0.557394100078141,0.322,0.302,0.0547114269193543,"4","RANBP2"
2.8361670185717e-06,0.520661336684373,0.325,0.303,0.0567573743756569,"4","ZNF451"
2.86006271554839e-06,0.394318515311696,0.306,0.278,0.0572355750635545,"4","NDUFS8"
2.91379220795918e-06,0.255659294246838,0.545,0.554,0.058310809665679,"4","ATP5PF"
2.9836403923067e-06,0.522498097908633,0.287,0.262,0.0597086115308416,"4","ELK4"
3.17927763271442e-06,0.417052579366393,0.295,0.266,0.0636237039858809,"4","EFCAB14"
3.42630808036759e-06,0.503131335440684,0.252,0.222,0.0685672773043162,"4","STARD7"
3.50306310603621e-06,0.507984888190716,0.291,0.265,0.0701032988779966,"4","BRD9"
3.5033104224258e-06,0.377087755043958,0.381,0.356,0.0701082481735851,"4","NR3C1"
3.54820997316985e-06,0.293438250653768,0.524,0.527,0.071006777983075,"4","AMD1"
4.07342367325647e-06,0.27690737357357,0.498,0.495,0.0815173545492085,"4","XRCC5"
4.22122293275429e-06,0.491188967050709,0.264,0.236,0.0844751133302788,"4","MAPRE1"
4.74752804757728e-06,0.356110909297869,0.39,0.366,0.0950075312881165,"4","ARRDC3"
4.92141573382732e-06,0.427450359627196,0.378,0.359,0.0984873716653523,"4","SPTAN1"
5.31007418547169e-06,0.291977799412524,0.501,0.504,0.106265204599659,"4","SNRPF"
5.54325649182452e-06,0.532294847322086,0.319,0.3,0.110931648914392,"4","UBE2G2"
5.98788358585622e-06,0.290785234745132,0.511,0.507,0.119829526320155,"4","HSPE1"
7.2256789966918e-06,0.53522297746066,0.268,0.242,0.144600288081796,"4","TRABD"
8.09887570141221e-06,0.286450888475325,0.533,0.522,0.162074700536661,"4","GSTK1"
8.37061302760844e-06,0.450968851592458,0.376,0.359,0.1675127079085,"4","ZNF644"
8.43278845419348e-06,0.346930041771157,0.414,0.397,0.16875696254532,"4","RTF1"
8.54127617344602e-06,0.255408971374508,0.523,0.531,0.170928018783002,"4","PSMB1"
8.58998181296755e-06,0.473743080230373,0.323,0.303,0.171902716041107,"4","WDR26"
8.69174923279203e-06,0.490042750983735,0.28,0.254,0.173939285646634,"4","MAN1A2"
9.56911553595674e-06,0.301508853954905,0.453,0.451,0.191497140105566,"4","PA2G4"
9.91269752814716e-06,0.479528804867567,0.322,0.299,0.198372902933281,"4","TMOD3"
1.02092681841803e-05,0.44907557265705,0.289,0.268,0.204307874901817,"4","AIP"
1.07806614668693e-05,0.393743402110085,0.321,0.3,0.215742597274988,"4","MAT2B"
1.08011499886373e-05,0.304689853124727,0.462,0.456,0.216152613572611,"4","HNRNPR"
1.11212302609243e-05,0.406641071431915,0.26,0.232,0.222558059981616,"4","PHB"
1.23974926871107e-05,0.400348447001151,0.318,0.299,0.248098623654458,"4","TXNL4A"
1.47198467281839e-05,0.264506486667542,0.437,0.428,0.294573572724417,"4","TRAPPC1"
1.6929378422903e-05,0.333857409327695,0.394,0.382,0.338790720999135,"4","SF3B2"
1.70944235005077e-05,0.496137773064809,0.272,0.25,0.34209360309216,"4","FLI1"
1.75520023961706e-05,0.312176891566813,0.454,0.443,0.351250671952166,"4","RICTOR"
1.78668901802403e-05,0.407000925510971,0.294,0.267,0.35755220628697,"4","CCNDBP1"
1.79299528808574e-05,0.266697673761704,0.493,0.491,0.358814217051719,"4","NDUFB4"
1.84104448814892e-05,0.356116786657516,0.388,0.375,0.368429822968363,"4","ENSA"
1.84869499251228e-05,0.272771769487051,0.64,0.65,0.369960841901557,"4","SF3B1"
1.90226734342325e-05,0.271288513736004,0.506,0.507,0.38068174076586,"4","TMBIM4"
1.99855138631744e-05,0.411075084272096,0.312,0.292,0.399950103429846,"4","SRP72"
2.01622753377428e-05,0.349575907691753,0.401,0.389,0.40348745405891,"4","PSMA1"
2.01740615601853e-05,0.340656395027433,0.339,0.312,0.403723319942428,"4","PPM1K"
2.16906288326157e-05,0.34413338916883,0.347,0.326,0.434072864198306,"4","VPS4B"
2.18997071201876e-05,0.459163463233809,0.345,0.324,0.438256938889195,"4","CWF19L2"
2.39291486827664e-05,0.479085326870848,0.268,0.24,0.478870123439521,"4","HIST1H1D"
2.41857884537566e-05,0.506901011940819,0.307,0.289,0.484005998536578,"4","SNRNP200"
2.57774131848798e-05,0.384390972199731,0.275,0.246,0.515857592655815,"4","EMC7"
2.57889289667634e-05,0.455231379674116,0.263,0.236,0.51608804648287,"4","PHACTR4"
2.59317872595144e-05,0.257005601159956,0.378,0.356,0.518946926637402,"4","POLR2K"
2.81858673811808e-05,0.302665039939307,0.519,0.509,0.56405557803219,"4","USP15"
2.97177970196572e-05,0.31637119874723,0.512,0.514,0.594712553957379,"4","PAK2"
2.97510517541788e-05,0.387362633709534,0.408,0.4,0.595378047704626,"4","SRSF4"
3.05571631791235e-05,0.390864013886043,0.38,0.363,0.611509949540619,"4","G3BP1"
3.06328051431493e-05,0.42332575004653,0.292,0.269,0.613023696524703,"4","NECAP1"
3.08437015743568e-05,0.314104140042126,0.39,0.374,0.617244155906028,"4","TMED10"
3.09073073498922e-05,0.359451344877523,0.336,0.315,0.618517034686043,"4","CASP4"
3.31061142415656e-05,0.399522146031499,0.329,0.31,0.662519558202211,"4","DPP7"
3.34013597582672e-05,0.491016950287987,0.265,0.242,0.668428011482443,"4","ARFGEF1"
3.37907583527475e-05,0.524467875540334,0.255,0.232,0.676220656155182,"4","TTC17"
3.55790243480314e-05,0.292434076381804,0.486,0.488,0.712007435252804,"4","TRA2A"
3.72111438544653e-05,0.436498851640585,0.284,0.26,0.74466941081556,"4","CTCF"
3.75534880501238e-05,0.346772405281645,0.395,0.384,0.751520402859078,"4","PPHLN1"
3.86687695961285e-05,0.402625680497697,0.417,0.412,0.773839417157724,"4","NIPBL"
4.21125752505525e-05,0.455162460474861,0.312,0.295,0.842756855914056,"4","XPO1"
4.26178783288211e-05,0.374271167636742,0.394,0.379,0.852868981116369,"4","CCSER2"
4.39099534268461e-05,0.48208175848342,0.377,0.369,0.878725987978044,"4","KMT2C"
4.62218151728866e-05,0.341934860648349,0.309,0.282,0.924990965239807,"4","UPP1"
4.6872883407989e-05,0.448171009432728,0.303,0.285,0.938020142760676,"4","CCT8"
4.76742240989037e-05,0.464459818666621,0.351,0.339,0.95405657266726,"4","SNRNP70"
4.84467662169585e-05,0.480906544296559,0.271,0.248,0.969516685533774,"4","TOP2B"
4.84934122675362e-05,0.397824430876815,0.384,0.373,0.970450166297935,"4","RNPS1"
5.67972342109258e-05,0.412546186000356,0.269,0.245,1,"4","NDUFS7"
5.81023400960667e-05,0.281733115539271,0.446,0.439,1,"4","BRK1"
5.94926770316473e-05,0.374352445455811,0.337,0.323,1,"4","RANBP1"
6.35142667240185e-05,0.473548668045551,0.25,0.228,1,"4","GNA13"
6.48021814770861e-05,0.383548554523521,0.273,0.247,1,"4","RAB5C"
6.84927570764327e-05,0.355255202352325,0.41,0.403,1,"4","SREK1"
7.08426788507133e-05,0.294317994713551,0.528,0.536,1,"4","PSMA3-AS1"
7.12610900015509e-05,0.490474266867273,0.34,0.329,1,"4","ILF3"
7.50933143285337e-05,0.259264044334016,0.56,0.55,1,"4","SAMHD1"
8.03756525475929e-05,0.351337014746211,0.393,0.382,1,"4","BAX"
8.05557423784187e-05,0.393953016425344,0.281,0.259,1,"4","RBBP7"
9.36458337255086e-05,0.442395355324382,0.266,0.245,1,"4","CSNK1G2"
0.000100621699289372,0.284775060448322,0.368,0.354,1,"4","POLR2J"
0.000108333336635402,0.309586970917363,0.41,0.404,1,"4","ATP5F1C"
0.000108862038551205,0.310238257193246,0.322,0.299,1,"4","SSNA1"
0.000112776586377983,0.252758040918104,0.424,0.41,1,"4","KIF2A"
0.000119072132165998,0.312141552600869,0.348,0.329,1,"4","NUB1"
0.00012683740782804,0.398966590586833,0.328,0.313,1,"4","TM9SF3"
0.000128278970765283,0.46704224723631,0.305,0.29,1,"4","CCAR1"
0.000130227474095745,0.323447481519356,0.319,0.297,1,"4","MED4"
0.000131080526523331,0.322823223804577,0.462,0.465,1,"4","DDX46"
0.000144841143306706,0.385481096720308,0.335,0.319,1,"4","YWHAE"
0.000153269963808711,0.302352638705628,0.381,0.37,1,"4","MAGOH"
0.000161726744347002,0.453167598653666,0.254,0.232,1,"4","MRPL42"
0.000168584005164174,0.417918901887822,0.381,0.368,1,"4","DYNC1H1"
0.000171778081725416,0.393445538803646,0.321,0.307,1,"4","EIF3J"
0.000172087405118981,0.32325124834608,0.388,0.38,1,"4","CHMP4A"
0.000180465590049916,0.479255209071299,0.255,0.235,1,"4","HECTD1"
0.000197361823699227,0.362846299532096,0.319,0.302,1,"4","CLINT1"
0.000200924305962857,0.408602040839192,0.302,0.28,1,"4","CBLB"
0.000212561411473411,0.411768839205257,0.328,0.315,1,"4","TAF15"
0.000226619691122698,0.357951664773099,0.298,0.283,1,"4","ELOC"
0.000247165333300492,0.465212881452803,0.255,0.234,1,"4","CCNT1"
0.000252365411471445,0.391860067957162,0.346,0.336,1,"4","NOP58"
0.000274947749381749,0.342676543964768,0.316,0.3,1,"4","CHCHD10"
0.00028198426311743,0.410849493968286,0.255,0.233,1,"4","MESD"
0.000300019433667309,0.435684332380522,0.39,0.389,1,"4","PPP4R3A"
0.000302660997086646,0.368130502563262,0.307,0.291,1,"4","PPM1G"
0.000314406591915617,0.407710801178451,0.304,0.286,1,"4","LARP7"
0.000333837304418827,0.432951724770731,0.276,0.261,1,"4","CCNK"
0.000335988819291977,0.390952015707556,0.283,0.264,1,"4","ABCF1"
0.000340885092793508,0.4723126264533,0.284,0.27,1,"4","ACIN1"
0.000360094275657863,0.31237541883639,0.453,0.445,1,"4","DNAJB1"
0.000362117082660651,0.317116226061901,0.287,0.267,1,"4","RALBP1"
0.00039960513396764,0.413764348617116,0.294,0.277,1,"4","ZFX"
0.000448748245524433,0.385406490185549,0.37,0.365,1,"4","RBM5"
0.000457931946961088,0.350828431620381,0.31,0.298,1,"4","PDCD5"
0.000463690184651755,0.394604507188651,0.252,0.231,1,"4","SNRNP27"
0.000478907751303437,0.335511726796753,0.438,0.438,1,"4","CDK13"
0.000500803456622956,0.339901508709616,0.337,0.329,1,"4","VPS29"
0.000501720935477623,0.384705936654922,0.271,0.253,1,"4","RALY"
0.000506844169843035,0.366546832215495,0.332,0.323,1,"4","CNOT1"
0.000514940892587523,0.352680923133542,0.364,0.357,1,"4","FGFR1OP2"
0.000523026759123857,0.314163519696194,0.344,0.33,1,"4","COX5A"
0.000605147505984727,0.427636191568431,0.286,0.268,1,"4","CSNK2A1"
0.000671161691954802,0.393496028703722,0.264,0.248,1,"4","DNAJC15"
0.000671808063014145,0.291019287609034,0.4,0.397,1,"4","IDI1"
0.000733498235290897,0.419837246087922,0.255,0.236,1,"4","SLU7"
0.000752375144849715,0.257603039184184,0.502,0.504,1,"4","DNAJA1"
0.000789644592863237,0.381772791606931,0.265,0.246,1,"4","KIDINS220"
0.000795607781772789,0.37150662251906,0.368,0.366,1,"4","C16orf72"
0.000851375034962132,0.250037363789208,0.451,0.447,1,"4","OSBPL8"
0.000866706159228903,0.307574355515401,0.32,0.307,1,"4","NDUFAB1"
0.000885910793314126,0.318300023380697,0.348,0.338,1,"4","DNAJC7"
0.000932770425166929,0.410006111423174,0.272,0.257,1,"4","NRDC"
0.000959858396506474,0.523193589005738,0.269,0.259,1,"4","CEP85L"
0.00102512189072002,0.405183851172777,0.274,0.261,1,"4","RAD23A"
0.00113043868896479,0.319293253840547,0.494,0.503,1,"4","NSD3"
0.00115798634027198,0.262443788002201,0.319,0.301,1,"4","DCTN3"
0.00116543654516432,0.302400135697392,0.313,0.3,1,"4","GDI2"
0.00128335209575337,0.41898158854796,0.279,0.265,1,"4","USP33"
0.00129264793389194,0.31762306248828,0.359,0.356,1,"4","LSM14A"
0.00151454693515496,0.527723955025564,0.275,0.267,1,"4","RIF1"
0.00152540416528257,0.422259210909364,0.285,0.274,1,"4","TRIM33"
0.00162420764563964,0.355884271666125,0.381,0.38,1,"4","RBM33"
0.00176260673655904,0.373420500302083,0.261,0.247,1,"4","PSMD4"
0.001818331402621,0.416332436383174,0.285,0.274,1,"4","IRF3"
0.00187392353275828,0.371083258379725,0.251,0.233,1,"4","TCP1"
0.0020410384451548,0.35928538282687,0.255,0.237,1,"4","NCOA1"
0.00209416399544793,0.305971729361603,0.287,0.27,1,"4","RNASEH2C"
0.00210838583203299,0.272860653419209,0.475,0.483,1,"4","USP16"
0.0022177060067794,0.35871277603756,0.286,0.275,1,"4","MAPK1IP1L"
0.00227240751965363,0.396865727232604,0.27,0.257,1,"4","HUWE1"
0.0023008881266553,0.332374317539838,0.256,0.24,1,"4","TRAPPC2L"
0.00230138806079139,0.459283117513367,0.298,0.29,1,"4","ZNF638"
0.00239491520358981,0.315803244483307,0.368,0.365,1,"4","BRD4"
0.00250296188900823,0.339913908929397,0.305,0.295,1,"4","FUBP1"
0.00255449010389786,0.390073843317145,0.264,0.251,1,"4","COPS6"
0.00258137030628758,0.351090935231423,0.309,0.302,1,"4","SSR1"
0.00259480976527149,0.454849477862952,0.25,0.235,1,"4","SMC1A"
0.00267969166406212,0.417900829138919,0.398,0.397,1,"4","PHIP"
0.00274648004610856,0.406238656117539,0.292,0.284,1,"4","RBM6"
0.00282714453193367,0.427545022122117,0.318,0.311,1,"4","ZC3H13"
0.00298151746529274,0.272252737312515,0.346,0.339,1,"4","STUB1"
0.00304044645397727,0.32398201291963,0.321,0.309,1,"4","HNRNPAB"
0.00304097201511877,0.305314908538426,0.336,0.327,1,"4","MAP2K2"
0.0031235922913897,0.363084594523913,0.258,0.247,1,"4","GPBP1L1"
0.0031434574886704,0.29850917138126,0.369,0.361,1,"4","RBBP4"
0.00324729524277823,0.451003673045645,0.305,0.301,1,"4","EP300"
0.00335947611633425,0.335024004901175,0.314,0.305,1,"4","MGST3"
0.00337861695241526,0.383833894266861,0.279,0.268,1,"4","COPA"
0.00340569945138802,0.331108458795872,0.289,0.279,1,"4","MDH2"
0.00344818634570609,0.369628270168774,0.428,0.44,1,"4","USP34"
0.00346148625854159,0.309714098500573,0.319,0.31,1,"4","RIOK3"
0.00346257307077047,0.281175570618055,0.331,0.324,1,"4","NDUFV2"
0.0036312679406223,0.465408393119266,0.25,0.239,1,"4","HERC4"
0.00389905434975413,0.318316863672711,0.42,0.425,1,"4","SLC38A2"
0.00399693278469893,0.309137017888651,0.263,0.25,1,"4","BANF1"
0.00411383806179133,0.325037932717736,0.278,0.266,1,"4","VDAC1"
0.00415201339647009,0.335867693253882,0.253,0.241,1,"4","MRPL34"
0.00433198132292589,0.388428041749455,0.261,0.248,1,"4","NSRP1"
0.00434364697377787,0.377392497562949,0.286,0.277,1,"4","PRPF8"
0.00465845690962063,0.288769836275885,0.386,0.39,1,"4","RAP1A"
0.00472963621054112,0.354019372067542,0.267,0.254,1,"4","DNMT1"
0.00476387040516291,0.316573204554737,0.326,0.319,1,"4","RFC1"
0.00494288270027043,0.302069154488618,0.263,0.248,1,"4","ZCRB1"
0.00518163570659635,0.411627021661454,0.291,0.282,1,"4","LCOR"
0.00533196656423662,0.314950534231876,0.34,0.335,1,"4","FAM204A"
0.00539341516224368,0.297515435211783,0.364,0.362,1,"4","FOXN3"
0.00545419062465835,0.2904228388039,0.324,0.316,1,"4","BUD31"
0.00550903917319134,0.259416743731169,0.386,0.387,1,"4","UBE2I"
0.00570927849553748,0.31238485083127,0.351,0.35,1,"4","ATG12"
0.00605567672413954,0.394066039367066,0.313,0.307,1,"4","NSD1"
0.00669297618764841,0.259198046614537,0.37,0.369,1,"4","AURKAIP1"
0.00710872466963997,0.300945055693666,0.39,0.395,1,"4","UFM1"
0.00735028069243349,0.337982180276251,0.293,0.281,1,"4","CFAP97"
0.00741179526751101,0.254659660629576,0.444,0.444,1,"4","LBH"
0.00769272364904694,0.348406126250646,0.289,0.284,1,"4","EIF4H"
0.00802905572005219,0.365641641208182,0.284,0.279,1,"4","PPP2CA"
0.00838960036584635,0.320363945776821,0.289,0.281,1,"4","MEAF6"
0.00868048974754454,0.334293817152109,0.29,0.281,1,"4","NCOA7"
0.00907371795272849,0.354668165050692,0.297,0.287,1,"4","MIS18BP1"
0,1.93064587436417,0.748,0.257,0,"5","LEF1"
0,1.1713068669421,0.96,0.488,0,"5","IL7R"
0,1.62035352866131,0.871,0.411,0,"5","TCF7"
0,1.43883712203314,0.981,0.538,0,"5","LTB"
0,1.92339588567933,0.651,0.212,0,"5","MAL"
0,0.95520065451197,0.64,0.207,0,"5","AIF1"
0,1.72171010809911,0.667,0.259,0,"5","CAMK4"
0,1.36235811396797,0.734,0.331,0,"5","RCAN3"
0,1.22490288357039,0.817,0.435,0,"5","SELL"
0,1.83045668148296,0.577,0.197,0,"5","CCR7"
0,1.48149841363365,0.713,0.347,0,"5","SATB1"
0,2.21317729798132,0.487,0.129,0,"5","TRABD2A"
0,1.18280398172436,0.584,0.234,0,"5","IFI44L"
0,1.37035049677648,0.714,0.364,0,"5","NOSIP"
0,0.934152712223089,0.831,0.491,0,"5","TRAC"
0,1.16284306950208,0.717,0.38,0,"5","RGS10"
0,2.4272444821213,0.425,0.095,0,"5","NELL2"
0,1.66503827275996,0.553,0.225,0,"5","SOCS3"
0,1.47383419190356,0.568,0.249,0,"5","ABLIM1"
0,1.25623857055968,0.614,0.301,0,"5","OXNAD1"
0,1.59864867500557,0.554,0.243,0,"5","PDE3B"
0,0.541820355557191,0.91,0.602,0,"5","CD3G"
0,1.31325967603344,0.602,0.294,0,"5","IL6ST"
0,1.58596065649903,0.525,0.218,0,"5","SERINC5"
0,1.05821095162179,0.784,0.478,0,"5","BCL11B"
0,1.39006804486182,0.65,0.346,0,"5","BCL2"
0,1.12627946629978,0.877,0.575,0,"5","LDHB"
0,0.417387023657886,0.929,0.63,0,"5","CD3D"
0,1.34329921841621,0.506,0.216,0,"5","CD27"
0,1.20969535834613,0.577,0.29,0,"5","NUCB2"
0,1.03634716065041,0.781,0.496,0,"5","TMEM123"
0,1.11642374711118,0.749,0.464,0,"5","NDFIP1"
0,1.54765528961455,0.509,0.225,0,"5","DGKA"
0,0.954481906300183,0.862,0.596,0,"5","LEPROTL1"
0,0.961624453981946,0.781,0.521,0,"5","C6orf48"
0,2.00317910707791,0.371,0.111,0,"5","ACTN1"
0,1.49500183928787,0.438,0.179,0,"5","TESPA1"
0,1.86769715915431,0.403,0.145,0,"5","GPR155"
0,0.867814928254077,0.863,0.618,0,"5","FOXP1"
0,3.19621819196043,0.28,0.036,0,"5","LRRN3"
0,1.14363341933173,0.518,0.275,0,"5","MAML2"
0,1.47459052908996,0.424,0.183,0,"5","TRAT1"
0,1.2338305142202,0.434,0.203,0,"5","FAM102A"
0,1.02847817594127,0.55,0.32,0,"5","PAG1"
0,2.08646747882894,0.324,0.094,0,"5","RETREG1"
0,0.856228223296297,0.648,0.419,0,"5","GIMAP7"
0,0.498902250707228,0.892,0.663,0,"5","CD3E"
0,0.730268943609729,0.726,0.5,0,"5","MGAT4A"
0,1.81332275760403,0.342,0.12,0,"5","ITGA6"
0,1.0082405740676,0.513,0.295,0,"5","GIMAP1"
0,0.74146399560535,0.523,0.306,0,"5","TXK"
0,1.67831577496499,0.359,0.146,0,"5","PDK1"
0,0.813287645507529,0.559,0.348,0,"5","MCUB"
0,1.35883409948563,0.427,0.216,0,"5","SESN3"
0,0.801064851242816,0.592,0.382,0,"5","CD55"
0,1.88985369842857,0.293,0.084,0,"5","BEX3"
0,1.3576143933486,0.352,0.146,0,"5","BEX2"
0,0.788329354807331,0.517,0.312,0,"5","IFI6"
0,1.55697431575398,0.335,0.131,0,"5","MYC"
0,1.38796394956465,0.384,0.182,0,"5","CD8B"
0,0.533582732994138,0.833,0.631,0,"5","IFITM1"
0,0.754115521818234,0.734,0.533,0,"5","SEPT6"
0,1.39506103652527,0.346,0.146,0,"5","RIC3"
0,0.655832488288281,0.61,0.411,0,"5","SPOCK2"
0,1.3833534300815,0.351,0.153,0,"5","PRKCA"
0,0.798223552484545,0.717,0.519,0,"5","SMDT1"
0,0.653517184143873,0.791,0.595,0,"5","GCC2"
0,0.750317095977802,0.652,0.457,0,"5","PSIP1"
0,0.639529360991233,0.687,0.493,0,"5","PIK3IP1"
0,0.8067906768987,0.503,0.31,0,"5","RHOH"
0,1.54285732071302,0.315,0.123,0,"5","FLT3LG"
0,0.619219341476419,0.771,0.582,0,"5","SNHG8"
0,0.672395993368065,0.518,0.329,0,"5","NFKBIZ"
0,1.40236537328617,0.299,0.11,0,"5","BACH2"
0,2.38661970100606,0.255,0.068,0,"5","LINC02446"
0,0.843572461804201,0.407,0.22,0,"5","RGCC"
0,0.7435773875718,0.54,0.354,0,"5","GIMAP4"
0,0.961890680713947,0.45,0.265,0,"5","PDE7A"
0,0.905293082842718,0.966,0.781,0,"5","SARAF"
0,0.65450278390327,0.607,0.423,0,"5","TSTD1"
0,0.956263224522994,0.446,0.263,0,"5","PIM1"
0,0.743664599511072,0.535,0.353,0,"5","SNHG7"
0,1.3489377712087,0.332,0.15,0,"5","LDLRAP1"
0,1.27014165470533,0.339,0.159,0,"5","PIM2"
0,0.769954267856622,0.471,0.291,0,"5","FCMR"
0,0.801777221089175,0.468,0.29,0,"5","TC2N"
0,0.821711757156019,0.481,0.304,0,"5","MSL3"
0,1.26082618889591,0.344,0.168,0,"5","MLLT3"
0,1.35797588203716,0.316,0.143,0,"5","TMEM63A"
0,0.590091731801397,0.706,0.533,0,"5","PDCD4"
0,0.540237648700272,0.925,0.756,0,"5","FYB1"
0,0.631725853989505,0.609,0.44,0,"5","PEBP1"
0,0.641391891920605,0.519,0.353,0,"5","TMEM243"
0,0.571907455412606,0.555,0.389,0,"5","LINC00861"
0,1.5845536024033,0.273,0.108,0,"5","SPINT2"
0,0.600169617465956,0.631,0.466,0,"5","TNFAIP8"
0,0.583572234585577,0.677,0.513,0,"5","DDX18"
0,0.822332171699101,0.417,0.254,0,"5","IPCEF1"
0,0.934762440552936,0.415,0.253,0,"5","SPTBN1"
0,0.531342227668728,0.671,0.511,0,"5","MIF"
0,0.536476197070483,0.74,0.581,0,"5","CLEC2D"
0,0.661434283054737,0.659,0.5,0,"5","TTC3"
0,0.975795684874498,0.292,0.134,0,"5","TTN"
0,1.42032487044196,0.285,0.127,0,"5","PCED1B"
0,0.640965493342432,0.457,0.3,0,"5","PPM1K"
0,1.08416940022919,0.327,0.173,0,"5","INPP4B"
0,1.42933731226669,0.264,0.11,0,"5","AQP3"
0,0.48996929849121,0.809,0.655,0,"5","LIMD2"
0,0.678664039796755,0.901,0.748,0,"5","EIF3E"
0,0.594689758114652,0.673,0.52,0,"5","CHURC1"
0,0.542845704410859,0.714,0.561,0,"5","TRAF3IP3"
0,0.411509493844678,0.489,0.337,0,"5","BIRC3"
0,1.04601563292226,0.302,0.151,0,"5","SELENOM"
0,0.87109833315141,0.357,0.207,0,"5","ITPKB"
0,0.680713947138694,0.593,0.443,0,"5","G3BP2"
0,0.634712217474563,0.46,0.312,0,"5","SVIP"
0,1.28835330110844,0.28,0.132,0,"5","SLC7A6"
0,0.633904147895863,0.491,0.343,0,"5","OCIAD2"
0,0.900705348180514,0.369,0.222,0,"5","GOLGA8A"
0,0.640935115427147,0.444,0.298,0,"5","CCDC66"
0,0.493256505235038,0.649,0.503,0,"5","TAF1D"
0,0.491013986219678,0.803,0.658,0,"5","TRBC2"
0,0.608493635444102,0.638,0.493,0,"5","CYLD"
0,0.839974879472538,0.916,0.773,0,"5","RPS17"
0,1.13311202411248,0.29,0.147,0,"5","SGTB"
0,1.13735645157776,0.29,0.148,0,"5","LINS1"
0,0.725637087545023,0.436,0.295,0,"5","STX16"
0,0.476264774544563,0.574,0.433,0,"5","RASGRP1"
0,0.538381719766642,0.481,0.34,0,"5","XAF1"
0,0.622662121491493,0.862,0.722,0,"5","NSA2"
0,0.422899548174032,0.841,0.701,0,"5","CD69"
0,0.553385529724103,0.464,0.324,0,"5","SNRPN"
0,0.909744306542111,0.346,0.206,0,"5","HELB"
0,0.454270516658259,0.846,0.707,0,"5","AAK1"
0,0.486151507113764,0.534,0.395,0,"5","ARHGAP15"
0,0.626519575405575,0.466,0.327,0,"5","HSPD1"
0,0.559565910141457,0.874,0.735,0,"5","ATM"
0,0.540760865077463,0.862,0.723,0,"5","ZFAS1"
0,0.452330654358225,0.477,0.338,0,"5","LAT"
0,0.502203237276015,0.75,0.612,0,"5","SOD1"
0,1.29302080442731,0.252,0.115,0,"5","CD28"
0,1.06517095727055,0.287,0.15,0,"5","TMEM106B"
0,0.446018735104365,0.542,0.406,0,"5","TOB1"
0,0.526567622539229,0.512,0.377,0,"5","EPB41L4A-AS1"
0,0.609315452961608,0.438,0.303,0,"5","ITK"
0,0.553325170674336,0.884,0.749,0,"5","NAP1L1"
0,0.784107683199747,0.315,0.18,0,"5","MX1"
0,0.664631793645345,0.368,0.233,0,"5","BIN1"
0,1.03957039326445,0.272,0.14,0,"5","TNFRSF25"
0,0.760699629456022,0.337,0.207,0,"5","EVI2A"
0,0.690058243275925,0.339,0.21,0,"5","SCML4"
0,0.483761279736013,0.743,0.614,0,"5","ANP32B"
0,0.487863809341619,0.519,0.391,0,"5","RSL1D1"
0,0.486543067713897,0.544,0.417,0,"5","ZBTB20"
0,0.380262899836964,0.742,0.615,0,"5","ADD3"
0,0.568298925552327,0.425,0.298,0,"5","CHD3"
0,0.54103327281424,0.354,0.227,0,"5","AC243960.1"
0,0.712859238683761,0.314,0.188,0,"5","HSPB1"
0,0.488295138356177,0.495,0.369,0,"5","C1QBP"
0,0.373267970284251,0.581,0.455,0,"5","SLFN5"
0,0.388646059128005,0.709,0.584,0,"5","FXYD5"
0,0.585576957194654,0.414,0.29,0,"5","CHCHD10"
0,0.995693438904889,0.255,0.134,0,"5","UXS1"
0,0.375991674725782,0.644,0.523,0,"5","SLC38A1"
0,0.305055792203965,0.442,0.322,0,"5","C1orf162"
0,0.803416351468276,0.308,0.188,0,"5","ZBTB10"
0,0.852011122617148,0.282,0.162,0,"5","XRRA1"
0,0.495010434866321,0.55,0.431,0,"5","UBALD2"
0,0.63185050674573,0.419,0.3,0,"5","TGFBR2"
0,0.844391410159459,0.283,0.164,0,"5","SNHG12"
0,0.900081837438564,0.289,0.17,0,"5","MLXIP"
0,0.561073088257444,0.902,0.785,0,"5","RIPOR2"
0,0.654356159674199,0.321,0.205,0,"5","FAM162A"
0,0.555803628292485,0.445,0.329,0,"5","ATP1A1"
0,0.393097526657474,0.471,0.355,0,"5","RASA2"
0,0.361167395663571,0.529,0.414,0,"5","ABRACL"
0,0.361821277218072,0.57,0.455,0,"5","ISCU"
0,0.514844611019242,0.463,0.349,0,"5","CDKN1B"
0,0.459779791118937,0.322,0.208,0,"5","THEMIS"
0,0.704850311699964,0.332,0.218,0,"5","TAB2"
0,0.428943630472668,0.624,0.51,0,"5","MPHOSPH8"
0,0.453395432111698,0.379,0.266,0,"5","NCK2"
0,0.595126240488437,0.348,0.235,0,"5","NBDY"
0,0.627664978983803,0.374,0.261,0,"5","APEX1"
0,0.414258486594797,0.402,0.29,0,"5","CCND2"
0,0.986162392597496,0.256,0.144,0,"5","THEM4"
0,0.78074358580628,0.272,0.16,0,"5","BEX4"
0,0.345406318197419,0.624,0.512,0,"5","GSTK1"
0,0.812312059224436,0.308,0.196,0,"5","GIMAP2"
0,0.401837011821205,0.61,0.498,0,"5","SELENOH"
0,0.666642704979047,0.352,0.24,0,"5","ERGIC2"
0,0.505974458842764,0.474,0.362,0,"5","RBM26"
0,0.33957779638875,0.6,0.489,0,"5","GYPC"
0,0.46672342771643,0.437,0.326,0,"5","NOP58"
0,0.574580350517483,0.399,0.29,0,"5","PPA1"
0,0.64991052383514,0.333,0.224,0,"5","MRPL42"
0,0.374769138941357,0.597,0.488,0,"5","PPP1R2"
0,0.336158894864601,0.295,0.186,0,"5","YBX3"
0,0.629610162579937,0.343,0.235,0,"5","ATF7IP2"
0,0.760338412542677,0.289,0.181,0,"5","SH3YL1"
0,0.409652024123782,0.395,0.288,0,"5","CD6"
0,0.612863706320678,0.336,0.229,0,"5","SFXN1"
0,0.776498388783032,0.318,0.211,0,"5","ESF1"
0,0.595906348019508,0.367,0.26,0,"5","CDC14A"
0,0.396288065667909,0.629,0.522,0,"5","EIF2S3"
0,0.537043138271566,0.37,0.263,0,"5","FGD3"
0,0.338569477615682,0.675,0.569,0,"5","EIF3H"
0,0.854120541795069,0.276,0.17,0,"5","ZBTB25"
0,0.365714139825139,0.765,0.659,0,"5","TNRC6B"
0,0.470132168788337,0.406,0.301,0,"5","NDUFC1"
0,0.718365990032388,0.294,0.189,0,"5","CBX5"
0,0.945538619898561,0.256,0.152,0,"5","KCNQ1OT1"
0,0.884663745830109,0.265,0.161,0,"5","ZNF101"
0,0.553926432521298,0.374,0.27,0,"5","HAX1"
0,0.364890014408619,0.754,0.65,0,"5","TOMM20"
0,0.355627789534134,0.61,0.506,0,"5","CBX3"
0,0.321147222712762,0.61,0.506,0,"5","ZC3HAV1"
0,0.360625239372654,0.589,0.485,0,"5","SORL1"
0,0.412895216512854,0.464,0.361,0,"5","NOL7"
0,0.872198947416411,0.251,0.148,0,"5","DMAC1"
0,0.884988792065704,0.255,0.152,0,"5","TMEM245"
0,0.339866048501867,0.627,0.524,0,"5","DDX21"
0,0.646735603222068,0.305,0.202,0,"5","SINHCAF"
0,0.433780713236981,0.372,0.269,0,"5","ZNF331"
0,0.853379380361061,0.256,0.154,0,"5","NAA16"
0,0.47894549627313,0.434,0.333,0,"5","GABPB1-AS1"
0,0.344497880053682,0.614,0.513,0,"5","EIF5A"
0,0.471816717557015,0.406,0.306,0,"5","CNOT7"
0,0.840799186355512,0.259,0.159,0,"5","ZBED5"
0,0.284196594128261,0.787,0.687,0,"5","C12orf57"
0,0.380324539149845,0.624,0.524,0,"5","ST13"
0,0.762906078424708,0.259,0.16,0,"5","FOXO1"
0,0.293652921482169,0.74,0.641,0,"5","NKTR"
0,0.393619763485424,0.84,0.741,0,"5","HNRNPH1"
0,0.622356790514884,0.354,0.255,0,"5","FTX"
0,0.260311258230865,0.778,0.679,0,"5","HSPA8"
0,0.660613361841427,0.298,0.199,0,"5","UBAC2"
0,0.418466370901647,0.421,0.322,0,"5","SNHG25"
0,0.418695798494957,0.458,0.36,0,"5","ARRDC3"
0,0.79884631155692,0.269,0.171,0,"5","MRPS33"
0,0.341032246949139,0.629,0.531,0,"5","SRSF10"
0,0.324137806819108,0.66,0.562,0,"5","ZRANB2"
0,0.572281951301665,0.353,0.255,0,"5","ELK4"
0,0.425897155159863,0.404,0.307,0,"5","LSM5"
0,0.476919938275071,0.369,0.272,0,"5","DNAJC19"
0,0.515551885578734,0.929,0.833,0,"5","MBNL1"
0,0.301062084772244,0.686,0.59,0,"5","ERP29"
0,0.564820096696013,0.393,0.297,0,"5","SECISBP2"
0,0.49370483035312,0.387,0.291,0,"5","ALKBH7"
0,0.642899148318378,0.329,0.233,0,"5","NFKB1"
0,0.423330616391359,0.866,0.77,0,"5","HSP90AB1"
0,0.761810715424918,0.26,0.165,0,"5","SYPL1"
0,0.323254416966192,0.706,0.611,0,"5","CNBP"
0,0.404022378154564,0.427,0.332,0,"5","MRPL57"
0,0.571735617808271,0.281,0.187,0,"5","DCK"
0,0.620218528320462,0.297,0.203,0,"5","SFI1"
0,0.729572304570201,0.258,0.165,0,"5","NSMCE1"
0,0.358894388569019,0.652,0.559,0,"5","POLR2J3.1"
0,0.687738174955463,0.288,0.195,0,"5","WWP1"
0,0.676808858372552,0.26,0.168,0,"5","MX2"
0,0.420404454536166,0.329,0.238,0,"5","NBPF19"
0,0.623208357115086,0.269,0.178,0,"5","MAPKAPK5-AS1"
0,0.49117753631869,0.307,0.216,0,"5","AC025164.1"
0,0.53395530177586,0.345,0.254,0,"5","UGP2"
0,0.436709950131888,0.352,0.261,0,"5","STAT1"
0,0.265246597889639,0.708,0.617,0,"5","EIF4B"
0,0.622658311147009,0.26,0.17,0,"5","NPAT"
0,0.712898042988608,0.261,0.171,0,"5","ESD"
0,0.294074357577,0.741,0.651,0,"5","CDC42SE2"
0,0.383064938974055,0.583,0.493,0,"5","NSD3"
0,0.574814301368777,0.292,0.202,0,"5","SRSF8"
0,0.582086110786114,0.289,0.2,0,"5","ABCE1"
0,0.457857654191164,0.302,0.214,0,"5","SMIM27"
0,0.499643919135348,0.259,0.173,0,"5","IFI44"
0,0.507384216687951,0.268,0.182,0,"5","UGCG"
0,0.382497570253184,0.871,0.785,0,"5","EIF4A2"
0,0.598344231727153,0.271,0.187,0,"5","ST3GAL1"
0,0.558584924623316,0.289,0.205,0,"5","NIFK"
0,0.486645129831881,0.952,0.868,0,"5","ITM2B"
0,0.51927935499234,0.294,0.212,0,"5","CHCHD7"
0,0.3027056207884,0.814,0.732,0,"5","ATP6V1G1"
0,0.609826748615487,0.253,0.174,0,"5","PHF1"
0,0.620506968195066,0.257,0.179,0,"5","CRTC3"
0,0.341174539637531,0.888,0.814,0,"5","HINT1"
0,0.323166171680645,0.877,0.804,0,"5","NOP53"
0,0.346051391827773,0.889,0.817,0,"5","SKP1"
0,0.325931000078131,0.859,0.788,0,"5","DDX17"
0,0.5762148863634,0.943,0.874,0,"5","NPM1"
0,0.358982513414478,0.906,0.838,0,"5","RPL17"
0,0.302936589002303,0.834,0.768,0,"5","SF1"
0,0.302687199672734,0.92,0.86,0,"5","PNISR"
0,0.47166787416166,0.974,0.914,0,"5","PABPC1"
0,0.250375849552672,0.838,0.781,0,"5","NDUFA4"
0,0.351571111700639,0.978,0.924,0,"5","EEF1B2"
0,0.358265972453228,0.897,0.844,0,"5","CD48"
0,0.513087249518705,0.982,0.931,0,"5","RPLP0"
0,0.459507135308671,0.969,0.92,0,"5","RPL36A"
0,0.404016961740745,0.949,0.901,0,"5","COX7C"
0,0.839939647100479,0.989,0.945,0,"5","RPS26"
0,0.495005960451064,0.987,0.952,0,"5","RPS5"
0,0.902391653127989,0.998,0.965,0,"5","RPL23"
0,0.543689565638126,0.992,0.968,0,"5","RPSA"
0,0.579151129756339,0.995,0.972,0,"5","RPS20"
0,0.625093823537753,0.985,0.963,0,"5","RPL31"
0,0.384525473919866,0.985,0.967,0,"5","RPL7"
0,0.298104182991016,0.994,0.977,0,"5","RPL5"
0,0.47282388778267,0.995,0.978,0,"5","RPS21"
0,0.336765539750561,0.995,0.98,0,"5","RPL22"
0,0.483645256327402,0.995,0.982,0,"5","RPS13"
0,0.328849916124549,0.996,0.985,0,"5","RPL24"
0,0.57770639601321,0.997,0.987,0,"5","RPS25"
0,0.306510523941188,0.996,0.987,0,"5","RPL35A"
0,0.456239991074202,0.996,0.987,0,"5","RPL12"
0,0.389715294361454,0.997,0.988,0,"5","RPL21"
0,0.508352584309054,0.999,0.99,0,"5","RPL38"
0,0.302302735188494,0.997,0.988,0,"5","RPS16"
0,0.286391444801504,0.997,0.988,0,"5","RPS9"
0,0.268686970926279,1,0.992,0,"5","RPS8"
0,0.314613059359886,0.997,0.989,0,"5","RPS3A"
0,0.354696209514922,0.999,0.992,0,"5","RPL14"
0,0.396240451820234,0.997,0.99,0,"5","RPL9"
0,0.501678334002241,0.999,0.992,0,"5","RPS12"
0,0.310500444648974,0.999,0.992,0,"5","RPS6"
0,0.554393109796727,0.997,0.99,0,"5","RPL36"
0,0.265547573401545,0.998,0.992,0,"5","RPS23"
0,0.375938717315047,0.998,0.992,0,"5","RPLP2"
0,0.403921915192746,0.999,0.993,0,"5","RPS29"
0,0.275633191761689,0.999,0.993,0,"5","RPS15"
0,0.346049767542163,0.999,0.993,0,"5","RPL18A"
0,0.328763266221507,1,0.995,0,"5","RPL34"
0,0.354842442341258,0.997,0.992,0,"5","RPL39"
0,0.423646300488992,0.998,0.993,0,"5","RPS28"
0,0.29011921325701,0.998,0.994,0,"5","RPL11"
0,0.480908569364927,0.998,0.994,0,"5","RPL30"
0,0.307967167733235,0.999,0.995,0,"5","RPL41"
0,0.432941620465041,0.998,0.995,0,"5","RPL32"
0,0.339109680298163,0.999,0.996,0,"5","RPL37"
0,0.312917997444913,0.999,0.996,0,"5","RPS18"
0,0.416603312906981,1,0.997,0,"5","RPLP1"
0,0.364625518993252,1,0.997,0,"5","RPL13"
0,0.423460105503183,1,0.997,0,"5","RPL28"
0,0.305359572735393,0.999,0.998,0,"5","RPS27"
2.22044604925031e-16,0.328531091229539,0.543,0.437,4.44355663375973e-12,"5","RBL2"
2.22044604925031e-16,0.325826306997452,0.621,0.526,4.44355663375973e-12,"5","PSMA3-AS1"
2.22044604925031e-16,0.425929858212912,0.359,0.265,4.44355663375973e-12,"5","LARS"
2.22044604925031e-16,0.417339777126518,0.374,0.281,4.44355663375973e-12,"5","TTC39C"
2.22044604925031e-16,0.460011185322285,0.331,0.242,4.44355663375973e-12,"5","RPL7L1"
2.22044604925031e-16,0.473956332486696,0.303,0.221,4.44355663375973e-12,"5","DARS"
2.22044604925031e-16,0.56793356596048,0.255,0.178,4.44355663375973e-12,"5","EBPL"
4.44089209850063e-16,0.29853637986067,0.631,0.523,8.88711326751945e-12,"5","EPB41"
4.44089209850063e-16,0.295717902558296,0.72,0.619,8.88711326751945e-12,"5","SRSF11"
4.44089209850063e-16,0.327007595582823,0.666,0.578,8.88711326751945e-12,"5","SEC62"
4.44089209850063e-16,0.53673741131826,0.275,0.196,8.88711326751945e-12,"5","FNTA"
6.66133814775094e-16,0.590152437843741,0.261,0.185,1.33306699012792e-11,"5","ELP2"
1.11022302462516e-15,0.400804203210674,0.434,0.339,2.22177831687986e-11,"5","SRSF6"
1.11022302462516e-15,0.407553728520134,0.428,0.335,2.22177831687986e-11,"5","TMEM14B"
1.11022302462516e-15,0.422157371675883,0.349,0.26,2.22177831687986e-11,"5","NCBP2"
1.55431223447522e-15,0.295693764047079,0.456,0.355,3.11048964363181e-11,"5","HIST1H4C"
1.99840144432528e-15,0.496536164297377,0.292,0.211,3.99920097038375e-11,"5","RNF216"
2.44249065417534e-15,0.578533347219089,0.302,0.225,4.8879122971357e-11,"5","ESYT2"
3.5527136788005e-15,0.503022386917023,0.261,0.185,7.10969061401556e-11,"5","MTR"
4.66293670342566e-15,0.413210692500178,0.39,0.298,9.33146893089543e-11,"5","DOCK10"
4.66293670342566e-15,0.293162381511031,0.591,0.499,9.33146893089543e-11,"5","HSPE1"
4.66293670342566e-15,0.474759087348727,0.345,0.264,9.33146893089543e-11,"5","MDFIC"
5.10702591327572e-15,0.566155452345446,0.268,0.194,1.02201802576474e-10,"5","CRLF3"
8.88178419700125e-15,0.40748139577937,0.441,0.353,1.77742265350389e-10,"5","CD46"
9.76996261670138e-15,0.396434249862856,0.406,0.316,1.95516491885428e-10,"5","NDUFV2"
1.46549439250521e-14,0.381808577538641,0.472,0.381,2.93274737828142e-10,"5","ARHGAP45"
1.70974345792274e-14,0.290638454464676,0.591,0.501,3.42153860799499e-10,"5","CHD2"
1.95399252334028e-14,0.460898842631271,0.28,0.203,3.91032983770856e-10,"5","NUP50"
2.1094237467878e-14,0.344250933476291,0.502,0.411,4.22137880207174e-10,"5","TUT4"
2.22044604925031e-14,0.496931150962314,0.298,0.221,4.44355663375973e-10,"5","CLNS1A"
2.79776202205539e-14,0.477914084303005,0.332,0.251,5.59888135853726e-10,"5","TPP2"
2.8643754035329e-14,0.34992300797434,0.482,0.392,5.73218805755005e-10,"5","MRPS21"
3.5527136788005e-14,0.305047508500365,0.613,0.533,7.10969061401556e-10,"5","RBMX"
3.70814490224802e-14,0.293702002928826,0.665,0.584,7.42073957837874e-10,"5","NDUFS5"
4.17443857259059e-14,0.393752032792567,0.378,0.294,8.35388647146829e-10,"5","UBE2G2"
5.50670620214078e-14,0.583512473574565,0.269,0.201,1.10200204517241e-09,"5","AGO2"
5.7065463465733e-14,0.455270314626438,0.341,0.26,1.14199405487625e-09,"5","NECAP2"
7.39408534400354e-14,0.284454952140053,0.552,0.46,1.47970435904199e-09,"5","STAT3"
7.50510764646606e-14,0.428407254922311,0.414,0.333,1.50192214221079e-09,"5","SNRNP70"
1.0547118733939e-13,0.259349917365848,0.725,0.65,2.11068940103587e-09,"5","SERBP1"
1.10578213252666e-13,0.256831001579779,0.692,0.611,2.21289120361234e-09,"5","EIF1AX"
1.26343380202343e-13,0.43063222260029,0.256,0.182,2.52838372460928e-09,"5","C8orf33"
1.4210854715202e-13,0.496433414844024,0.372,0.293,2.84387624560622e-09,"5","ZMYM2"
1.62758695410048e-13,0.303840738571976,0.541,0.452,3.25712701254588e-09,"5","EIF3M"
2.19380069665931e-13,0.426371658874199,0.331,0.255,4.39023395415461e-09,"5","LARP1"
2.54685161849011e-13,0.399112836483621,0.364,0.283,5.09675945892241e-09,"5","ZNF638"
3.29958282918597e-13,0.389625395071735,0.255,0.182,6.60312515776695e-09,"5","MRPS31"
4.11892742135933e-13,0.46610048540407,0.318,0.243,8.24279755562429e-09,"5","RNF145"
7.95363774841462e-13,0.302110413361278,0.507,0.419,1.59168198621273e-08,"5","TRIM22"
8.27560242555592e-13,0.442034781516112,0.274,0.202,1.65611355740225e-08,"5","TBC1D15"
8.30668867024542e-13,0.269239909877786,0.461,0.365,1.66233453668951e-08,"5","ITM2A"
1.02651220856842e-12,0.515644356082797,0.264,0.196,2.05425623178712e-08,"5","ENTPD4"
1.07025499573865e-12,0.370533574912142,0.369,0.289,2.14179429747219e-08,"5","TBL1XR1"
1.22657439760587e-12,0.306454645235002,0.632,0.552,2.45462068448887e-08,"5","ORMDL1"
1.89825932750409e-12,0.328367999467652,0.53,0.449,3.79879656620119e-08,"5","OGT"
2.15583106921713e-12,0.347996160018911,0.467,0.384,4.31424913571732e-08,"5","SMIM26"
2.22555307516359e-12,0.42368374655933,0.305,0.231,4.45377681401737e-08,"5","MTERF4"
2.35123032155116e-12,0.332398805430214,0.438,0.352,4.70528211948817e-08,"5","SIVA1"
2.45581333047085e-12,0.366310586002235,0.398,0.319,4.91457363693826e-08,"5","EBLN3P"
2.97917246427915e-12,0.458714763288585,0.297,0.225,5.96191993551543e-08,"5","C1GALT1"
3.25339755136156e-12,0.319503160577098,0.478,0.389,6.51069917978475e-08,"5","ZNF706"
3.67395003308957e-12,0.346011494491523,0.456,0.373,7.35230880621884e-08,"5","MRPL20"
4.96513941072863e-12,0.374678961739964,0.361,0.28,9.93623698875012e-08,"5","TNRC6C"
7.30770999268771e-12,0.352484538631213,0.357,0.28,1.46241892373666e-07,"5","CCT8"
1.03774766557763e-11,0.380260079648812,0.313,0.238,2.07674062835395e-07,"5","DYRK2"
1.21738175096198e-11,0.49558147139828,0.272,0.207,2.43622436002511e-07,"5","AC114760.2"
1.27227117729944e-11,0.378741004775307,0.315,0.242,2.54606908001165e-07,"5","TECR"
1.45032874598883e-11,0.435945395473155,0.283,0.214,2.90239788647284e-07,"5","MRPS18C"
1.88784543553311e-11,0.356335487767092,0.397,0.319,3.77795628558886e-07,"5","CWF19L2"
1.92532656484445e-11,0.35960148684443,0.328,0.253,3.85296352156672e-07,"5","CEP85L"
2.06776817890386e-11,0.426829386701755,0.323,0.254,4.13801767962241e-07,"5","SPG7"
2.12616590999914e-11,0.360128772321277,0.394,0.316,4.25488321909029e-07,"5","EIF2A"
2.30093721853564e-11,0.257866316883013,0.686,0.625,4.60463556173352e-07,"5","RSL24D1"
2.59756660625499e-11,0.298808149329269,0.484,0.403,5.19825029243748e-07,"5","SNRPE"
2.63049582116537e-11,0.274318805810343,0.578,0.507,5.26414823731614e-07,"5","RAN"
2.72859512762125e-11,0.469431302685081,0.281,0.216,5.46046456939564e-07,"5","WDR43"
2.98661095854413e-11,0.392166223201067,0.33,0.26,5.97680585023852e-07,"5","MSI2"
3.69586583559567e-11,0.285034195939831,0.708,0.626,7.39616671019405e-07,"5","LUC7L3"
4.85012030537746e-11,0.369987569065722,0.385,0.31,9.70606075512137e-07,"5","AIMP1"
6.28794794010901e-11,0.284927925763981,0.392,0.314,1.25834414177461e-06,"5","EIF2AK2"
6.60602683666411e-11,0.375844000909168,0.369,0.299,1.32199809055322e-06,"5","TRIM44"
7.27193860683428e-11,0.500338035223822,0.252,0.19,1.45526035399968e-06,"5","SUCLG2"
1.12144959985017e-10,0.407696717149891,0.255,0.192,2.24424493922015e-06,"5","RASSF3"
1.39894318351708e-10,0.329309970123171,0.267,0.2,2.79956509885437e-06,"5","PITPNC1"
1.75913061895017e-10,0.436313085940445,0.268,0.204,3.52037219464307e-06,"5","CBL"
1.78093095826171e-10,0.277527843708986,0.564,0.488,3.56399903367333e-06,"5","PCM1"
1.9876811307995e-10,0.266221360627857,0.461,0.376,3.97774747895596e-06,"5","SP110"
2.92444291005722e-10,0.352942505366296,0.276,0.209,5.85239515160652e-06,"5","NAE1"
3.19082316124764e-10,0.327478930403852,0.44,0.366,6.38547531028877e-06,"5","GLG1"
3.98090449493793e-10,0.440679264793867,0.251,0.191,7.96658607526979e-06,"5","HBS1L"
4.01504163249911e-10,0.364473197035226,0.334,0.263,8.03490131495721e-06,"5","LPIN2"
4.3873749078216e-10,0.346462021125278,0.354,0.283,8.78001466553258e-06,"5","PCGF5"
5.08040276514521e-10,0.294704697706919,0.435,0.356,1.01669020136086e-05,"5","OCIAD1"
5.22872856123513e-10,0.373247698605113,0.252,0.19,1.04637315967437e-05,"5","ZKSCAN1"
5.42662803582061e-10,0.262637982198827,0.369,0.291,1.08597680252842e-05,"5","RASA3"
5.63915358853251e-10,0.282913181795285,0.44,0.363,1.12850741613713e-05,"5","PRDX6"
6.38080477344261e-10,0.318199923368929,0.381,0.307,1.27692665126133e-05,"5","AKIRIN1"
7.47997663808064e-10,0.256382404909997,0.526,0.449,1.4968929248127e-05,"5","PPIG"
7.67291785663815e-10,0.430842201746664,0.254,0.194,1.53550432147043e-05,"5","IFNAR1"
8.96840379738251e-10,0.270668812488252,0.369,0.292,1.79475696793219e-05,"5","SEPT1"
1.84454851392957e-09,0.299933406690006,0.331,0.263,3.69131048607585e-05,"5","HIF1A"
2.24961627104392e-09,0.309249328293916,0.428,0.354,4.50193208161309e-05,"5","TMC8"
2.35212271881835e-09,0.270175633758792,0.455,0.386,4.70706798489928e-05,"5","THUMPD1"
2.71886757552409e-09,0.280164739335676,0.389,0.315,5.4409977921388e-05,"5","TMEM230"
3.32299499028466e-09,0.332678606765288,0.325,0.26,6.64997757455765e-05,"5","PURA"
4.90348317505607e-09,0.333727499630126,0.322,0.257,9.8128505299222e-05,"5","CHD6"
5.44063394336547e-09,0.378264319733684,0.281,0.221,0.00010887796647463,"5","PBXIP1"
7.19886927846858e-09,0.336482995104135,0.295,0.231,0.000144063772000713,"5","XPO6"
7.44411043918092e-09,0.395672730412335,0.254,0.196,0.000148971538108889,"5","RNF138"
7.74552999516231e-09,0.297456753237126,0.34,0.273,0.000155003546263188,"5","SNHG15"
9.40363609203132e-09,0.260217174126577,0.437,0.366,0.000188185565473731,"5","COX14"
9.92462356741441e-09,0.294033590831153,0.426,0.359,0.000198611566831097,"5","G3BP1"
1.03915818172595e-08,0.315552065318829,0.308,0.245,0.000207956335326998,"5","ZCCHC7"
1.20788821167395e-08,0.335556663938101,0.259,0.199,0.00024172258892019,"5","PRMT1"
1.2145641603567e-08,0.330408284506789,0.321,0.258,0.000243058579770583,"5","PHF14"
1.44580538652406e-08,0.36780554554702,0.29,0.235,0.000289334573951194,"5","HERC4"
2.19924365385538e-08,0.314780721448775,0.295,0.235,0.000440112640009538,"5","TRAPPC6A"
2.28171577187908e-08,0.34201066020878,0.29,0.232,0.000456616960268441,"5","CCT2"
2.43836006941223e-08,0.38994989323715,0.288,0.231,0.000487964617090775,"5","LONP2"
2.61513535271263e-08,0.33724690174549,0.27,0.212,0.000523340886784851,"5","CHMP5"
2.87367920570603e-08,0.33316986995174,0.279,0.221,0.00057508068264589,"5","CEBPZOS"
4.48381962669941e-08,0.303426149944458,0.341,0.279,0.000897301983695087,"5","MAP4K4"
5.49531447013862e-08,0.276863192284091,0.399,0.337,0.00109972233176414,"5","CEBPZ"
5.51603251963684e-08,0.351452258189045,0.334,0.273,0.00110386842782972,"5","MBTPS1"
6.69802346919823e-08,0.364273000749685,0.267,0.211,0.00134040845665595,"5","PRPF6"
6.74542626200036e-08,0.376801320573802,0.333,0.278,0.00134989470355151,"5","MARCH6"
7.30768590084807e-08,0.324503035000877,0.262,0.207,0.00146241410247772,"5","TIMM13"
7.73275812271379e-08,0.289873024352229,0.345,0.285,0.00154747955551748,"5","DNAJA2"
8.02368904651019e-08,0.304512720380068,0.267,0.21,0.00160570065198762,"5","MBD5"
8.06747428860888e-08,0.299563038432917,0.283,0.226,0.00161446295463641,"5","PLP2"
8.79715555957006e-08,0.29793156272953,0.373,0.309,0.00176048677058116,"5","NOP56"
1.08492026473783e-07,0.291256059267567,0.349,0.285,0.00217114243379335,"5","LSM6"
1.63010698051025e-07,0.320871519149124,0.271,0.217,0.00326217008939711,"5","ICAM2"
1.64365776100794e-07,0.303700924632103,0.266,0.213,0.0032892879113291,"5","MKRN1"
2.31973922959483e-07,0.395250810356337,0.33,0.28,0.00464226214626517,"5","STT3B"
2.5746637866142e-07,0.254145139226176,0.354,0.291,0.00515241716977233,"5","ALG13"
2.78779716644806e-07,0.28483191493186,0.377,0.317,0.00557893968949585,"5","TMED4"
2.81862041484615e-07,0.389594280186266,0.251,0.201,0.00564062317419012,"5","VPS35"
5.50951314126635e-07,0.29267684444729,0.358,0.303,0.0110256376983022,"5","SRSF1"
7.26253919225428e-07,0.325716934672415,0.329,0.277,0.0145337934315393,"5","NCOA3"
7.51584468661193e-07,0.256349827664671,0.561,0.499,0.0150407083868478,"5","PHF3"
8.57993478708963e-07,0.296447975779416,0.254,0.202,0.0171701654959238,"5","NUDCD2"
9.81075608752491e-07,0.315387951903274,0.262,0.212,0.0196332850823548,"5","MFNG"
1.27627673052189e-06,0.311062556769562,0.283,0.232,0.025540849931204,"5","MED28"
1.72752174076862e-06,0.283304389236053,0.276,0.224,0.0345711650762617,"5","PMPCB"
1.79698570446085e-06,0.272410770539201,0.271,0.219,0.0359612779176706,"5","WHAMM"
1.82750261346065e-06,0.35606575145835,0.254,0.207,0.0365719823005746,"5","ZNF33A"
1.84153667581732e-06,0.269088573199791,0.396,0.34,0.0368528319564563,"5","MTCH1"
1.99662910516096e-06,0.309026427985396,0.314,0.263,0.0399565416524812,"5","RIF1"
2.42502579306247e-06,0.307535184993494,0.311,0.26,0.0485296161707662,"5","SLC25A36"
2.71413676156129e-06,0.388713780022434,0.297,0.249,0.0543153048723646,"5","TNRC6A"
2.77143203430974e-06,0.369813673958459,0.256,0.21,0.0554618978706065,"5","SUMF2"
3.55001265983645e-06,0.284580290673055,0.302,0.25,0.0710428533486471,"5","ATXN2L"
4.88029119516398e-06,0.327019496848681,0.251,0.205,0.0976643873976215,"5","BTF3L4"
5.61387561903715e-06,0.267647602966142,0.251,0.205,0.112344878888171,"5","MITD1"
6.22525670967988e-06,0.317974700299198,0.259,0.214,0.124579837274114,"5","ZC3H7A"
7.53425868826874e-06,0.287043125041926,0.255,0.209,0.150775584869634,"5","DAP3"
9.35253592548868e-06,0.288788229450635,0.376,0.325,0.187162948940879,"5","ILF3"
1.00033468231064e-05,0.252420459309901,0.457,0.403,0.200186976624006,"5","SEMA4D"
2.57507549394909e-05,0.272872724317576,0.25,0.208,0.515324107849091,"5","AP3M2"
2.86342524391525e-05,0.256016135012057,0.36,0.316,0.57302865981232,"5","JPX"
4.80265375151223e-05,0.286690707391957,0.318,0.275,0.961107068752628,"5","YIPF4"
7.15395284305309e-05,0.271187744361226,0.253,0.212,1,"5","ARID2"
8.28752901766983e-05,0.277340384340988,0.317,0.273,1,"5","NLRP1"
0.000135003047206927,0.300211012517302,0.257,0.219,1,"5","TRIP11"
0.00025384641835613,0.306543894462175,0.261,0.225,1,"5","DUS1L"
0.000324192892376285,0.273979923722198,0.254,0.219,1,"5","RERE"
0.00227010634829394,0.26929090851026,0.272,0.242,1,"5","ARFGEF1"
0,2.88940224303411,0.889,0.165,0,"6","KLRF1"
0,1.90655745558522,0.908,0.244,0,"6","TYROBP"
0,2.062148498039,0.919,0.317,0,"6","KLRB1"
0,1.91237630581968,0.954,0.362,0,"6","KLRD1"
0,2.5684847455705,0.723,0.132,0,"6","FCER1G"
0,2.33671287676041,0.922,0.352,0,"6","GNLY"
0,2.85086425964632,0.788,0.224,0,"6","MYOM2"
0,2.1065672141352,0.87,0.329,0,"6","PRF1"
0,1.98413318603182,0.848,0.313,0,"6","GZMB"
0,2.43572253065617,0.738,0.207,0,"6","CLIC3"
0,2.34541579404916,0.757,0.257,0,"6","SPON2"
0,2.73231286636474,0.687,0.194,0,"6","IL2RB"
0,1.92039386924545,0.731,0.239,0,"6","FCGR3A"
0,1.51378488077121,0.994,0.508,0,"6","NKG7"
0,1.35738236319854,0.91,0.429,0,"6","CST7"
0,1.19381068016547,0.932,0.463,0,"6","GZMA"
0,1.77032970304155,0.862,0.41,0,"6","CTSW"
0,1.32956468424648,0.806,0.362,0,"6","FGFBP2"
0,1.6877498606541,0.768,0.326,0,"6","HOPX"
0,1.80545931953074,0.591,0.15,0,"6","TRDC"
0,1.86823604620406,0.721,0.298,0,"6","CMC1"
0,1.49011433486793,0.889,0.478,0,"6","EFHD2"
0,2.02684370170801,0.626,0.24,0,"6","CEP78"
0,1.98360631382118,0.773,0.412,0,"6","CD7"
0,0.469634640078793,0.746,0.397,0,"6","GZMH"
0,1.62648549613976,0.83,0.485,0,"6","CD247"
0,1.37020573168179,0.751,0.41,0,"6","SAMD3"
0,4.37771672851899,0.364,0.024,0,"6","SH2D1B"
0,3.64441832351909,0.384,0.045,0,"6","IGFBP7"
0,0.745505401048058,0.845,0.512,0,"6","CCL5"
0,2.01015884991834,0.548,0.216,0,"6","PTPN12"
0,1.46918628418099,0.689,0.361,0,"6","PYHIN1"
0,3.37965625484641,0.391,0.066,0,"6","XCL2"
0,2.16945407255344,0.481,0.158,0,"6","MCTP2"
0,2.42351199081278,0.554,0.233,0,"6","AREG"
0,1.39631376786567,0.824,0.503,0,"6","RUNX3"
0,3.54294571978878,0.368,0.048,0,"6","CHST2"
0,2.05779431773005,0.486,0.166,0,"6","MATK"
0,1.91348711683749,0.508,0.19,0,"6","METRNL"
0,1.03586212744758,0.759,0.443,0,"6","ZEB2"
0,4.31509334135657,0.345,0.029,0,"6","KLRC1"
0,1.65097633864475,0.611,0.297,0,"6","TXK"
0,1.37566175912721,0.793,0.481,0,"6","SYNE1"
0,1.43658985252868,0.777,0.469,0,"6","CD63"
0,1.55654141411587,0.517,0.218,0,"6","ADGRG1"
0,0.953934175901177,0.661,0.365,0,"6","CCL4"
0,1.86355412942549,0.493,0.205,0,"6","GK5"
0,1.90592366638896,0.428,0.146,0,"6","S1PR5"
0,2.86330502778469,0.354,0.072,0,"6","CD160"
0,1.7648741542528,0.452,0.171,0,"6","C1orf21"
0,1.68609217267935,0.579,0.304,0,"6","MAPK1"
0,1.45771396028688,0.691,0.419,0,"6","DIP2A"
0,1.55989497592876,0.478,0.215,0,"6","APMAP"
0,1.8333960738325,0.467,0.21,0,"6","HIPK2"
0,1.70989096842377,0.472,0.215,0,"6","MAP3K8"
0,2.22075413055666,0.392,0.136,0,"6","GSAP"
0,1.56753940285784,0.506,0.251,0,"6","SYTL3"
0,2.53680132767176,0.342,0.089,0,"6","ITGAX"
0,2.27702960831844,0.339,0.088,0,"6","CXXC5"
0,1.54962110729618,0.356,0.105,0,"6","CEBPD"
0,1.81973020472318,0.388,0.138,0,"6","PRSS23"
0,0.819175276708279,0.644,0.397,0,"6","PLEK"
0,1.20708271881783,0.764,0.518,0,"6","ABHD17A"
0,1.1120361506743,0.567,0.326,0,"6","MYO1F"
0,1.75190507863127,0.396,0.156,0,"6","ITGAM"
0,1.11346922021843,0.759,0.522,0,"6","GZMM"
0,2.34591934963615,0.31,0.075,0,"6","PTGDR"
0,2.35036210708279,0.313,0.086,0,"6","YPEL1"
0,1.68285433512569,0.374,0.149,0,"6","TBX21"
0,1.3031445059048,0.834,0.609,0,"6","PLAC8"
0,0.926061135827098,0.812,0.588,0,"6","ID2"
0,1.36862550621965,0.513,0.289,0,"6","GNPTAB"
0,2.21383929056792,0.325,0.102,0,"6","SLFN13"
0,1.68990834522102,0.379,0.156,0,"6","LAIR2"
0,1.04061602223862,0.899,0.678,0,"6","ITGB2"
0,2.73554876712784,0.277,0.058,0,"6","TLE1"
0,1.2527617512281,0.452,0.236,0,"6","MYBL1"
0,2.54322956211274,0.303,0.091,0,"6","TMIGD2"
0,1.16446761768484,0.693,0.481,0,"6","PIP4K2A"
0,1.18038170221171,0.523,0.314,0,"6","CTSD"
0,1.24086460674562,0.513,0.304,0,"6","ACTN4"
0,1.81325045920931,0.32,0.111,0,"6","TTC38"
0,1.9316639214151,0.328,0.12,0,"6","AOAH"
0,2.17964353113784,0.304,0.097,0,"6","CD300A"
0,2.29095422769084,0.289,0.082,0,"6","CTBP2"
0,1.58968231708657,0.411,0.207,0,"6","LPGAT1"
0,1.04720363699896,0.691,0.488,0,"6","GSTP1"
0,1.86981711911428,0.313,0.112,0,"6","RHOC"
0,1.81180594050942,0.311,0.111,0,"6","FCRL3"
0,1.3755072778234,0.451,0.251,0,"6","TFDP2"
0,1.48339369536437,0.495,0.295,0,"6","ARHGAP9"
0,2.21986629003425,0.307,0.109,0,"6","MAFF"
0,1.36949365091339,0.413,0.215,0,"6","CHST12"
0,1.34407087717811,0.472,0.277,0,"6","GPR65"
0,1.1503389087259,0.414,0.221,0,"6","TGFBR3"
0,1.02000318591323,0.793,0.604,0,"6","MBP"
0,1.23827859870115,0.672,0.485,0,"6","CEMIP2"
0,1.24204457206558,0.928,0.745,0,"6","IFITM2"
0,1.43271375230312,0.335,0.155,0,"6","FCRL6"
0,0.860222931203303,0.617,0.438,0,"6","ITGAL"
0,1.27520660369645,0.409,0.231,0,"6","TPST2"
0,1.27955434269849,0.525,0.35,0,"6","RAB5IF"
0,0.903534222378653,0.908,0.735,0,"6","ARL4C"
0,1.00775019805266,0.663,0.492,0,"6","BIN2"
0,1.4930259510975,0.32,0.149,0,"6","SYNGR1"
0,1.23777336889002,0.507,0.337,0,"6","GPATCH8"
0,1.75364210005862,0.271,0.102,0,"6","NCR3"
0,0.782212984983814,0.931,0.762,0,"6","SRGN"
0,1.96057908891868,0.258,0.089,0,"6","LAT2"
0,1.36915005416712,0.39,0.222,0,"6","IGF2R"
0,0.893191020602157,0.675,0.508,0,"6","CD81"
0,1.24864113683972,0.396,0.229,0,"6","FOSL2"
0,1.22624951630723,0.339,0.173,0,"6","CX3CR1"
0,1.03508496271419,0.596,0.43,0,"6","AKNA"
0,1.17371927998858,0.418,0.255,0,"6","STAT4"
0,1.2611879084233,0.834,0.671,0,"6","JAK1"
0,1.68464372360283,0.292,0.132,0,"6","LPCAT1"
0,1.38399552025988,0.306,0.147,0,"6","FGR"
0,1.21145440948347,0.377,0.221,0,"6","RASSF1"
0,0.916468128543042,0.595,0.44,0,"6","TGFB1"
0,0.964091249880623,0.7,0.546,0,"6","CFLAR"
0,1.00040743218057,0.646,0.494,0,"6","FAM49B"
0,1.64519035865791,0.267,0.115,0,"6","PTGDS"
0,0.872878136915626,0.788,0.636,0,"6","LITAF"
0,0.969287231578407,0.502,0.351,0,"6","PTPN4"
0,0.741812080468756,0.293,0.142,0,"6","IFITM3"
0,0.923402633999364,0.613,0.462,0,"6","TLN1"
0,0.858836686927839,0.76,0.61,0,"6","MSN"
0,0.979148400671962,0.533,0.385,0,"6","PRKCH"
0,1.49704427670334,0.296,0.148,0,"6","VAV3"
0,0.918573847764182,0.702,0.555,0,"6","UTRN"
0,0.993403586156924,0.542,0.397,0,"6","GNG2"
0,1.14153356741999,0.361,0.216,0,"6","NFATC2"
0,1.00141984882773,0.675,0.531,0,"6","PIK3R1"
0,1.50459400357008,0.288,0.144,0,"6","ADAM8"
0,1.28189157624168,0.312,0.17,0,"6","RRBP1"
0,1.20421539963535,0.331,0.19,0,"6","STOM"
0,1.08457181684032,0.379,0.238,0,"6","SLFN12L"
0,1.13215286243051,0.409,0.269,0,"6","CBLB"
0,1.0507398240806,0.398,0.259,0,"6","LYST"
0,0.872354507069099,0.747,0.608,0,"6","PRMT2"
0,0.938784496370355,0.59,0.451,0,"6","RNF125"
0,1.02958347733326,0.379,0.241,0,"6","ZAP70"
0,0.833430109717871,0.684,0.548,0,"6","MACF1"
0,1.02256935973764,0.421,0.285,0,"6","ARAP2"
0,1.05859191244847,0.293,0.157,0,"6","LYN"
0,1.4793326035831,0.289,0.153,0,"6","RIN3"
0,0.700145426816471,0.534,0.399,0,"6","CTSC"
0,0.462327609651916,0.527,0.392,0,"6","C12orf75"
0,1.44853370381604,0.295,0.16,0,"6","MEX3C"
0,0.942640413828084,0.574,0.439,0,"6","PARP8"
0,1.29126684363595,0.284,0.15,0,"6","USP28"
0,0.909075706023646,0.683,0.55,0,"6","FYN"
0,1.04834092989129,0.501,0.368,0,"6","HELZ"
0,0.906003093932515,0.512,0.38,0,"6","IQGAP2"
0,0.949195554509715,0.563,0.431,0,"6","AC245297.3"
0,0.585742903902883,0.705,0.575,0,"6","FLNA"
0,1.12790867236505,0.362,0.232,0,"6","CD226"
0,0.720802997313689,0.745,0.616,0,"6","SYNE2"
0,1.1978615009265,0.271,0.143,0,"6","SLAMF7"
0,1.44555318327142,0.299,0.172,0,"6","IFNGR1"
0,0.966427025755515,0.554,0.428,0,"6","OSTF1"
0,1.25650226193976,0.324,0.198,0,"6","UBE2F"
0,1.0637678411496,0.447,0.322,0,"6","PREX1"
0,1.06382166235159,0.408,0.284,0,"6","INPP5D"
0,0.846756878746096,0.954,0.831,0,"6","HCST"
0,1.06323286072123,0.372,0.25,0,"6","CHD9"
0,0.764806035336079,0.26,0.141,0,"6","CCL3"
0,1.33466514434326,0.254,0.135,0,"6","FNDC3B"
0,0.92979681379526,0.384,0.265,0,"6","DOK2"
0,0.799728523263449,0.5,0.381,0,"6","CEBPB"
0,1.33064082511287,0.291,0.173,0,"6","SCLT1"
0,0.603957912106442,0.698,0.58,0,"6","CLIC1"
0,1.11246340761716,0.295,0.177,0,"6","GAB3"
0,1.1991203922268,0.346,0.228,0,"6","NCOA1"
0,0.881817226569771,0.519,0.402,0,"6","ADGRE5"
0,0.856562514459563,0.654,0.539,0,"6","BZW1"
0,1.35838989631072,0.339,0.225,0,"6","IRS2"
0,0.64077382484254,0.865,0.751,0,"6","LCP1"
0,0.781601878589534,0.7,0.586,0,"6","IQGAP1"
0,1.14071946094408,0.302,0.189,0,"6","ADCY7"
0,1.10378275722914,0.333,0.221,0,"6","MAPRE2"
0,0.864312258168718,0.408,0.296,0,"6","PTPN22"
0,0.95018963875182,0.381,0.269,0,"6","ATP2B4"
0,0.731782211500841,0.358,0.246,0,"6","PTPRE"
0,1.00111607519,0.318,0.207,0,"6","GLIPR2"
0,1.09370325422451,0.319,0.208,0,"6","PXN"
0,0.787663848920687,0.522,0.412,0,"6","PRKACB"
0,1.02302539142617,0.38,0.271,0,"6","CSNK1D"
0,0.764597923005115,0.472,0.366,0,"6","SPN"
0,1.20051183215874,0.297,0.191,0,"6","SEC14L1"
0,0.828193593258554,0.428,0.323,0,"6","ARPC5L"
0,0.794168253131838,0.396,0.293,0,"6","TNFRSF1B"
0,1.09189568936832,0.268,0.165,0,"6","ZBP1"
0,0.849138778174733,0.487,0.384,0,"6","TES"
0,0.849384925213625,0.586,0.483,0,"6","SUN2"
0,1.15579276016544,0.281,0.179,0,"6","ITCH"
0,1.0514661200883,0.344,0.242,0,"6","SERPINB6"
0,0.846129274209849,0.376,0.275,0,"6","RAB29"
0,0.93031906147256,0.373,0.272,0,"6","TRAPPC10"
0,0.639261972020507,0.736,0.636,0,"6","CAST"
0,1.04876044136252,0.325,0.226,0,"6","HDDC2"
0,0.813501302527604,0.499,0.4,0,"6","DDIT4"
0,1.05552084949486,0.323,0.225,0,"6","PDE4D"
0,1.16672680965728,0.259,0.163,0,"6","PPIL2"
0,0.842366528612786,0.43,0.334,0,"6","SELPLG"
0,0.414061257878014,0.776,0.68,0,"6","ZFP36"
0,0.691712639267924,0.605,0.51,0,"6","CD164"
0,0.809405699262972,0.476,0.381,0,"6","DHRS7"
0,0.992378621965456,0.353,0.258,0,"6","SUGP2"
0,0.799177798958011,0.442,0.348,0,"6","APOL6"
0,0.774482244564472,0.618,0.524,0,"6","TLE4"
0,0.932396663641905,0.394,0.301,0,"6","KAT6B"
0,0.723451380637953,0.756,0.664,0,"6","RAC2"
0,0.644925659524483,0.669,0.578,0,"6","DBI"
0,0.990323110713147,0.311,0.22,0,"6","AGTPBP1"
0,1.10567554479078,0.257,0.166,0,"6","CALCOCO1"
0,0.750543352878199,0.607,0.516,0,"6","CDC42SE1"
0,0.710015212395799,0.438,0.348,0,"6","SLC9A3R1"
0,0.791417472298514,0.414,0.324,0,"6","RABGAP1L"
0,0.479726290796093,0.688,0.598,0,"6","CD99"
0,0.798842803312067,0.473,0.383,0,"6","DGKZ"
0,0.796311953359188,0.839,0.749,0,"6","RAP1B"
0,0.972531921809512,0.27,0.181,0,"6","MTSS1"
0,0.832524913942217,0.39,0.301,0,"6","TMX4"
0,0.870983113714402,0.31,0.221,0,"6","PLEKHA1"
0,1.07683754423507,0.269,0.181,0,"6","ATP8A1"
0,0.710178897660138,0.501,0.413,0,"6","FMNL1"
0,0.854700331316927,0.297,0.209,0,"6","BHLHE40"
0,0.88874284028018,0.39,0.303,0,"6","SYAP1"
0,1.03229030902808,0.306,0.219,0,"6","VPS37B"
0,0.726195376732636,0.562,0.476,0,"6","REL"
0,0.778241050802141,0.523,0.437,0,"6","HMGN3"
0,0.654310625953638,0.461,0.375,0,"6","MIDN"
0,0.421151069805833,0.693,0.607,0,"6","AHNAK"
0,0.87144875027561,0.411,0.325,0,"6","RBM38"
0,0.723009944632118,0.391,0.306,0,"6","PRDM1"
0,1.07604897013577,0.272,0.187,0,"6","SIPA1"
0,1.11624132231556,0.271,0.186,0,"6","LASP1"
0,0.7061214835241,0.619,0.534,0,"6","IFI16"
0,1.06096104947945,0.268,0.184,0,"6","TET2"
0,0.772270745525331,0.465,0.381,0,"6","PTPRA"
0,0.846583669529916,0.344,0.26,0,"6","PPP3CA"
0,0.843336286544492,0.375,0.292,0,"6","RAB8B"
0,0.918064660720473,0.262,0.179,0,"6","RAB37"
0,0.747927052759329,0.312,0.229,0,"6","APOBEC3G"
0,0.937373451745136,0.262,0.18,0,"6","AGTRAP"
0,0.842537386161088,0.376,0.294,0,"6","ADD1"
0,0.653549540981043,0.508,0.426,0,"6","PAXX"
0,1.01173390845181,0.253,0.171,0,"6","HIST1H1E"
0,1.03924900322382,0.313,0.231,0,"6","NFAT5"
0,0.691383695418055,0.547,0.466,0,"6","NDUFB7"
0,0.894587576650305,0.358,0.277,0,"6","RNF115"
0,0.622075623130931,0.641,0.56,0,"6","IRF1"
0,0.649426052271511,0.568,0.487,0,"6","SORL1"
0,0.498644756890757,0.55,0.47,0,"6","DUSP2"
0,0.774720613167417,0.453,0.373,0,"6","STK10"
0,0.69186549516775,0.405,0.326,0,"6","C1orf162"
0,0.67232909865609,0.625,0.546,0,"6","WIPF1"
0,0.98087323254545,0.359,0.28,0,"6","AC007952.4"
0,0.993475404432104,0.281,0.203,0,"6","ARHGAP26"
0,0.833908175184377,0.349,0.271,0,"6","CCDC69"
0,0.857738970072527,0.311,0.235,0,"6","PTPN18"
0,0.779793886227536,0.454,0.378,0,"6","CDKN2D"
0,0.774104371056134,0.443,0.367,0,"6","BST2"
0,0.70446819707258,0.825,0.749,0,"6","RNF213"
0,0.782617412764505,0.373,0.298,0,"6","MXD4"
0,0.83263023359251,0.363,0.288,0,"6","ZBTB44"
0,0.868670904615409,0.258,0.184,0,"6","LMO4"
0,0.84785707677366,0.317,0.243,0,"6","CTBP1"
0,0.714108096551428,0.405,0.331,0,"6","FKBP11"
0,0.703464755001546,0.422,0.349,0,"6","CARD16"
0,0.810292123190335,0.345,0.272,0,"6","BSG"
0,0.81993483542763,0.325,0.253,0,"6","SYTL1"
0,0.744779955309772,0.303,0.231,0,"6","PTPN7"
0,0.758035069940167,0.415,0.343,0,"6","ZBTB1"
0,0.734171270283293,0.908,0.837,0,"6","UBB"
0,0.713009282842513,0.496,0.425,0,"6","BTN3A2"
0,0.903588367329251,0.3,0.229,0,"6","SDF4"
0,0.722024272277068,0.955,0.884,0,"6","CYBA"
0,0.725079766687003,0.537,0.467,0,"6","LNPEP"
0,0.734047536716697,0.356,0.286,0,"6","QKI"
0,0.792987396246737,0.353,0.284,0,"6","C1orf56"
0,0.812247426020412,0.33,0.261,0,"6","LPP"
0,0.876620636749266,0.306,0.237,0,"6","CSNK1G3"
0,0.826951219421086,0.335,0.266,0,"6","GATAD2A"
0,0.874662261661775,0.3,0.231,0,"6","INPP4A"
0,0.949709380589706,0.276,0.208,0,"6","TENT4B"
0,0.927491012775926,0.251,0.183,0,"6","EIF4G3"
0,0.801388717920177,0.387,0.319,0,"6","ADAM10"
0,0.928031910145096,0.269,0.201,0,"6","ERN1"
0,0.781688101401412,0.275,0.208,0,"6","SASH3"
0,0.903434208918525,0.264,0.197,0,"6","ZC3H18"
0,0.589299949712073,0.3,0.233,0,"6","RAB11FIP1"
0,0.667326553857389,0.695,0.628,0,"6","TCF25"
0,0.693715036795435,0.339,0.273,0,"6","SSBP3"
0,0.734840972133326,0.504,0.438,0,"6","BRD7"
0,0.649577035511913,0.638,0.574,0,"6","CCND3"
0,0.728563846621961,0.409,0.345,0,"6","PRKAR1A"
0,0.694834459784187,0.363,0.299,0,"6","P4HB"
0,0.697145575342112,0.851,0.787,0,"6","SEPT7"
0,0.648376582105636,0.416,0.353,0,"6","CD96"
0,0.772390029543402,0.408,0.345,0,"6","NFATC3"
0,0.660381629978042,0.623,0.56,0,"6","CD47"
0,0.728109680593421,0.344,0.281,0,"6","SLA"
0,0.537641313358046,0.625,0.563,0,"6","RARRES3"
0,0.764188287444055,0.329,0.267,0,"6","DGKD"
0,0.555510787152756,0.523,0.461,0,"6","SLFN5"
0,0.609022752807206,0.47,0.409,0,"6","CASP8"
0,0.676648322112308,0.379,0.318,0,"6","ANXA6"
0,0.726231100392446,0.32,0.26,0,"6","LINC00623"
0,0.589040701453071,0.476,0.416,0,"6","DIAPH1"
0,0.861562869441382,0.256,0.196,0,"6","VPS26A"
0,0.726263561758681,0.317,0.257,0,"6","ZNF276"
0,0.79575132295953,0.32,0.261,0,"6","B4GALT1"
0,0.772470808702929,0.428,0.369,0,"6","CCDC88C"
0,0.712154346502551,0.726,0.667,0,"6","AKAP13"
0,0.695617874279031,0.34,0.282,0,"6","RNPEPL1"
0,0.699725304263075,0.8,0.743,0,"6","ATM"
0,0.702615355608219,0.38,0.323,0,"6","VPS4B"
0,0.677196818449325,0.413,0.357,0,"6","RBBP4"
0,0.791862591796669,0.335,0.279,0,"6","TROVE2"
0,0.658780308185765,0.417,0.361,0,"6","RASA2"
0,0.702164650398854,0.496,0.44,0,"6","PPP1R12A"
0,0.628597886467652,0.564,0.508,0,"6","KLF13"
0,0.516960675580792,0.502,0.447,0,"6","DSTN"
0,0.69372206767383,0.378,0.323,0,"6","MAP2K2"
0,0.685475925730996,0.39,0.336,0,"6","POLR3GL"
0,0.763108801002167,0.411,0.357,0,"6","FOXN3"
0,0.778117301475714,0.946,0.892,0,"6","RBM39"
0,0.640269188154031,0.406,0.353,0,"6","SETX"
0,0.643491343507105,0.678,0.625,0,"6","DDX6"
0,0.613634432654297,0.639,0.587,0,"6","TAPBP"
0,0.49572467702091,0.626,0.574,0,"6","IL2RG"
0,0.643707768225922,0.4,0.348,0,"6","SIGIRR"
0,0.653579721049762,0.463,0.411,0,"6","MLLT6"
0,0.545676517472098,0.443,0.391,0,"6","SKAP1"
0,0.495785848059816,0.821,0.769,0,"6","ETS1"
0,0.375153716578253,0.696,0.645,0,"6","IFITM1"
0,0.559244846020631,0.564,0.513,0,"6","LSP1"
0,0.595345063039764,0.529,0.479,0,"6","CNOT6L"
0,0.548212599218611,0.73,0.68,0,"6","HLA-F"
0,0.577662654379048,0.584,0.535,0,"6","PCSK7"
0,0.644917346778808,0.458,0.41,0,"6","PABPN1"
0,0.578446847659188,0.481,0.433,0,"6","CDK13"
0,0.60354995136961,0.52,0.473,0,"6","PDIA3"
0,0.688510166767643,0.398,0.352,0,"6","PTPN2"
0,0.570844713693293,0.592,0.546,0,"6","ANKRD11"
0,0.48549668907786,0.897,0.852,0,"6","ARPC2"
0,0.594138182865789,0.624,0.58,0,"6","BPTF"
0,0.556533610983641,0.569,0.525,0,"6","DNAJB6"
0,0.577637272660238,0.646,0.603,0,"6","PRPF4B"
0,0.631617010608642,0.409,0.366,0,"6","GTF2I"
0,0.627907042271647,0.422,0.379,0,"6","TPI1"
0,0.855936563230332,0.639,0.597,0,"6","EIF3G"
0,0.647284259633014,0.424,0.382,0,"6","SEPT2"
0,0.725867865347278,0.409,0.368,0,"6","HNRNPL"
0,0.617641501266135,0.6,0.559,0,"6","ARF6"
0,0.632618328764615,0.447,0.407,0,"6","DNAJB14"
0,0.619555725792325,0.524,0.485,0,"6","YPEL3"
0,0.516444247717157,0.942,0.904,0,"6","PFN1"
0,0.627059244717922,0.417,0.38,0,"6","SF3B2"
0,0.558773983508896,0.54,0.504,0,"6","KANSL1"
0,0.571721104171237,0.506,0.471,0,"6","ARF1"
0,0.680375551411058,0.421,0.386,0,"6","ERBIN"
0,0.331244696025417,0.801,0.833,0,"6","FUS"
0,0.345431986719961,0.841,0.81,0,"6","PPP2R5C"
0,0.582225468181012,0.484,0.454,0,"6","OGT"
0,0.480171257276209,0.662,0.633,0,"6","CD53"
0,0.459292502690874,0.544,0.516,0,"6","ZNF207"
0,0.45680600281915,0.565,0.538,0,"6","STK17A"
0,0.550939209111204,0.807,0.782,0,"6","CELF2"
0,0.523561701687102,0.502,0.477,0,"6","TAOK3"
0,0.263047712238579,0.825,0.85,0,"6","SON"
0,0.499062196631548,0.563,0.538,0,"6","LY6E"
0,0.524943689644738,0.54,0.516,0,"6","MOB1A"
0,0.405158948979122,0.639,0.616,0,"6","PPIB"
0,0.365124385506669,0.764,0.786,0,"6","SRRM2"
0,0.568339745946071,0.974,0.953,0,"6","HMGB1"
0,0.463282165975611,0.658,0.639,0,"6","FAM133B"
0,0.452933221751413,0.928,0.909,0,"6","CFL1"
0,0.531686218256603,0.539,0.521,0,"6","OGA"
0,0.41794362101706,0.936,0.919,0,"6","XIST"
0,0.311207521134902,0.78,0.797,0,"6","ARGLU1"
0,0.400858784806238,0.97,0.953,0,"6","CALM1"
0,0.262390827422765,0.969,0.953,0,"6","H3F3A"
0,0.383558732507806,0.761,0.777,0,"6","HNRNPA3"
0,0.525198626571363,0.588,0.572,0,"6","POLR2L"
0,0.338172946109443,0.814,0.83,0,"6","N4BP2L2"
0,0.437703342161333,0.659,0.643,0,"6","PNN"
0,0.314754250820595,0.915,0.93,0,"6","HNRNPA2B1"
0,0.362998591095983,0.717,0.728,0,"6","RSRP1"
0,0.357818432140048,0.599,0.589,0,"6","GUK1"
0,0.85407018966973,0.982,0.973,0,"6","TXNIP"
0,0.40288661147153,0.988,0.979,0,"6","HLA-E"
0,0.29707548367293,0.883,0.875,0,"6","MYL6"
0,0.427138809616053,0.667,0.659,0,"6","EVL"
0,0.310180601905302,0.714,0.722,0,"6","ELOB"
0,0.49849056702656,0.616,0.61,0,"6","NDUFB2"
0,0.406879004816452,0.639,0.633,0,"6","LUC7L3"
0,0.481830336890106,0.998,0.993,0,"6","HLA-A"
0,0.38263555390027,0.766,0.771,0,"6","SET"
0,0.401485320574396,0.799,0.794,0,"6","DDX17"
0,0.364352364560572,0.789,0.793,0,"6","TPM3"
0,0.434294644031885,0.754,0.75,0,"6","NCL"
0,0.433008085097526,0.663,0.659,0,"6","RBM25"
0,0.36854060160688,0.844,0.84,0,"6","AES"
0,0.331610842708591,0.841,0.844,0,"6","CDC42"
0,0.317012369005269,0.992,0.989,0,"6","HLA-C"
0,0.497441501720211,0.985,0.982,0,"6","H3F3B"
0,0.315184309911182,0.995,0.992,0,"6","MT-ND5"
0,0.461750542711769,0.631,0.629,0,"6","KMT2E"
0,0.379160058056678,0.62,0.622,0,"6","EPC1"
0,0.336109132569579,0.95,0.952,0,"6","SERF2"
0,0.377199098129448,0.795,0.793,0,"6","STK4"
0,0.299053203212412,0.767,0.765,0,"6","IER2"
0,0.448611539014473,0.595,0.594,0,"6","CYTH1"
0,0.360244895366961,1,0.999,0,"6","MT-CO1"
0,0.388159943737072,1,0.999,0,"6","MT-CO2"
0,0.362443829962837,1,0.999,0,"6","MT-ATP6"
0,0.316576675736152,1,0.999,0,"6","MT-CO3"
0,0.37213555007919,0.845,0.845,0,"6","YWHAZ"
2.22044604925031e-16,0.806043456077721,0.293,0.236,4.44355663375973e-12,"6","RAPGEF1"
2.22044604925031e-16,0.764226968767405,0.313,0.26,4.44355663375973e-12,"6","ZNF652"
2.22044604925031e-16,0.688711608544007,0.348,0.296,4.44355663375973e-12,"6","SH3BP5"
4.44089209850063e-16,0.777546259883835,0.272,0.211,8.88711326751945e-12,"6","SPPL2A"
4.44089209850063e-16,0.661548058594873,0.39,0.344,8.88711326751945e-12,"6","UHMK1"
4.44089209850063e-16,0.683189175598522,0.411,0.372,8.88711326751945e-12,"6","SMARCA2"
4.44089209850063e-16,0.460604201253337,0.503,0.474,8.88711326751945e-12,"6","HSPA5"
4.44089209850063e-16,0.411769954125938,0.576,0.577,8.88711326751945e-12,"6","HP1BP3"
8.88178419700125e-16,0.621520704777354,0.388,0.337,1.77742265350389e-11,"6","SAMD9"
8.88178419700125e-16,0.638432067003099,0.463,0.433,1.77742265350389e-11,"6","AC044849.1"
1.11022302462516e-15,0.753882322986829,0.282,0.226,2.22177831687986e-11,"6","CTDSP1"
1.11022302462516e-15,0.648443446516763,0.386,0.344,2.22177831687986e-11,"6","SH3GLB1"
1.33226762955019e-15,0.563673779484257,0.365,0.306,2.66613398025584e-11,"6","ALOX5AP"
1.55431223447522e-15,0.490146247673131,0.502,0.478,3.11048964363181e-11,"6","MAP1LC3B"
2.44249065417534e-15,0.598941067117697,0.402,0.366,4.8879122971357e-11,"6","DYNC1H1"
2.88657986402541e-15,0.724642798947699,0.277,0.22,5.77662362388764e-11,"6","FAM172A"
3.99680288865056e-15,0.498491847176771,0.499,0.491,7.99840194076751e-11,"6","ARHGEF1"
4.44089209850063e-15,0.3946501784627,0.424,0.353,8.88711326751945e-11,"6","LYAR"
6.66133814775094e-15,0.411482606470517,0.517,0.497,1.33306699012792e-10,"6","BRD2"
7.7715611723761e-15,0.799328051462211,0.271,0.215,1.5552448218159e-10,"6","TMEM181"
8.88178419700125e-15,0.660591837170063,0.291,0.23,1.77742265350389e-10,"6","AC004687.1"
9.32587340685131e-15,0.593360544034232,0.396,0.357,1.86629378617909e-10,"6","SRP19"
1.13242748511766e-14,0.615416594037083,0.319,0.261,2.26621388321746e-10,"6","GABARAPL1"
1.17683640610267e-14,0.689850622708724,0.31,0.259,2.35508501589266e-10,"6","CPNE1"
1.24344978758018e-14,0.72045693645322,0.297,0.243,2.48839171490545e-10,"6","KIDINS220"
1.31006316905768e-14,0.703231940895546,0.349,0.306,2.62169841391824e-10,"6","ARIH2"
1.3988810110277e-14,0.310060899745473,0.686,0.696,2.79944067926863e-10,"6","ATP5ME"
1.4432899320127e-14,0.665958206034823,0.355,0.31,2.88831181194382e-10,"6","RNF166"
1.79856129989275e-14,0.728413343316668,0.341,0.297,3.59928087334538e-10,"6","SSH2"
1.95399252334028e-14,0.333728476564337,0.577,0.568,3.91032983770856e-10,"6","SEC61B"
1.99840144432528e-14,0.703842261877961,0.309,0.256,3.99920097038375e-10,"6","RAB27A"
2.62012633811537e-14,0.806088609574946,0.251,0.199,5.24339682783648e-10,"6","CMIP"
2.62012633811537e-14,0.642627517051988,0.351,0.306,5.24339682783648e-10,"6","TACC1"
2.95319324550292e-14,0.568142872716964,0.448,0.42,5.90993032290044e-10,"6","FKBP5"
4.06341627012807e-14,0.632540507917197,0.362,0.323,8.1317086397803e-10,"6","SQSTM1"
4.2632564145606e-14,0.49272104944973,0.451,0.43,8.53162873681867e-10,"6","WDR83OS"
6.90558721316847e-14,0.749348553848957,0.295,0.247,1.38194611309927e-09,"6","BRD1"
6.94999613415348e-14,0.327131185289504,0.567,0.526,1.39083322636679e-09,"6","RORA"
8.34887714518118e-14,0.740446956290628,0.318,0.273,1.67077729429366e-09,"6","PRRC2B"
8.81517081552374e-14,0.439039047636726,0.463,0.438,1.76409198360261e-09,"6","PRELID1"
1.05249142734465e-13,0.517938561930207,0.264,0.201,2.10624584440211e-09,"6","APLP2"
1.09245945623115e-13,0.511757409248,0.475,0.457,2.18622986380979e-09,"6","TTC14"
1.83408843668076e-13,0.552914626118763,0.479,0.454,3.67037777948553e-09,"6","GOLGA4"
2.4846791291111e-13,0.326273950018337,0.577,0.554,4.97233987317713e-09,"6","CLEC2B"
4.29212221320086e-13,0.711489852135442,0.342,0.306,8.58939497305755e-09,"6","SNRK"
4.71400696255841e-13,0.479323531218062,0.496,0.484,9.4336707334719e-09,"6","TGOLN2"
4.74509320724792e-13,0.540016743633109,0.413,0.388,9.49588052634454e-09,"6","ARHGAP30"
4.86499729390744e-13,0.740802039226024,0.303,0.26,9.73583258456756e-09,"6","PKN1"
5.00710584105946e-13,0.34887573762133,0.591,0.594,1.00202202091282e-08,"6","EMB"
5.02042851735496e-13,0.601057098009268,0.358,0.315,1.00468815489307e-08,"6","MYO1G"
5.15809617240848e-13,0.755963858155611,0.267,0.219,1.03223820602238e-08,"6","PPP2R5A"
5.18474152499948e-13,0.492231613688937,0.461,0.44,1.0375704739829e-08,"6","ATF7IP"
5.26467758277249e-13,0.568346888016628,0.39,0.357,1.05356727786443e-08,"6","SERPINB1"
6.03073146976385e-13,0.491509060392861,0.461,0.444,1.20686998172914e-08,"6","SEC11A"
6.55475673738692e-13,0.398570100466516,0.509,0.502,1.31173791828587e-08,"6","DRAP1"
7.02771174587724e-13,0.478230706227773,0.48,0.463,1.40638567458495e-08,"6","DDX46"
8.57758308825396e-13,0.711656027028419,0.309,0.265,1.71654592762138e-08,"6","SRPK2"
1.05004893669047e-12,0.600161904141556,0.289,0.234,2.10135793210497e-08,"6","GBP5"
1.10356168647741e-12,0.318250992065694,0.666,0.695,2.20844764697858e-08,"6","IKZF1"
1.15196741035106e-12,0.58633765201786,0.376,0.35,2.30531718159455e-08,"6","PRDX5"
1.21724852419902e-12,0.666478465639387,0.37,0.34,2.43595774662708e-08,"6","ELF2"
1.22568621918617e-12,0.740773273797901,0.291,0.247,2.45284326183537e-08,"6","TOP2B"
1.2685408279367e-12,0.486837468319946,0.433,0.409,2.53860390486693e-08,"6","ARPC4"
1.33315580796989e-12,0.688902339411626,0.363,0.328,2.66791140290934e-08,"6","SETD2"
1.35047528715404e-12,0.536973127169731,0.408,0.378,2.70257114465267e-08,"6","CCSER2"
1.46016532198701e-12,0.465632256049381,0.47,0.453,2.9220828423604e-08,"6","DNAJC8"
1.63269398001376e-12,0.700153141515287,0.289,0.238,3.26734719280353e-08,"6","HIST1H1D"
2.12119211084882e-12,0.686637220324011,0.312,0.267,4.24492965223067e-08,"6","NECAP1"
2.32192043370105e-12,0.298449078873647,0.688,0.708,4.64662717192255e-08,"6","PSME1"
2.33901786828028e-12,0.38611806602079,0.598,0.611,4.6808425580025e-08,"6","PRPF38B"
2.37942998637664e-12,0.417256710145526,0.511,0.502,4.76171528873692e-08,"6","H2AFV"
2.42073028289269e-12,0.519790529311235,0.446,0.428,4.84436544212485e-08,"6","SH3KBP1"
2.54685161849011e-12,0.700227579517046,0.272,0.224,5.09675945892241e-08,"6","FAM111A"
3.3895108941806e-12,0.456408044804078,0.528,0.536,6.78308920143422e-08,"6","PSMA3-AS1"
3.49453799231014e-12,0.405205389029488,0.535,0.533,6.99326943021106e-08,"6","EPB41"
3.60667051779728e-12,0.708008218362207,0.292,0.251,7.21766904021592e-08,"6","RALY"
3.82405218601889e-12,0.579114062408621,0.39,0.362,7.652693234661e-08,"6","KDM5A"
4.44888570427793e-12,0.651387423163915,0.295,0.249,8.90311007140099e-08,"6","USP47"
4.67759164735071e-12,0.251592240485973,0.76,0.804,9.36079640467824e-08,"6","PRRC2C"
4.72133443452094e-12,0.656473349062894,0.321,0.286,9.44833447036331e-08,"6","ZNF800"
5.36459765498876e-12,0.307559596872154,0.628,0.651,1.07356328271635e-07,"6","SF3B1"
5.77116132660649e-12,0.650019682648988,0.291,0.248,1.15492480468049e-07,"6","TMED9"
6.48947562353897e-12,0.268528557000179,0.746,0.773,1.29867386178262e-07,"6","SRRM1"
6.52899956321562e-12,0.752452677559062,0.264,0.221,1.30658339259071e-07,"6","NUMA1"
7.38364924757207e-12,0.753821489220928,0.251,0.207,1.47761588742412e-07,"6","RAB1B"
7.78621611630115e-12,0.638391938463033,0.261,0.21,1.55817756919419e-07,"6","SH2D1A"
8.63265015027537e-12,0.65647038519214,0.342,0.311,1.72756594807311e-07,"6","RASSF5"
8.71569483251733e-12,0.636650440706181,0.34,0.305,1.74418484988337e-07,"6","NSD1"
9.10982400625926e-12,0.607484927155157,0.372,0.344,1.8230579801326e-07,"6","ANAPC5"
1.01512132033577e-11,0.597806814554791,0.384,0.357,2.03146078625593e-07,"6","CHD4"
2.29742891377782e-11,0.633484113350445,0.265,0.218,4.59761474225218e-07,"6","TNIK"
2.75339750999137e-11,0.335972823446596,0.573,0.578,5.51009909699474e-07,"6","ARPC5"
3.02686764541704e-11,0.312600501566965,0.607,0.618,6.05736753200858e-07,"6","GNAI2"
3.79694053975754e-11,0.608110109759282,0.291,0.246,7.59843740816279e-07,"6","PLEKHA2"
4.16502388134177e-11,0.486159908675399,0.448,0.438,8.33504579134114e-07,"6","USP34"
4.45592451825405e-11,0.717547810374102,0.308,0.271,8.91719614593001e-07,"6","HIST1H1C"
4.57953674981582e-11,0.645629174505467,0.309,0.27,9.16456894373141e-07,"6","ESCO1"
4.62010429913562e-11,0.675571730936685,0.277,0.234,9.2457527234302e-07,"6","NT5C"
5.07742736743921e-11,0.633031665515291,0.323,0.283,1.01609476477194e-06,"6","RAP2B"
5.84829962235744e-11,0.292113980481463,0.605,0.618,1.17036172042617e-06,"6","RHOA"
6.26776408552132e-11,0.369686698714488,0.568,0.579,1.25430494879453e-06,"6","ARID1B"
9.59539114830932e-11,0.323383906839467,0.608,0.631,1.92022967659966e-06,"6","SRSF11"
1.49250833914039e-10,0.368659402176845,0.606,0.628,2.98680768828774e-06,"6","ATRX"
1.5690226895515e-10,0.729644028520332,0.309,0.274,3.13992820633047e-06,"6","SAR1A"
1.61030078160707e-10,0.595432703352134,0.33,0.296,3.22253392415206e-06,"6","RASA3"
1.83379755824831e-10,0.410912575325425,0.449,0.435,3.66979567356651e-06,"6","SCP2"
1.8786971978102e-10,0.289000098134025,0.633,0.659,3.75964883225777e-06,"6","SERBP1"
1.96260563356532e-10,0.676766331040699,0.295,0.258,3.92756639389091e-06,"6","RBBP7"
2.07362349513573e-10,0.696859328319032,0.284,0.246,4.14973533846563e-06,"6","RC3H1"
2.39261943590918e-10,0.500557411672079,0.38,0.347,4.78811001514146e-06,"6","XBP1"
2.5858315488847e-10,0.700138376125604,0.251,0.208,5.17476609562806e-06,"6","TRAPPC2"
2.594726655758e-10,0.672573100080844,0.276,0.238,5.1925669835029e-06,"6","FBXO7"
2.8504709703725e-10,0.508194548275179,0.387,0.372,5.70436250590944e-06,"6","RPS19BP1"
2.99122504543448e-10,0.478396208835305,0.434,0.42,5.98603956092347e-06,"6","NAP1L4"
3.22421644938231e-10,0.351427142775744,0.568,0.586,6.45230195850388e-06,"6","PAIP2"
3.33094218873953e-10,0.640607524965202,0.356,0.331,6.66588150810554e-06,"6","HIPK1"
3.53466811375824e-10,0.513969314899196,0.396,0.378,7.073577829253e-06,"6","RBM33"
3.72568420559105e-10,0.644596917310908,0.304,0.269,7.45583923222881e-06,"6","POLR2B"
3.825635364052e-10,0.650491476678764,0.313,0.282,7.65586149054087e-06,"6","RBM6"
4.12772038771436e-10,0.291200512256317,0.624,0.649,8.26039403989398e-06,"6","ACTR2"
4.14233758405658e-10,0.348620506369208,0.556,0.573,8.28964597321402e-06,"6","ZRANB2"
4.55122384224182e-10,0.682808991996317,0.292,0.259,9.10790915309434e-06,"6","COQ10B"
4.83693751718306e-10,0.635322837507073,0.299,0.263,9.67967935938674e-06,"6","USP33"
5.24205567842273e-10,0.624465774500077,0.292,0.25,1.04904018236596e-05,"6","PARP15"
5.59841284442086e-10,0.359395407495871,0.542,0.544,1.1203543784255e-05,"6","IDS"
5.95964166905105e-10,0.604950936555066,0.329,0.299,1.1926434908105e-05,"6","PCMTD1"
7.33898719573745e-10,0.443572268887455,0.454,0.443,1.46867811761098e-05,"6","RICTOR"
7.50460360521288e-10,0.31010321818703,0.598,0.63,1.5018212734752e-05,"6","ATP5IF1"
7.6145667549099e-10,0.730765806651557,0.27,0.231,1.52382709899257e-05,"6","TERF1"
9.45530764795421e-10,0.635447050328739,0.321,0.291,1.8921961665086e-05,"6","STK38"
1.02002584156935e-09,0.548311020034362,0.389,0.375,2.04127571414858e-05,"6","TMED10"
1.08183439984089e-09,0.251192616103084,0.716,0.746,2.16496700096158e-05,"6","PCBP2"
1.10118802965076e-09,0.358993712645889,0.439,0.412,2.20369748493709e-05,"6","ITGA4"
1.2860830178596e-09,0.275976959393869,0.595,0.614,2.57370933534062e-05,"6","SP100"
1.36476741019464e-09,0.361911508165455,0.547,0.557,2.73117254128152e-05,"6","CREBRF"
1.47944678730028e-09,0.569534424133736,0.338,0.309,2.96066891074531e-05,"6","RIOK3"
1.65268909668725e-09,0.498154402549188,0.452,0.445,3.30736142029053e-05,"6","BOD1L1"
1.76584724620454e-09,0.503111317111561,0.37,0.344,3.53381350910453e-05,"6","ZBTB7A"
1.82279880078795e-09,0.526411318298415,0.365,0.337,3.64778496013685e-05,"6","IL10RA"
1.89057947075355e-09,0.455131409376338,0.45,0.439,3.78342763687201e-05,"6","UCP2"
2.04784722512841e-09,0.621141100084505,0.285,0.249,4.09815186692697e-05,"6","SPTY2D1"
2.09131378881011e-09,0.400572137566122,0.426,0.408,4.1851371541668e-05,"6","TBC1D10C"
2.20034923614776e-09,0.647161947728718,0.288,0.253,4.40333889137889e-05,"6","ZNF326"
2.69106803507668e-09,0.371497751912218,0.498,0.508,5.38536535179546e-05,"6","C9orf16"
2.77637290935218e-09,0.495461900699768,0.397,0.381,5.55607746619557e-05,"6","BAX"
2.92684076974581e-09,0.31256115749512,0.603,0.63,5.85719374841531e-05,"6","SCAF11"
3.06677261363575e-09,0.541101153181605,0.385,0.375,6.13722535440786e-05,"6","ENSA"
3.97095845094952e-09,0.389126113708026,0.464,0.439,7.94668205204019e-05,"6","IKZF3"
5.08504927054787e-09,0.490375929911588,0.38,0.36,0.000101762006002204,"6","ATXN7L3B"
5.22866372421049e-09,0.62389623468741,0.309,0.279,0.0001046360184489,"6","MUC20-OT1"
5.5803082155137e-09,0.548782561583062,0.328,0.298,0.00011167312800886,"6","PPP1R18"
7.80488651486166e-09,0.608524286535564,0.293,0.263,0.000156191388935412,"6","RAB8A"
8.28109159023427e-09,0.55233874866014,0.372,0.357,0.000165721204903768,"6","POLR2K"
9.98708493682443e-09,0.360857809928346,0.528,0.55,0.000199861543755731,"6","VPS13C"
1.21659440299737e-08,0.581290088405895,0.309,0.279,0.000243464871927834,"6","NCOA7"
1.4116349644766e-08,0.621347794673933,0.314,0.291,0.000282496389091058,"6","LAMP1"
1.85012574149823e-08,0.457823114728951,0.415,0.406,0.000370247163388626,"6","NCOR1"
1.99097653919011e-08,0.536440644599047,0.281,0.244,0.000398434225022726,"6","BTN3A1"
2.32433454705472e-08,0.59771381400281,0.3,0.273,0.00046514582955659,"6","ZFAND6"
2.51970402320723e-08,0.374256328979277,0.478,0.485,0.00050424316912423,"6","TERF2IP"
2.53657981286182e-08,0.304349241608898,0.584,0.595,0.000507620352149907,"6","ARID4B"
3.09184096103365e-08,0.52153751975081,0.373,0.36,0.000618739213122055,"6","JOSD1"
3.26985487575371e-08,0.353684605782477,0.492,0.497,0.000654363357735832,"6","ROCK1"
3.45843418347869e-08,0.388256711238967,0.431,0.422,0.000692101848797755,"6","CYFIP2"
3.49985345149406e-08,0.473912365394847,0.422,0.414,0.000700390672712992,"6","RB1CC1"
3.66020660447219e-08,0.5109016910057,0.337,0.319,0.000732480545686975,"6","LMAN2"
3.79669942152105e-08,0.693245330523923,0.291,0.266,0.000759795488234793,"6","CREBBP"
4.0712929028075e-08,0.386519416296484,0.435,0.431,0.000814747135709837,"6","PPP1CA"
4.3194346766029e-08,0.554868482992362,0.295,0.265,0.000864405267481771,"6","KIAA2026"
4.78976647233509e-08,0.491215908517594,0.392,0.384,0.000958528066443698,"6","BIRC6"
4.83478332924392e-08,0.607023090111517,0.269,0.235,0.000967536839848293,"6","ARHGAP25"
4.90725251545143e-08,0.620669671692612,0.264,0.233,0.000982039373392141,"6","POLR2G"
5.51453744890296e-08,0.684499712168511,0.263,0.233,0.00110356923427446,"6","CCNT1"
7.26576705467608e-08,0.63575479608718,0.284,0.257,0.00145402530298178,"6","SP3"
7.31016296384723e-08,0.507264586563688,0.348,0.329,0.00146290981232511,"6","NUB1"
7.35504099846906e-08,0.275715516558815,0.603,0.634,0.00147189080461363,"6","DAZAP2"
9.18177005537757e-08,0.487917317339183,0.381,0.379,0.00183745582348216,"6","RAB2A"
1.333985835128e-07,0.649517459703233,0.26,0.231,0.00266957245325816,"6","CREBZF"
1.57718925031247e-07,0.543821677317313,0.288,0.26,0.00315627112772532,"6","PHPT1"
1.83923935193064e-07,0.448287501201661,0.405,0.396,0.0036806857910836,"6","IDI1"
1.84162164407198e-07,0.291495484679612,0.544,0.552,0.00368545323411684,"6","SAMHD1"
1.87420489794476e-07,0.440985129346481,0.391,0.378,0.00375065884176706,"6","RBMS1"
1.90589900306293e-07,0.585445057133413,0.288,0.261,0.00381408508492953,"6","CLDND1"
2.07791466699803e-07,0.486139094168083,0.339,0.324,0.00415832283159645,"6","TMED2"
2.22074845179776e-07,0.59824638970377,0.301,0.279,0.00444416180173768,"6","BRAF"
2.38016715448097e-07,0.437526250991528,0.465,0.48,0.00476319050954732,"6","KLF3"
2.55779582403193e-07,0.617485782839191,0.287,0.263,0.00511866100305269,"6","SLC25A36"
2.73656153737534e-07,0.34962003569809,0.511,0.527,0.00547640694859552,"6","SEPT9"
2.81566657989174e-07,0.619185728491307,0.303,0.281,0.00563471195967935,"6","LCOR"
3.28057193854647e-07,0.476532484057366,0.409,0.413,0.0065650805634192,"6","NIPBL"
3.79124145188925e-07,0.329823314363806,0.482,0.492,0.00758703239352077,"6","YY1"
4.2925120413706e-07,0.557407609401327,0.314,0.3,0.00859017509719084,"6","SSNA1"
4.43702433017279e-07,0.509062605899948,0.354,0.343,0.00887937308954179,"6","NME3"
4.52900676961576e-07,0.491740402316019,0.368,0.365,0.00906344834735506,"6","RBM5"
4.66232700446767e-07,0.317839100762386,0.511,0.54,0.0093302488013407,"6","TMEM59"
4.83980135523865e-07,0.420799914498779,0.444,0.446,0.00968541047210358,"6","SLTM"
4.86426719126243e-07,0.549208781279142,0.346,0.335,0.00973437150315437,"6","CNOT2"
5.2955012996847e-07,0.333544369412641,0.487,0.504,0.010597357200929,"6","SNRPB"
5.37370243858248e-07,0.563544718246738,0.299,0.277,0.0107538533200913,"6","FRYL"
5.38604900901518e-07,0.331740276360502,0.474,0.479,0.0107785612768412,"6","BLOC1S1"
5.69630317359682e-07,0.562026511671737,0.299,0.28,0.011399441911002,"6","NDUFS8"
6.16528322172627e-07,0.5142232418299,0.336,0.324,0.0123379647833186,"6","ABI1"
6.26266980052748e-07,0.570795399905925,0.267,0.241,0.0125328548048156,"6","PPM1B"
6.39793731771476e-07,0.260031968931516,0.576,0.613,0.0128035521602108,"6","SEC61G"
6.46690897276869e-07,0.301140042194046,0.477,0.486,0.0129415782363047,"6","VAMP8"
7.00997407232506e-07,0.498294305126671,0.377,0.374,0.0140283601135369,"6","RNPS1"
7.71015112865925e-07,0.417537237345449,0.402,0.397,0.0154295544386729,"6","CIR1"
7.94795038228102e-07,0.518949715063174,0.375,0.369,0.0159054383050208,"6","KMT2C"
7.97723342715884e-07,0.597895316506231,0.262,0.238,0.0159640395344303,"6","LRP10"
8.43914877313168e-07,0.608516123812284,0.285,0.263,0.0168884245247911,"6","DMTF1"
9.43843349476836e-07,0.488424621743341,0.375,0.371,0.0188881931097304,"6","SNHG9"
1.01704289279247e-06,0.467784293769586,0.388,0.387,0.020353062370563,"6","UBE2I"
1.09167854223102e-06,0.444240067372001,0.32,0.293,0.0218466709871272,"6","OPTN"
1.15276276879683e-06,0.363721530398311,0.447,0.456,0.0230690885291622,"6","EIF4A1"
1.23310393007614e-06,0.263686175383227,0.604,0.647,0.0246768758486837,"6","EIF4G2"
1.23694775044925e-06,0.371243673043256,0.473,0.496,0.0247537983819903,"6","RBM8A"
1.28928527032279e-06,0.358391357361661,0.451,0.458,0.0258011768296997,"6","CAP1"
1.50232893925129e-06,0.557394123324496,0.316,0.3,0.0300646067322967,"6","KIAA1109"
1.5249764164782e-06,0.276087332849906,0.562,0.587,0.0305178280465617,"6","DEK"
2.07170939936496e-06,0.468141117198799,0.368,0.358,0.0414590485000916,"6","CANX"
2.18150567188324e-06,0.656623044641053,0.274,0.254,0.0436562915057275,"6","DNMT1"
2.22375585789969e-06,0.330534785228659,0.51,0.544,0.0445018022282886,"6","HNRNPM"
2.45579874036395e-06,0.57706354431723,0.286,0.266,0.0491454443921633,"6","TRIP12"
2.51983859600458e-06,0.590042054075812,0.273,0.252,0.0504270099832436,"6","TSC22D4"
2.55621242595261e-06,0.456294266928445,0.347,0.338,0.0511549230681636,"6","PSMD8"
2.7309127328401e-06,0.476835067231453,0.327,0.316,0.054651025609596,"6","BUD31"
3.15031007147581e-06,0.502499799172183,0.362,0.358,0.063044005150374,"6","WDR82"
3.2203314601631e-06,0.567608357521434,0.303,0.285,0.0644452731807839,"6","THUMPD3-AS1"
3.32719386042513e-06,0.349854365200286,0.411,0.411,0.0665838035348276,"6","RAC1"
3.34472667118391e-06,0.618805780338377,0.271,0.253,0.0669346701437323,"6","ATP11B"
3.67800202671908e-06,0.598794204111814,0.27,0.251,0.0736041765587023,"6","COPS6"
3.72913422719279e-06,0.279350803442354,0.514,0.544,0.0746274341545821,"6","HNRNPD"
3.9674179577176e-06,0.292525161806278,0.482,0.5,0.0793959681698446,"6","POMP"
4.17482288006532e-06,0.298345949209957,0.505,0.548,0.0835465554758672,"6","JTB"
4.23354353862315e-06,0.687196809811969,0.253,0.23,0.0847216732949265,"6","PRKX"
4.26287269239545e-06,0.440235162845524,0.402,0.404,0.0853086083202177,"6","SREK1"
4.67134402137859e-06,0.251771797892914,0.639,0.685,0.0934829365558283,"6","BCLAF1"
5.02254164058691e-06,0.351299726806573,0.441,0.463,0.100511103311425,"6","SUMO1"
6.29252260164748e-06,0.481276815279016,0.368,0.369,0.125925962304169,"6","PJA2"
6.45736643223316e-06,0.528918790778514,0.273,0.255,0.12922481704185,"6","GLRX5"
6.5510949260883e-06,0.599214788685388,0.321,0.305,0.131100511660879,"6","GOLGB1"
7.27108311426861e-06,0.252202707615635,0.628,0.667,0.145508915282743,"6","MT-ND6"
7.32647623702398e-06,0.305572634794183,0.509,0.529,0.146617442455324,"6","HCLS1"
7.92819028139213e-06,0.547136534580777,0.256,0.233,0.158658943911219,"6","SLC20A1"
9.10679377552626e-06,0.34029637326505,0.414,0.415,0.182245157035831,"6","RSF1"
9.14003594232327e-06,0.528931244519601,0.254,0.23,0.182910399277773,"6","NCK1"
9.32871797010293e-06,0.536640897902313,0.269,0.249,0.1866863040177,"6","TMEM165"
9.40138942762125e-06,0.351077014083145,0.449,0.461,0.188140605225557,"6","PRDM2"
9.45902699989176e-06,0.506200213064155,0.321,0.31,0.189294048321834,"6","TIAL1"
9.6319355242791e-06,0.505959646805791,0.31,0.293,0.192754293711873,"6","ARHGEF3"
9.72084684791596e-06,0.531528856455859,0.272,0.252,0.194533587120494,"6","KLF12"
1.01828093255207e-05,0.627464008651349,0.479,0.512,0.203778380222321,"6","H1FX"
1.05431539736411e-05,0.539645396131435,0.25,0.225,0.210989597320506,"6","YAF2"
1.1374663825281e-05,0.568599861386535,0.288,0.274,0.227629772471523,"6","TRIM33"
1.15804845868261e-05,0.468237026984506,0.325,0.319,0.231748657551565,"6","PDAP1"
1.16712682287634e-05,0.549217732360959,0.269,0.251,0.233565419794013,"6","MYDGF"
1.19571754877423e-05,0.416598668643593,0.356,0.355,0.2392869958607,"6","TMEM160"
1.2041919030148e-05,0.576668114783195,0.266,0.25,0.240982883631321,"6","TOX4"
1.21337189225024e-05,0.403999288288591,0.391,0.401,0.242819983077117,"6","GNB1"
1.21691329897367e-05,0.471537437198878,0.314,0.302,0.24352868939061,"6","DCTN3"
1.39633162037356e-05,0.406654084091326,0.401,0.407,0.279433883869157,"6","ARHGDIA"
1.55103709338356e-05,0.337094817308797,0.439,0.459,0.310393543127917,"6","CCDC85B"
1.57177185393653e-05,0.48649323072578,0.314,0.303,0.314542983409779,"6","CLINT1"
1.68015439960811e-05,0.494729125480009,0.316,0.304,0.336232498449576,"6","WDR26"
1.68046144499723e-05,0.314881102662095,0.506,0.548,0.336293944372845,"6","SRSF9"
1.69927280686544e-05,0.610120503447092,0.25,0.228,0.340058474109911,"6","CCDC82"
1.71192107221163e-05,0.417944079724333,0.36,0.361,0.342589644970992,"6","SELENOT"
1.71733721905376e-05,0.493870873381557,0.309,0.293,0.343673524277039,"6","CCDC186"
1.84716276034891e-05,0.568385904660306,0.267,0.25,0.369654211601024,"6","BANF1"
1.87091905226033e-05,0.513341077132381,0.254,0.233,0.374408320738338,"6","PPP6R1"
1.92135220329348e-05,0.567711844294634,0.251,0.23,0.384501002923091,"6","MYO9B"
1.95323116150004e-05,0.52251260007468,0.302,0.286,0.390880620039387,"6","SFT2D2"
2.07700515240106e-05,0.427588104278298,0.373,0.373,0.4156502710985,"6","GLG1"
2.16948757043589e-05,0.346988062588062,0.452,0.467,0.43415785259563,"6","ADAR"
2.31706647204621e-05,0.315817223869059,0.493,0.525,0.463691342385888,"6","U2SURP"
2.64237590130723e-05,0.574496686942956,0.295,0.283,0.528792265369602,"6","EIF4H"
2.78831186180106e-05,0.371652642322266,0.373,0.37,0.557996969783629,"6","CENPC"
2.90517126875223e-05,0.422416491954892,0.332,0.323,0.581382874302696,"6","DDHD1"
3.10357140163031e-05,0.417848516673104,0.364,0.362,0.621086708894258,"6","NASP"
3.19720534696089e-05,0.437278459704569,0.362,0.364,0.639824734033812,"6","CRBN"
3.25993164023153e-05,0.362468908937175,0.448,0.474,0.652377519843133,"6","WAC"
3.29220718084944e-05,0.548636909643223,0.279,0.266,0.65883650103159,"6","DYRK1A"
3.59297373317968e-05,0.531229428207852,0.264,0.246,0.719025903483918,"6","PUM2"
3.81611673321292e-05,0.321761689928468,0.409,0.404,0.763681280650569,"6","LINC00861"
3.9213489781309e-05,0.320185636944267,0.432,0.446,0.784740357503556,"6","ICAM3"
3.97012147752562e-05,0.283266342199756,0.546,0.583,0.794500710082428,"6","CYTIP"
4.02196576694269e-05,0.260145183006153,0.513,0.554,0.804875789280572,"6","COPS9"
4.06035459938892e-05,0.40628733283955,0.401,0.406,0.81255816242971,"6","SMG1"
4.25949830822336e-05,0.30971503866613,0.457,0.475,0.85241080144166,"6","HNRNPUL1"
4.42357492389522e-05,0.269653469310608,0.576,0.626,0.885245813769912,"6","GPBP1"
4.72394340702564e-05,0.308219570253999,0.471,0.494,0.945355554613972,"6","SPCS3"
4.86701734963013e-05,0.538544542373346,0.271,0.255,0.973987512007982,"6","SMC5"
4.90245097675146e-05,0.488854534580875,0.316,0.309,0.981078489467502,"6","NCKAP1L"
5.04839563990611e-05,0.468769110255537,0.283,0.265,1,"6","VASP"
5.33723772337957e-05,0.386406425915385,0.431,0.456,1,"6","SELENOW"
5.73740420619639e-05,0.255295728149709,0.537,0.57,1,"6","MYH9"
5.74699252513522e-05,0.465669428418416,0.324,0.315,1,"6","POLR2A"
5.81583513739048e-05,0.446421991396763,0.323,0.315,1,"6","CSK"
5.98063739607468e-05,0.55752941447418,0.253,0.235,1,"6","SMC1A"
6.1373992132685e-05,0.519059267017881,0.267,0.249,1,"6","TRIM56"
6.38393018479455e-05,0.37359728744024,0.37,0.366,1,"6","YWHAQ"
6.44787595116547e-05,0.308389437045655,0.454,0.475,1,"6","GLS"
6.64864958594968e-05,0.583016292607069,0.254,0.237,1,"6","PTK2B"
7.0939303220996e-05,0.492437263710689,0.273,0.257,1,"6","NRDC"
7.61397122361895e-05,0.396381407778529,0.32,0.31,1,"6","CAPNS1"
8.095854886081e-05,0.54831182364791,0.253,0.236,1,"6","HECTD1"
8.32245250073083e-05,0.291532463386533,0.498,0.535,1,"6","PAPOLA"
8.36726790316433e-05,0.462372367871189,0.313,0.307,1,"6","AFF4"
8.59209521717474e-05,0.297041684527728,0.487,0.511,1,"6","TAX1BP1"
9.02389160166717e-05,0.492675719604972,0.284,0.272,1,"6","WDR1"
0.000105219050334115,0.475598248523771,0.277,0.266,1,"6","NCBP2-AS2"
0.00010612224296902,0.467868790101648,0.331,0.322,1,"6","MT-ATP8"
0.000126598388014099,0.483423503072415,0.321,0.319,1,"6","ZNF655"
0.000126987564420311,0.302820883764477,0.527,0.561,1,"6","CLK1"
0.000128937425939002,0.490876676651614,0.285,0.277,1,"6","LRPAP1"
0.000129417520548847,0.336646025394869,0.471,0.496,1,"6","TAF7"
0.000129705963203275,0.377121401937624,0.376,0.378,1,"6","CKLF"
0.00013085798419632,0.491048123722365,0.318,0.32,1,"6","DYNLT1"
0.000134376483145182,0.391672647853646,0.361,0.358,1,"6","GLRX"
0.000161652027812487,0.468348319426538,0.268,0.252,1,"6","RASAL3"
0.00017005966261241,0.35652274860761,0.457,0.488,1,"6","YTHDC1"
0.000172493274172236,0.321692562294793,0.478,0.496,1,"6","ZNF292"
0.000201567746560327,0.399790335069078,0.336,0.341,1,"6","STUB1"
0.000238740306302665,0.362810593951779,0.423,0.45,1,"6","MED10"
0.000240699928998112,0.449348148659538,0.285,0.276,1,"6","AP2B1"
0.000242071587244652,0.289221214667224,0.443,0.455,1,"6","GNG5"
0.000244705377965726,0.512440673783812,0.25,0.238,1,"6","MAF1"
0.000250025879794835,0.440345519216073,0.283,0.273,1,"6","FGD3"
0.000261039609632086,0.422976434169301,0.3,0.288,1,"6","BCL9L"
0.000285400469246744,0.48107515392115,0.307,0.302,1,"6","MAT2B"
0.00028654401684225,0.351953521348595,0.383,0.397,1,"6","LSM3"
0.000301133490592909,0.49041986436329,0.288,0.283,1,"6","USF2"
0.00030120728123606,0.672060206314066,0.337,0.343,1,"6","TSPYL2"
0.000335680087857781,0.536826490826945,0.252,0.238,1,"6","PHACTR4"
0.000337837258239437,0.518656351946149,0.268,0.258,1,"6","HUWE1"
0.000353182274800634,0.475821832255008,0.325,0.329,1,"6","BIRC2"
0.00035707094924442,0.261998067107079,0.513,0.563,1,"6","PARK7"
0.000365560482750604,0.300677711831052,0.405,0.423,1,"6","COPE"
0.00038210776108194,0.460182456467273,0.312,0.31,1,"6","RAB14"
0.000447242462072062,0.398378188912822,0.328,0.327,1,"6","RSBN1L"
0.000453578157178836,0.515074117706661,0.251,0.24,1,"6","LUC7L"
0.000461439701174404,0.345454543337882,0.41,0.431,1,"6","TRAPPC1"
0.000467711124697567,0.523983956185968,0.271,0.263,1,"6","MED13"
0.00047632785849272,0.401871719892283,0.3,0.287,1,"6","MIS18BP1"
0.000489917553334607,0.466250384906059,0.26,0.251,1,"6","RNF126"
0.00049060503106646,0.495047510789902,0.277,0.269,1,"6","ZBTB8OS"
0.000494486048168374,0.36428184576622,0.359,0.368,1,"6","CWC15"
0.000495586803996417,0.474597695866414,0.327,0.331,1,"6","DNTTIP2"
0.000503950669466624,0.453035060072976,0.259,0.246,1,"6","FNIP1"
0.000506236502118895,0.404528772984691,0.353,0.36,1,"6","NR3C1"
0.000506778977380939,0.420141499119276,0.312,0.31,1,"6","ANAPC11"
0.000598250608381923,0.271276011266675,0.488,0.535,1,"6","PSMB1"
0.00060244111037977,0.359967905917824,0.333,0.337,1,"6","CCDC12"
0.000634231725463952,0.513239764774844,0.275,0.269,1,"6","COPA"
0.000682786358543463,0.491724555345063,0.258,0.249,1,"6","CAND1"
0.000706911590408588,0.383221630663669,0.347,0.357,1,"6","GRK2"
0.00071229683314078,0.263817866925633,0.446,0.464,1,"6","PSME2"
0.000718680619136158,0.419628733519516,0.304,0.301,1,"6","TMOD3"
0.000728135981323819,0.331117972252441,0.435,0.459,1,"6","HNRNPR"
0.000784669553856254,0.335732476070944,0.422,0.443,1,"6","DHX36"
0.000890952613982199,0.385581149679538,0.292,0.284,1,"6","SPATA13"
0.000934165282651334,0.467583019586142,0.291,0.287,1,"6","ANKRD49"
0.000959734829195646,0.258718729511211,0.501,0.538,1,"6","SLC38A1"
0.000996662600393661,0.456615945875305,0.252,0.241,1,"6","GON4L"
0.0010091514797359,0.385997245244939,0.38,0.393,1,"6","TMF1"
0.0010201319109735,0.473577314694596,0.281,0.28,1,"6","C1D"
0.00109449646888859,0.468010261127422,0.255,0.249,1,"6","RAB5C"
0.00110275209633381,0.262413495919271,0.454,0.487,1,"6","PRR13"
0.00121856860044245,0.432441987015147,0.257,0.243,1,"6","GPRIN3"
0.00125252107225204,0.525667553093679,0.257,0.251,1,"6","FLI1"
0.00126336210573674,0.499446429520801,0.258,0.252,1,"6","DOCK11"
0.00129732403540572,0.417585706252013,0.361,0.368,1,"6","BDP1"
0.00133338857459697,0.479002126374177,0.27,0.263,1,"6","SUPT16H"
0.00134299785618386,0.523173276677173,0.257,0.25,1,"6","MED6"
0.00156993445969111,0.486535136653837,0.267,0.262,1,"6","CCNK"
0.00158788005324006,0.47747759595925,0.272,0.269,1,"6","CCNDBP1"
0.00189453930391137,0.519913529805025,0.251,0.245,1,"6","PIN1"
0.00217998902572458,0.430537491725808,0.342,0.351,1,"6","ATG12"
0.00218545317108632,0.455889115104386,0.262,0.256,1,"6","MAN1A2"
0.00220158781917879,0.343289085543276,0.403,0.422,1,"6","TUT4"
0.00235468673751305,0.415430741311909,0.304,0.305,1,"6","KPNA4"
0.00239765863763131,0.517276374845124,0.254,0.251,1,"6","RAB7A"
0.00239855591408022,0.445359749944697,0.255,0.249,1,"6","EMC7"
0.00249811894690288,0.45605224768214,0.301,0.304,1,"6","NFATC2IP"
0.00249878495992939,0.256510725113292,0.456,0.479,1,"6","CALR"
0.00255236377355361,0.336376159648636,0.415,0.446,1,"6","WASF2"
0.00255304414130841,0.310537931260293,0.41,0.43,1,"6","DOCK8"
0.00265290428230869,0.510272441596068,0.251,0.245,1,"6","FYTTD1"
0.00290683112091017,0.334476279177276,0.353,0.362,1,"6","TMC8"
0.00296683893354821,0.454238915973896,0.279,0.276,1,"6","SPEN"
0.00302054518360673,0.44044306725157,0.308,0.311,1,"6","BRWD1"
0.00307273470040847,0.474393614802728,0.274,0.272,1,"6","ACIN1"
0.00318382052699162,0.302660840216978,0.453,0.492,1,"6","TRA2A"
0.00337487441518181,0.330717040932845,0.332,0.341,1,"6","LAMTOR1"
0.00337971633869749,0.275721059991435,0.477,0.509,1,"6","MDM4"
0.00367734885376891,0.392554630850156,0.282,0.275,1,"6","ZBTB38"
0.0038535946826308,0.299924160615118,0.39,0.41,1,"6","SEMA4D"
0.00387676813840665,0.401046734583593,0.293,0.294,1,"6","CUL3"
0.00397793053051276,0.435790082009109,0.307,0.31,1,"6","BAZ2A"
0.00400987080903548,0.444003733341535,0.274,0.275,1,"6","TBCB"
0.00411072272399804,0.359001655242998,0.391,0.413,1,"6","STAG2"
0.0042736475649261,0.453793910206408,0.265,0.262,1,"6","IRF2"
0.00445816836196911,0.343927861299453,0.314,0.318,1,"6","CASP4"
0.00460403967224754,0.457997740916132,0.251,0.246,1,"6","SMARCC1"
0.00481765461569394,0.38673619850447,0.306,0.311,1,"6","HNRNPAB"
0.00507045365244174,0.48177174655078,0.261,0.259,1,"6","KLHL24"
0.00510548316395787,0.40580179625241,0.327,0.337,1,"6","RPS6KA3"
0.00512990153708448,0.279117138676846,0.423,0.45,1,"6","PTBP3"
0.00542768004233163,0.351359449200927,0.378,0.397,1,"6","MECP2"
0.00551119942957135,0.430358078047229,0.284,0.284,1,"6","ZNF148"
0.00554323377273169,0.422947818421092,0.315,0.326,1,"6","ACP1"
0.005858511799814,0.280650387721771,0.435,0.466,1,"6","RABAC1"
0.0062679080758874,0.365154376083399,0.341,0.352,1,"6","MYLIP"
0.00637508949677335,0.418141006608712,0.261,0.257,1,"6","OTULIN"
0.00644447212925869,0.460114574528644,0.27,0.27,1,"6","CSNK2A1"
0.00645737902085508,0.422106441498096,0.34,0.356,1,"6","ARID1A"
0.00659023160969707,0.266375861581581,0.452,0.485,1,"6","USP16"
0.00665502559236542,0.446897929233224,0.289,0.294,1,"6","HERC1"
0.00679369649844763,0.480715925634641,0.257,0.257,1,"6","PSMD13"
0.00719009911459922,0.382814535020402,0.304,0.305,1,"6","UPF3A"
0.00722855750706364,0.427273720663256,0.268,0.271,1,"6","SNRPC"
0.00787183915872802,0.461800490192887,0.29,0.297,1,"6","CDC40"
0.00796375763166446,0.34972501573231,0.315,0.32,1,"6","RFC1"
0.00802696016944759,0.440105940880772,0.256,0.255,1,"6","ATXN2L"
0.00909384530109181,0.253936895000842,0.519,0.573,1,"6","POLR2J3.1"
0.0098052331097378,0.490318059847209,0.255,0.254,1,"6","EIF4EBP2"
0,6.4062640113398,0.994,0.046,0,"7","IGHM"
0,5.02077286657789,0.959,0.041,0,"7","MS4A1"
0,6.33345906207233,0.914,0.012,0,"7","IGHD"
0,5.10520813394195,0.899,0.043,0,"7","CD79A"
0,4.98253714298365,0.877,0.035,0,"7","BANK1"
0,4.16701028585665,0.913,0.105,0,"7","HLA-DQA1"
0,4.56479667585535,0.886,0.107,0,"7","CD79B"
0,4.67688114541754,0.843,0.069,0,"7","RALGPS2"
0,3.82941746364937,1,0.235,0,"7","HLA-DRA"
0,5.63563995861768,0.797,0.033,0,"7","LINC00926"
0,4.06706555760106,0.921,0.158,0,"7","HLA-DQB1"
0,4.53167205141032,0.832,0.082,0,"7","MEF2C"
0,3.17126707500848,0.97,0.307,0,"7","HLA-DRB1"
0,4.72257186275807,0.697,0.038,0,"7","BCL11A"
0,5.75991091426679,0.672,0.022,0,"7","CD22"
0,4.15256972953326,0.714,0.071,0,"7","MARCH1"
0,4.35178082342957,0.676,0.056,0,"7","TNFRSF13C"
0,4.9527060121364,0.652,0.042,0,"7","AFF3"
0,3.64447389806169,0.716,0.118,0,"7","CD83"
0,2.70501716525988,0.972,0.391,0,"7","HLA-DPA1"
0,3.35161814283061,0.703,0.128,0,"7","HLA-DMA"
0,7.10914243386171,0.575,0.005,0,"7","TCL1A"
0,4.58692839169651,0.619,0.053,0,"7","EAF2"
0,3.76543848451043,0.636,0.076,0,"7","HLA-DMB"
0,4.94207611845142,0.576,0.032,0,"7","ADAM28"
0,3.76174428647519,0.592,0.048,0,"7","TCF4"
0,6.17787800534394,0.554,0.012,0,"7","VPREB3"
0,3.79408262990887,0.584,0.06,0,"7","IRF8"
0,3.12505244751589,0.651,0.138,0,"7","STX7"
0,3.57911957112532,0.711,0.198,0,"7","IGKC"
0,4.73468951843884,0.553,0.041,0,"7","BCL7A"
0,3.55148408537552,1,0.496,0,"7","CD74"
0,5.54409106218221,0.518,0.016,0,"7","FAM129C"
0,3.68469813615317,0.584,0.088,0,"7","PLPP5"
0,2.45710529997784,0.818,0.327,0,"7","BIRC3"
0,3.18143486047983,0.662,0.172,0,"7","YBX3"
0,2.49395471063851,0.983,0.493,0,"7","HLA-DPB1"
0,4.08676529546166,0.553,0.064,0,"7","HVCN1"
0,5.63328566651071,0.502,0.015,0,"7","PAX5"
0,4.20490782526537,0.536,0.052,0,"7","SWAP70"
0,2.66941387248263,0.664,0.191,0,"7","SNX2"
0,6.05569182610112,0.486,0.013,0,"7","FCRL1"
0,2.35219186451366,0.708,0.241,0,"7","POU2F2"
0,3.43441977139066,0.513,0.06,0,"7","PHACTR1"
0,3.42407646215443,0.523,0.08,0,"7","STRBP"
0,2.51208459804935,0.594,0.158,0,"7","NCF1"
0,4.7893778554607,0.445,0.023,0,"7","COBLL1"
0,6.78313556571511,0.43,0.008,0,"7","FCER2"
0,3.71951267019697,0.464,0.054,0,"7","CIITA"
0,3.57924889949925,0.47,0.062,0,"7","CALHM6"
0,3.3018566472988,0.481,0.085,0,"7","NFKBID"
0,5.99244110133493,0.406,0.011,0,"7","LINC02397"
0,4.08325641372119,0.434,0.041,0,"7","P2RX5"
0,4.78322221525259,0.407,0.024,0,"7","CD40"
0,3.17493922782276,0.51,0.128,0,"7","IL4R"
0,2.87616683149236,0.491,0.11,0,"7","SEL1L3"
0,0.922703883012487,0.941,0.561,0,"7","LTB"
0,5.53531370415838,0.389,0.01,0,"7","TSPAN13"
0,4.29044986337939,0.409,0.033,0,"7","GNG7"
0,2.85832899491947,0.475,0.109,0,"7","BACH2"
0,5.11586255466711,0.375,0.014,0,"7","CD24"
0,1.97118594372415,0.506,0.152,0,"7","LYN"
0,3.40974358354127,0.406,0.056,0,"7","LY86"
0,3.81496158192308,0.388,0.04,0,"7","BASP1"
0,1.96837236442272,0.417,0.069,0,"7","CYBB"
0,2.32900459459765,0.399,0.061,0,"7","MARCKS"
0,5.20303112677387,0.351,0.016,0,"7","BLNK"
0,5.12522426738287,0.348,0.013,0,"7","FAM30A"
0,1.58773350619092,0.801,0.467,0,"7","REL"
0,2.56249575345678,0.446,0.112,0,"7","TPD52"
0,1.89656342186545,0.495,0.173,0,"7","MTSS1"
0,4.91589276534455,0.339,0.018,0,"7","HLA-DOB"
0,4.75418453611757,0.333,0.019,0,"7","PKIG"
0,3.96274310299485,0.349,0.035,0,"7","GAPT"
0,4.60773634942465,0.328,0.016,0,"7","FCRL2"
0,1.89348185114146,0.53,0.22,0,"7","PDE4B"
0,3.50418208008283,0.38,0.07,0,"7","IGLC2"
0,1.82245369477638,0.543,0.235,0,"7","ZCCHC7"
0,4.46689876956267,0.32,0.018,0,"7","BLK"
0,2.37914676227743,0.397,0.096,0,"7","CXXC5"
0,3.88936667235283,0.334,0.033,0,"7","IGLC3"
0,2.68406697236019,0.421,0.12,0,"7","IFT57"
0,2.57788883488336,0.396,0.096,0,"7","FAM3C"
0,4.66432607844135,0.318,0.018,0,"7","POU2AF1"
0,1.78392536851027,0.529,0.235,0,"7","PLEKHA2"
0,3.16226762482061,0.353,0.061,0,"7","RAB30"
0,2.67624863595189,0.385,0.097,0,"7","ORAI2"
0,1.71275499352931,0.641,0.356,0,"7","HERPUD1"
0,5.05995401043015,0.298,0.013,0,"7","EBF1"
0,1.91735120520934,0.451,0.167,0,"7","TMEM156"
0,1.69689474330216,0.565,0.282,0,"7","PARP14"
0,4.58685355993838,0.3,0.019,0,"7","STAP1"
0,1.28162403297918,0.817,0.536,0,"7","ZFP36L1"
0,5.71342609491264,0.288,0.008,0,"7","PCDH9"
0,2.47859394886775,0.424,0.145,0,"7","TP53INP1"
0,4.2174275172045,0.294,0.015,0,"7","FCRL5"
0,4.47771789626952,0.295,0.019,0,"7","CD72"
0,2.71066531671901,0.346,0.074,0,"7","SYK"
0,2.56783455634574,0.996,0.725,0,"7","CD37"
0,2.512575130808,0.359,0.09,0,"7","CYB561A3"
0,2.61322567213486,0.362,0.096,0,"7","TAPT1"
0,2.20441682923897,0.41,0.145,0,"7","ADK"
0,1.46011157724258,0.559,0.295,0,"7","FCMR"
0,2.19961719962482,0.399,0.135,0,"7","TMEM154"
0,4.02536007070336,0.297,0.034,0,"7","BTK"
0,2.46703075860449,0.356,0.094,0,"7","FCHSD2"
0,4.11283855305288,0.285,0.023,0,"7","FCGR2B"
0,4.13964902685036,0.282,0.02,0,"7","SPIB"
0,2.52574934279602,0.349,0.089,0,"7","HLA-DQA2"
0,1.92247025399725,0.421,0.161,0,"7","SYPL1"
0,1.27469270705905,0.707,0.447,0,"7","PRDM2"
0,1.47984221839521,0.56,0.302,0,"7","PPM1K"
0,5.1643536027399,0.268,0.011,0,"7","CD19"
0,3.69686844270866,0.292,0.036,0,"7","CDCA7L"
0,1.41020206555732,0.568,0.314,0,"7","EBLN3P"
0,2.35346110296067,0.362,0.109,0,"7","SMIM14"
0,2.57258106718328,0.337,0.085,0,"7","SNX29"
0,1.71920387068421,0.352,0.109,0,"7","CCDC50"
0,1.83944220065592,0.412,0.169,0,"7","WASHC4"
0,3.6025796043702,0.277,0.035,0,"7","HHEX"
0,1.16657939275433,0.732,0.49,0,"7","MTPN"
0,1.71258101855814,0.428,0.187,0,"7","ZBTB10"
0,3.96359708848895,0.264,0.025,0,"7","BTLA"
0,1.16057735452198,0.645,0.408,0,"7","EZR"
0,2.98415526943108,0.276,0.04,0,"7","PDLIM1"
0,1.37229404091331,0.485,0.25,0,"7","PMAIP1"
0,1.24649544485546,0.91,0.677,0,"7","LAPTM5"
0,1.54950062482667,0.485,0.252,0,"7","TAGAP"
0,4.14891246942952,0.253,0.021,0,"7","RASGRP3"
0,2.59926956863277,0.301,0.07,0,"7","QRSL1"
0,1.24492149071766,0.618,0.396,0,"7","SNX3"
0,1.84958095473202,0.355,0.133,0,"7","GGA2"
0,3.17180874735717,0.269,0.048,0,"7","BMP2K"
0,1.95809752809365,0.349,0.129,0,"7","CYB5A"
0,1.1786134693002,0.52,0.301,0,"7","TRIM38"
0,1.14115841257347,0.592,0.373,0,"7","SP110"
0,1.80762489320992,0.394,0.178,0,"7","PELI1"
0,3.09808121142651,0.264,0.048,0,"7","GRK3"
0,1.02695235151117,0.607,0.391,0,"7","CD55"
0,1.73907674364703,0.917,0.704,0,"7","CD69"
0,0.950233367921424,0.844,0.631,0,"7","FOXP1"
0,2.23259878311743,0.3,0.09,0,"7","LINC01215"
0,2.57475906532094,0.269,0.06,0,"7","SAV1"
0,1.31662709320298,0.48,0.271,0,"7","NCOA3"
0,1.04830961966567,0.678,0.47,0,"7","PRKCB"
0,1.45912829543982,0.414,0.207,0,"7","AIDA"
0,1.27605059661429,0.568,0.361,0,"7","SNHG7"
0,2.0146639820728,0.3,0.094,0,"7","LAT2"
0,2.31234835106461,0.291,0.086,0,"7","DAPP1"
0,2.35020693291869,0.294,0.089,0,"7","CHPT1"
0,1.39332172336226,0.416,0.212,0,"7","RERE"
0,1.66295941704238,0.369,0.165,0,"7","DNAJC10"
0,1.72316507984954,0.349,0.145,0,"7","DMXL1"
0,1.11713692843282,0.473,0.269,0,"7","MAP3K1"
0,0.835421766009979,0.719,0.516,0,"7","EVI2B"
0,0.956895665238569,0.528,0.327,0,"7","ATP2B1"
0,1.7477821569418,0.344,0.143,0,"7","DRAM2"
0,1.68029422371177,0.373,0.173,0,"7","CAMK2D"
0,1.31930868066617,0.414,0.215,0,"7","AC025164.1"
0,1.18630818113378,0.456,0.258,0,"7","PPP3CA"
0,2.12210950959132,0.288,0.091,0,"7","ITPR1"
0,1.04881914174997,0.772,0.576,0,"7","SEC62"
0,1.54268661351638,0.365,0.169,0,"7","SYNGR2"
0,1.1553419747059,0.611,0.416,0,"7","EIF1B"
0,2.26885200116931,0.276,0.081,0,"7","CTSH"
0,1.38624570943481,0.366,0.172,0,"7","SP140"
0,1.62411196688855,0.357,0.163,0,"7","RB1"
0,1.37236464829879,0.416,0.223,0,"7","APPL1"
0,1.63330221759053,0.339,0.147,0,"7","TCOF1"
0,1.15816863291527,0.512,0.321,0,"7","RCSD1"
0,1.0226650690714,0.51,0.319,0,"7","RHOH"
0,1.44543831856264,0.397,0.209,0,"7","MEF2A"
0,1.05397129484824,0.446,0.258,0,"7","IFI44L"
0,1.0502437215633,0.619,0.431,0,"7","TSTD1"
0,1.57358839815819,0.328,0.14,0,"7","TTN"
0,2.2191873820524,0.263,0.076,0,"7","AC108863.1"
0,1.85362545344134,0.305,0.119,0,"7","SNX10"
0,1.42110443988583,0.441,0.255,0,"7","MKNK2"
0,1.82437572910413,0.311,0.126,0,"7","TCF3"
0,0.69947077236872,0.645,0.463,0,"7","SELL"
0,1.62766705486901,0.301,0.119,0,"7","CTSZ"
0,2.16519908865965,0.259,0.08,0,"7","ZNF318"
0,1.9965344207042,0.274,0.096,0,"7","GRASP"
0,1.14651164805076,0.318,0.14,0,"7","BCL2A1"
0,1.07631883325436,0.78,0.603,0,"7","SMAP2"
0,1.09370648427696,0.537,0.361,0,"7","TMEM243"
0,1.98597574320418,0.271,0.095,0,"7","P2RY10"
0,1.11081043241431,0.51,0.334,0,"7","GABPB1-AS1"
0,1.90309876292076,0.281,0.106,0,"7","NUP88"
0,1.73170133733971,0.316,0.143,0,"7","PLEKHF2"
0,0.917967102351476,0.59,0.417,0,"7","JMJD1C"
0,1.74728868286161,0.283,0.111,0,"7","SMC6"
0,1.44602993400793,0.342,0.171,0,"7","LTA4H"
0,1.53809350881382,0.315,0.145,0,"7","UVRAG"
0,1.77592994044237,0.282,0.112,0,"7","CAMK1D"
0,1.61158828549813,0.301,0.132,0,"7","TSPAN3"
0,1.60709988661455,0.312,0.144,0,"7","KIAA0040"
0,1.35930916586208,0.399,0.233,0,"7","AC103591.3"
0,1.2661334364029,0.388,0.222,0,"7","KDM6B"
0,1.90683058995627,0.264,0.099,0,"7","SIPA1L1"
0,0.818093901897071,0.562,0.398,0,"7","RNASET2"
0,1.47403120447971,0.294,0.131,0,"7","LY9"
0,1.35588425974147,0.304,0.144,0,"7","PHTF2"
0,1.03918594993399,0.425,0.265,0,"7","DGKD"
0,1.35036384507291,0.357,0.197,0,"7","ELOVL5"
0,1.28593398618293,0.381,0.222,0,"7","AL121944.1"
0,0.738808674924907,0.78,0.622,0,"7","PLAC8"
0,1.17836351499309,0.393,0.235,0,"7","CSNK1G3"
0,1.67573136749397,0.281,0.124,0,"7","OTUD1"
0,1.27258753748622,0.316,0.159,0,"7","SKAP2"
0,1.27804570848097,0.354,0.198,0,"7","LSM10"
0,0.940401356714297,0.618,0.462,0,"7","SELENOF"
0,1.5407175278983,0.298,0.143,0,"7","MYC"
0,1.36285399657088,0.3,0.146,0,"7","TRAF5"
0,1.48031853497,0.274,0.121,0,"7","ZDHHC21"
0,0.969631704402361,0.378,0.225,0,"7","CCR7"
0,0.71623086356143,0.585,0.434,0,"7","IKZF3"
0,1.14227083405767,0.422,0.271,0,"7","ZNF331"
0,1.30374043889529,0.335,0.185,0,"7","ACBD3"
0,1.46315622774204,0.254,0.104,0,"7","RRAS2"
0,0.896208676835071,0.415,0.265,0,"7","LYST"
0,1.28860837012686,0.306,0.158,0,"7","RIC3"
0,0.695201580831426,0.752,0.605,0,"7","SP100"
0,1.44029914794112,0.302,0.155,0,"7","FAM96A"
0,1.08118720699189,0.298,0.152,0,"7","GSAP"
0,0.939069100721755,0.346,0.2,0,"7","APLP2"
0,0.859582538383717,0.563,0.417,0,"7","GRB2"
0,1.01886444011331,0.523,0.38,0,"7","CHMP1B"
0,1.08693187414784,0.408,0.266,0,"7","MBD4"
0,0.995287383739273,0.362,0.222,0,"7","NT5C3A"
0,0.897528022878364,0.384,0.246,0,"7","ST6GAL1"
0,0.905950731865965,0.433,0.295,0,"7","CHCHD10"
0,1.04427642933758,0.348,0.21,0,"7","PHKB"
0,1.25069402057243,0.3,0.163,0,"7","SECISBP2L"
0,1.1727933009941,0.971,0.837,0,"7","CXCR4"
0,1.14232974446805,0.308,0.176,0,"7","RABEP1"
0,1.01529777506044,0.372,0.241,0,"7","SP140L"
0,0.70221708044898,0.902,0.771,0,"7","DUSP1"
0,1.4090747772481,0.261,0.13,0,"7","CHD7"
0,1.02804185890404,0.361,0.23,0,"7","PARP1"
0,1.26845165331819,0.29,0.159,0,"7","WDR11"
0,1.40523429692478,0.297,0.167,0,"7","USP12"
0,0.76419598009059,0.364,0.235,0,"7","GPR183"
0,0.736736222807499,0.698,0.571,0,"7","ARID1B"
0,0.864611387125925,0.373,0.247,0,"7","PARP15"
0,1.2123582317499,0.321,0.195,0,"7","SKIL"
0,0.474852627721042,0.495,0.369,0,"7","BCL2"
0,0.952932177443334,0.396,0.271,0,"7","NCK2"
0,0.732785695147433,0.731,0.606,0,"7","ISG20"
0,0.627130687965893,0.37,0.246,0,"7","NPC2"
0,0.646800541247605,0.834,0.711,0,"7","NFKBIA"
0,1.35992106736584,0.252,0.131,0,"7","POLD4"
0,0.561498694198923,0.45,0.33,0,"7","ARID5B"
0,0.794968649823675,0.373,0.255,0,"7","CHD9"
0,0.88795813320112,0.273,0.156,0,"7","VAV3"
0,0.934699298040582,0.374,0.258,0,"7","BLOC1S2"
0,0.710609790271332,0.615,0.5,0,"7","MDM4"
0,0.892435476930509,0.446,0.331,0,"7","RNASEH2B"
0,0.77120192962958,0.64,0.526,0,"7","LSM7"
0,0.993058988218925,0.333,0.221,0,"7","TANK"
0,0.668786413200294,0.588,0.476,0,"7","RPL22L1"
0,0.673235317556832,0.644,0.532,0,"7","SMDT1"
0,0.795314598343155,0.404,0.296,0,"7","PCMTD1"
0,0.791243883547912,0.387,0.279,0,"7","MAP4K4"
0,1.07753498868212,0.267,0.16,0,"7","BACH1"
0,1.03421453734042,0.297,0.19,0,"7","DCK"
0,1.07760534216222,0.274,0.168,0,"7","LMBRD1"
0,0.80842220262996,0.325,0.219,0,"7","SAMD9L"
0,0.975562651947937,0.289,0.183,0,"7","PLEKHO1"
0,0.69957139187039,0.618,0.512,0,"7","TAF1D"
0,1.00027837622892,0.301,0.195,0,"7","N4BP2L1"
0,0.565399386001277,0.53,0.425,0,"7","IER5"
0,0.680978425820856,0.387,0.283,0,"7","MIS18BP1"
0,0.368596624432947,0.895,0.791,0,"7","JUN"
0,0.541714576784185,0.834,0.731,0,"7","ZFAS1"
0,0.532014556640134,0.639,0.537,0,"7","IFI16"
0,0.756549420167354,0.631,0.529,0,"7","DDX21"
0,0.67702012981977,0.451,0.354,0,"7","RASGRP2"
0,0.823765023881381,0.315,0.219,0,"7","NGLY1"
0,0.788495409696471,0.389,0.294,0,"7","ARL4A"
0,0.900394663728979,0.31,0.215,0,"7","AP3B1"
0,0.980064929389267,0.29,0.195,0,"7","IFNAR1"
0,0.647837143951813,0.555,0.461,0,"7","ISCU"
0,0.499676231197813,0.897,0.806,0,"7","NOP53"
0,0.554271551265922,0.629,0.539,0,"7","MYCBP2"
0,0.451431529880777,0.901,0.814,0,"7","ARPC3"
0,0.302655502883075,0.841,0.758,0,"7","NAP1L1"
0,0.491151163011372,0.753,0.672,0,"7","SMCHD1"
0,0.524574684715726,0.672,0.592,0,"7","RNMT"
0,0.532678726614003,0.745,0.666,0,"7","LIMD2"
0,0.60704009841367,0.995,0.917,0,"7","CD52"
0,0.557808907794238,0.58,0.505,0,"7","SELENOH"
0,0.50598567921978,0.736,0.661,0,"7","ANAPC16"
0,0.41635267909393,0.95,0.876,0,"7","OAZ1"
0,0.480368097675349,0.655,0.584,0,"7","PPP1R15A"
0,0.372401225188703,0.833,0.777,0,"7","HSP90AB1"
0,0.418988660342129,0.846,0.794,0,"7","RIPOR2"
0,0.336242018003787,0.819,0.771,0,"7","GNAS"
0,0.312705371155763,0.98,0.933,0,"7","RPLP0"
0,0.333367882653226,0.841,0.796,0,"7","CIRBP"
0,1.19520129743606,0.997,0.956,0,"7","JUND"
0,0.30759077565398,0.883,0.843,0,"7","MT-ND4L"
0,0.44462360796028,0.943,0.906,0,"7","TSC22D3"
0,0.305246509785319,0.981,0.948,0,"7","RPS26"
0,0.378012615675671,0.787,0.757,0,"7","TRA2B"
0,0.303844011053189,0.982,0.952,0,"7","RACK1"
0,0.563268196766322,0.984,0.954,0,"7","RPS5"
0,0.316653967195237,0.994,0.967,0,"7","RPL23"
0,0.300138357379933,0.979,0.953,0,"7","PFDN5"
0,0.742096610245667,0.995,0.976,0,"7","RPL8"
0,0.982909607063519,0.999,0.98,0,"7","BTG1"
0,0.290369567846598,0.992,0.979,0,"7","RPS21"
0,0.403719236942115,0.998,0.987,0,"7","RPL15"
0,0.342543485255814,0.998,0.987,0,"7","RPL29"
0,0.287809686826267,0.998,0.987,0,"7","RPL7A"
0,0.320957112870324,0.999,0.988,0,"7","RPS9"
0,0.440529672461113,0.998,0.988,0,"7","RPL12"
0,0.383843689175673,0.999,0.99,0,"7","RPL35"
0,0.251784056772448,0.998,0.989,0,"7","RPL23A"
0,0.331978339325021,1,0.992,0,"7","RPS8"
0,0.281908381552562,0.995,0.987,0,"7","RPL35A"
0,0.476148285386875,0.999,0.991,0,"7","FAU"
0,0.303238733819065,0.997,0.989,0,"7","RPL21"
0,0.254555553665113,0.999,0.991,0,"7","RPL36"
0,0.34186311639658,0.999,0.991,0,"7","RPL18"
0,0.250415234929352,0.999,0.992,0,"7","RPL37A"
0,0.774139398613739,0.998,0.991,0,"7","RPS11"
0,0.466427543674649,0.999,0.993,0,"7","RPS23"
0,0.341097345971159,0.999,0.993,0,"7","RPL39"
0,0.27166316941204,0.999,0.993,0,"7","RPS2"
0,0.253380875665781,0.999,0.993,0,"7","RPL19"
0,0.689334468860793,0.999,0.993,0,"7","RPL18A"
0,0.253259803804696,1,0.995,0,"7","RPL32"
0,0.337086811134386,1,0.995,0,"7","RPL13A"
0,0.286941623186381,0.998,0.994,0,"7","RPL11"
0,0.334944500331691,1,0.996,0,"7","RPS19"
0,0.352017193755195,0.999,0.996,0,"7","PTMA"
0,0.255230289646401,0.998,0.995,0,"7","RPL41"
0,0.281882341207439,1,0.997,0,"7","RPL13"
0,0.368805429969847,1,0.998,0,"7","RPS27"
0,0.46127749306229,1,0.999,0,"7","MT-ND3"
2.22044604925031e-16,0.620711037694181,0.343,0.234,4.44355663375973e-12,"7","MAP3K8"
2.22044604925031e-16,0.773380108364266,0.331,0.234,4.44355663375973e-12,"7","FAM214A"
2.22044604925031e-16,0.929730150373937,0.267,0.175,4.44355663375973e-12,"7","AC245014.3"
2.22044604925031e-16,0.539081734678351,0.531,0.441,4.44355663375973e-12,"7","BOD1L1"
2.22044604925031e-16,0.824686350510288,0.378,0.29,4.44355663375973e-12,"7","PSMC6"
2.22044604925031e-16,0.431282997857629,0.727,0.666,4.44355663375973e-12,"7","YPEL5"
4.44089209850063e-16,0.577148648895041,0.554,0.478,8.88711326751945e-12,"7","TNFAIP8"
6.66133814775094e-16,0.646283581693482,0.38,0.284,1.33306699012792e-11,"7","CNTRL"
6.66133814775094e-16,0.81353491303226,0.28,0.187,1.33306699012792e-11,"7","ATP2A3"
6.66133814775094e-16,0.43028958521574,0.633,0.573,1.33306699012792e-11,"7","ANKRD44"
6.66133814775094e-16,0.267510840421284,0.903,0.891,1.33306699012792e-11,"7","PNRC1"
1.11022302462516e-15,0.504211720910279,0.61,0.537,2.22177831687986e-11,"7","STK17A"
1.33226762955019e-15,0.469538723533377,0.571,0.49,2.66613398025584e-11,"7","TAF7"
1.33226762955019e-15,0.724627476946098,0.514,0.438,2.66613398025584e-11,"7","ATF7IP"
1.77635683940025e-15,0.616626466278451,0.379,0.282,3.55484530700778e-11,"7","AC007952.4"
2.88657986402541e-15,0.738510318012653,0.38,0.293,5.77662362388764e-11,"7","ALG13"
3.33066907387547e-15,0.664527209961347,0.359,0.267,6.66533495063959e-11,"7","SHOC2"
4.44089209850063e-15,0.306221251472468,0.843,0.801,8.88711326751945e-11,"7","EEF2"
6.88338275267597e-15,0.653923076973833,0.356,0.265,1.37750255646552e-10,"7","HIF1A"
6.88338275267597e-15,0.896627731590193,0.275,0.19,1.37750255646552e-10,"7","ITGAE"
1.15463194561016e-14,0.597435713055983,0.416,0.328,2.31064944955506e-10,"7","RBM38"
1.3988810110277e-14,0.580383484747379,0.549,0.485,2.79944067926863e-10,"7","TRA2A"
1.46549439250521e-14,0.517300658019903,0.507,0.423,2.93274737828142e-10,"7","TRIM22"
1.66533453693773e-14,0.257867366154534,0.909,0.877,3.33266747531979e-10,"7","JUNB"
2.48689957516035e-14,0.72801469783297,0.322,0.234,4.97678342981089e-10,"7","PTK2B"
2.59792187762287e-14,0.761380697105884,0.321,0.234,5.19896126149888e-10,"7","NT5C"
3.574918139293e-14,0.669277804887216,0.383,0.297,7.15412618035316e-10,"7","GDI2"
3.79696274421804e-14,0.793625825665338,0.255,0.172,7.59848184372913e-10,"7","PRKD3"
4.01900734914307e-14,0.611022213639614,0.448,0.369,8.0428375071051e-10,"7","RBM26"
4.19664303308309e-14,0.290800990852007,0.872,0.819,8.39832203780588e-10,"7","HINT1"
5.81756864903582e-14,0.745103458249512,0.345,0.261,1.16421183804505e-09,"7","RCN2"
7.66053886991358e-14,0.466166280556187,0.65,0.593,1.53302703864711e-09,"7","CLEC2D"
1.50768286744096e-13,0.61692100275943,0.353,0.268,3.01717495432285e-09,"7","PNPLA8"
1.64535052249448e-13,0.58971376537125,0.44,0.349,3.29267546561596e-09,"7","XAF1"
2.08499884024604e-13,0.563465944757862,0.378,0.292,4.17249967910038e-09,"7","CDC40"
2.33368879776208e-13,0.486382121159275,0.767,0.765,4.67017802208147e-09,"7","IER2"
2.41140440948584e-13,0.924046181293397,0.302,0.224,4.82570250426306e-09,"7","COQ7"
2.42250663973209e-13,0.609403884432749,0.289,0.2,4.84792028743186e-09,"7","TENT5C"
5.36015676289026e-13,0.765820820668293,0.282,0.202,1.0726745713896e-08,"7","PARVG"
7.64721619361808e-13,0.435513509864362,0.588,0.52,1.53036090466685e-08,"7","TMEM123"
7.79154518681935e-13,0.759353443045543,0.328,0.254,1.55924402278629e-08,"7","DBNL"
1.0920153670213e-12,0.698556534728354,0.353,0.277,2.18534115248303e-08,"7","RAB21"
1.84163795324821e-12,0.816959450401763,0.275,0.2,3.68548587204032e-08,"7","OSER1"
1.93689508876105e-12,0.882004780634526,0.255,0.182,3.87611445162861e-08,"7","MARF1"
2.14095408068715e-12,0.454792216141629,0.557,0.484,4.28447730627113e-08,"7","TAGLN2"
2.60436117116569e-12,0.770467999031925,0.296,0.217,5.21184757573678e-08,"7","IQSEC1"
3.44702044685619e-12,0.600794576049166,0.425,0.354,6.8981773182486e-08,"7","LAMTOR5"
3.84803300335079e-12,0.399186645198189,0.385,0.293,7.70068364630561e-08,"7","ATP2B1-AS1"
3.92597065967948e-12,0.400476087617897,0.655,0.597,7.85665248415057e-08,"7","SNHG8"
4.24149604327795e-12,0.333778747135274,0.768,0.746,8.48808188180783e-08,"7","CCNI"
6.38467057001435e-12,0.835897974906205,0.278,0.207,1.27770027447127e-07,"7","DENND4A"
8.118394845269e-12,0.382336488311423,0.603,0.545,1.62465317643523e-07,"7","VPS13C"
9.34985422418322e-12,0.669166149519447,0.385,0.313,1.87109282734355e-07,"7","ITSN2"
9.88453763284269e-12,0.44459299451507,0.561,0.499,1.97809367108448e-07,"7","NSD3"
1.06274988809218e-11,0.465276706771658,0.608,0.565,2.12677507605008e-07,"7","CYCS"
1.27580168651775e-11,0.748367094440752,0.251,0.178,2.55313433505933e-07,"7","USF3"
1.88864479611084e-11,0.667176700541536,0.353,0.277,3.77955596597701e-07,"7","USP8"
3.61648488933497e-11,0.53541748488691,0.424,0.349,7.23730956053714e-07,"7","UPF2"
4.93982632576717e-11,0.772437252246756,0.267,0.197,9.88558044312526e-07,"7","RPA3"
7.47819584034914e-11,0.543226878886685,0.402,0.33,1.49653655157067e-06,"7","CMTM6"
1.71453518049702e-10,0.367445619206644,0.633,0.597,3.43112780321064e-06,"7","ERP29"
4.05647737622417e-10,0.625189022480476,0.332,0.268,8.1178225252998e-06,"7","MALT1"
4.95559593360895e-10,0.551688080252589,0.367,0.302,9.91713858233823e-06,"7","TRIM44"
5.6915916424316e-10,0.299388426785776,0.764,0.739,1.13900131948341e-05,"7","ATP6V1G1"
6.2378990861589e-10,0.633746769215959,0.345,0.278,1.24832836512212e-05,"7","BRAF"
8.51791748246455e-10,0.52888964608127,0.369,0.298,1.70460564659081e-05,"7","SH3BP5"
1.0050240639714e-09,0.378112328841248,0.599,0.547,2.01125415681958e-05,"7","PDCD4"
1.22944054936625e-09,0.621475266614181,0.304,0.238,2.46035642739173e-05,"7","RPAIN"
1.70771063956465e-09,0.692170649668841,0.288,0.221,3.41747053189678e-05,"7","EPSTI1"
2.30581798099649e-09,0.370611838803873,0.571,0.529,4.61440294357018e-05,"7","PAPOLA"
3.28198668242408e-09,0.284619790800542,0.67,0.629,6.56791174886706e-05,"7","DAZAP2"
4.04472144666101e-09,0.644359089289406,0.282,0.22,8.09429655905802e-05,"7","MED30"
5.26283128188254e-09,0.429586445207833,0.335,0.264,0.000105319779613033,"7","RGS2"
2.48544473890888e-08,0.622713695012246,0.264,0.204,0.000497387201150445,"7","JARID2"
2.9998660444619e-08,0.538058256001372,0.342,0.284,0.000600333192817715,"7","ERICH1"
3.64959829024514e-08,0.570109188062371,0.291,0.228,0.000730357609843857,"7","C1GALT1"
4.96561323171107e-08,0.6348551869673,0.254,0.196,0.00099371851993002,"7","AFF1"
6.07432757426807e-08,0.617881614745855,0.281,0.224,0.00121559443416253,"7","PTPN6"
6.64824704177391e-08,0.496976746537616,0.326,0.268,0.0013304471979998,"7","TLK1"
6.94958719460459e-08,0.529062049277824,0.334,0.276,0.00139075138938427,"7","DDX27"
8.50717887246333e-08,0.488245310197886,0.336,0.28,0.00170245663595736,"7","PDE7A"
8.52642259019376e-08,0.569573001591281,0.279,0.22,0.00170630768874958,"7","ZMYND8"
1.01502707572365e-07,0.290169793827759,0.591,0.544,0.00203127218393817,"7","C6orf48"
2.38654096040847e-07,0.528715825974226,0.409,0.37,0.00477594576996943,"7","SNHG9"
2.87926858355547e-07,0.351816375895523,0.528,0.506,0.00576199228941121,"7","TMBIM4"
2.92506275645366e-07,0.588726689500824,0.311,0.257,0.00585363558821506,"7","KLHL24"
4.29995393291804e-07,0.417478234684109,0.432,0.388,0.00860506781055559,"7","EPB41L4A-AS1"
4.64499737118373e-07,0.537382183923703,0.266,0.209,0.00929556873921289,"7","ZNF33A"
5.42841613659917e-07,0.302854848029693,0.569,0.539,0.0108633463725623,"7","SRSF10"
8.82879632513323e-07,0.304193135681826,0.557,0.516,0.0176681872058566,"7","MOB1A"
1.0782444530566e-06,0.531358632849595,0.28,0.229,0.0215778279945686,"7","CNPY3"
1.58802199190511e-06,0.340850678645642,0.486,0.438,0.031779496102005,"7","UCP2"
2.011283909642e-06,0.26985053996056,0.642,0.621,0.0402498135997558,"7","GPBP1"
2.04073874554567e-06,0.614389839285552,0.288,0.241,0.0408392637758599,"7","PIM3"
2.07401173124566e-06,0.510334052276568,0.351,0.308,0.0415051227656882,"7","BAZ2A"
2.2804578081459e-06,0.444760699387863,0.421,0.382,0.0456365216566157,"7","BBX"
2.32392122612168e-06,0.473007043124177,0.467,0.441,0.0465063115771471,"7","UBALD2"
3.17757115841921e-06,0.525475385747729,0.39,0.357,0.0635895540222853,"7","TMPO"
3.64065848090789e-06,0.604266153657431,0.261,0.214,0.0728568575199287,"7","CREB1"
3.99445832788281e-06,0.487348715807059,0.328,0.282,0.0799371000575908,"7","USF2"
4.12890500833818e-06,0.251001919799939,0.913,0.944,0.0826276470268636,"7","KLF2"
4.26357132909949e-06,0.408140526723163,0.349,0.299,0.085322589437939,"7","ADD1"
4.60138301350277e-06,0.489867716627744,0.329,0.282,0.0920828768662174,"7","RBM6"
5.23710025546187e-06,0.480170138404827,0.357,0.317,0.104804850312303,"7","RBM23"
5.29517788350198e-06,0.353397442103103,0.472,0.427,0.105967099804642,"7","ZBTB20"
5.44644301059272e-06,0.267300660318745,0.657,0.644,0.108994217527981,"7","PNN"
6.35473212073911e-06,0.493021146391962,0.346,0.305,0.127170899200231,"7","AFF4"
7.31688454580492e-06,0.421591862391647,0.329,0.281,0.146425493530648,"7","OFD1"
1.12906278109115e-05,0.549511550990184,0.288,0.246,0.225948043751961,"7","FNIP1"
1.33690230612604e-05,0.377302827757608,0.404,0.369,0.267540889501944,"7","GTF2I"
1.42560522466972e-05,0.555146879436323,0.266,0.222,0.285292117560905,"7","WHAMM"
1.71366480483659e-05,0.31771314267123,0.532,0.508,0.342938600743898,"7","CHD2"
1.89607918579249e-05,0.488493463143891,0.302,0.26,0.379443366660793,"7","IRF2"
2.87602271098475e-05,0.473955671348307,0.306,0.263,0.575549664922268,"7","ZNF652"
2.96576168152818e-05,0.322308066304371,0.45,0.42,0.593508227707419,"7","RBBP6"
3.15831801016575e-05,0.313981230339861,0.513,0.494,0.63204260019437,"7","SNU13"
3.16394772086337e-05,0.483651538337393,0.289,0.248,0.633169217899177,"7","NSRP1"
4.03803804531755e-05,0.467232278867215,0.409,0.381,0.808092173628948,"7","ILF3-DT"
4.86320634571769e-05,0.494585938617323,0.26,0.219,0.973224853905023,"7","ANKRD10"
5.33225733148068e-05,0.430966854714795,0.333,0.291,1,"7","CUL3"
5.42480415759439e-05,0.361500555075934,0.384,0.347,1,"7","MAP3K2"
7.06136778845234e-05,0.424577708342002,0.314,0.272,1,"7","HIST1H1C"
8.31322601979601e-05,0.444429988482406,0.296,0.256,1,"7","PACS1"
8.64440511703091e-05,0.442540675005635,0.301,0.263,1,"7","HBP1"
0.000110904694005987,0.47048683521303,0.301,0.265,1,"7","MORC3"
0.000124240202261205,0.478833075650798,0.352,0.326,1,"7","BCAS2"
0.000133225202876508,0.352982336925623,0.384,0.352,1,"7","THRAP3"
0.000171117270462817,0.369927545292995,0.386,0.36,1,"7","ZNF644"
0.000175411095188149,0.252267551623257,0.567,0.558,1,"7","UBXN1"
0.000216588615614244,0.316648158526895,0.28,0.238,1,"7","RAB11FIP1"
0.000270632230154666,0.292401679745203,0.421,0.397,1,"7","ZNF706"
0.000296711895780177,0.445980137816409,0.265,0.23,1,"7","PLP2"
0.000306112412199466,0.400393053275558,0.285,0.248,1,"7","ASXL1"
0.000383162482229693,0.391681695135104,0.362,0.334,1,"7","IFRD1"
0.000484866333463119,0.378551283177607,0.26,0.224,1,"7","ING3"
0.000505844288354984,0.30457558020955,0.393,0.371,1,"7","ANP32A"
0.000510981964324753,0.362752012106082,0.34,0.31,1,"7","TGFBR2"
0.00055353582900608,0.285957158268153,0.487,0.471,1,"7","WAC"
0.000580132701503144,0.332827062135751,0.334,0.3,1,"7","SSH2"
0.000581726496259316,0.310893268083554,0.337,0.305,1,"7","SECISBP2"
0.000605506777438869,0.462844854495786,0.272,0.241,1,"7","NFKB1"
0.000742636651085871,0.428080738645802,0.283,0.257,1,"7","PHB2"
0.000875607683427981,0.370614212631226,0.289,0.258,1,"7","TMEM107"
0.00105556786108796,0.278780392550264,0.54,0.527,1,"7","TUBA1A"
0.00108277093144227,0.392273930894651,0.271,0.24,1,"7","PSMB8-AS1"
0.00116245285523608,0.372991047538353,0.296,0.265,1,"7","B4GALT1"
0.00133359685067491,0.374310942830696,0.424,0.416,1,"7","SNRPD3"
0.00146585576244029,0.435806869800618,0.255,0.227,1,"7","DARS"
0.00146950656756251,0.314349170068838,0.274,0.24,1,"7","SLC39A10"
0.00155266348989325,0.383592816369657,0.291,0.264,1,"7","WDR74"
0.00161081026421006,0.25328387654902,0.482,0.474,1,"7","TRMT112"
0.00163834524122275,0.296248828584642,0.37,0.347,1,"7","SRSF6"
0.00188982166039176,0.327898390225303,0.339,0.314,1,"7","CNOT7"
0.0022613324051961,0.257957832145889,0.456,0.437,1,"7","CDK13"
0.00232679595153407,0.273313192637698,0.473,0.455,1,"7","PPIG"
0.00268948202074148,0.387806691274992,0.26,0.234,1,"7","SMNDC1"
0.0029020503871493,0.384997434234199,0.31,0.285,1,"7","THUMPD3-AS1"
0.00455102003441432,0.307338572854551,0.346,0.325,1,"7","CWF19L2"
0.0048179286336727,0.278717197321934,0.38,0.368,1,"7","PHF20"
0.00498351715195144,0.382528395665847,0.262,0.238,1,"7","MAF1"
0.00591974115282246,0.38215963734087,0.257,0.231,1,"7","STAG1"
0.00617615952532757,0.314433194047138,0.34,0.323,1,"7","CNOT1"
0.00624387120715131,0.301182343438175,0.364,0.344,1,"7","COX17"
0.00823151363116081,0.382058930771955,0.288,0.268,1,"7","TSPYL1"
0,5.80518736262618,0.99,0.063,0,"8","CST3"
0,6.3179002892983,0.945,0.019,0,"8","VCAN"
0,6.33457633436679,0.96,0.035,0,"8","MNDA"
0,6.13934228038048,0.956,0.034,0,"8","FCN1"
0,5.83283932174777,0.943,0.023,0,"8","CLEC7A"
0,6.20134106557694,0.997,0.082,0,"8","LYZ"
0,6.10714801420056,0.919,0.016,0,"8","CSTA"
0,6.48060415608575,0.903,0.017,0,"8","CD14"
0,5.76972330220873,0.96,0.081,0,"8","S100A8"
0,4.22887155700991,0.97,0.095,0,"8","LST1"
0,6.21114169140792,0.893,0.02,0,"8","CSF3R"
0,4.71554358172224,0.954,0.083,0,"8","GRN"
0,5.3736507580159,0.915,0.052,0,"8","KLF4"
0,5.99654957950942,0.881,0.019,0,"8","MS4A6A"
0,4.85734258694338,0.915,0.055,0,"8","CYBB"
0,5.11716099652408,0.878,0.02,0,"8","SERPINA1"
0,5.8187827843385,0.869,0.016,0,"8","S100A12"
0,5.66010425282255,0.872,0.023,0,"8","NCF2"
0,5.5170993593335,0.872,0.027,0,"8","PLAUR"
0,5.8600223211668,0.984,0.143,0,"8","S100A9"
0,6.37363471177622,0.85,0.014,0,"8","TNFAIP2"
0,4.17317461460239,0.93,0.098,0,"8","FGL2"
0,4.65155047134132,0.97,0.14,0,"8","TYMP"
0,6.09308200259274,0.847,0.019,0,"8","CLEC12A"
0,5.12302435779791,0.844,0.029,0,"8","MPEG1"
0,3.99796175165316,0.911,0.098,0,"8","CEBPD"
0,5.03366833159999,0.844,0.031,0,"8","SPI1"
0,5.14953973642619,0.842,0.032,0,"8","CFD"
0,5.13979931435142,0.839,0.033,0,"8","SLC11A1"
0,3.04687187623734,0.956,0.158,0,"8","FCER1G"
0,4.95665891602249,0.829,0.035,0,"8","CFP"
0,5.09093225213334,0.806,0.029,0,"8","CD302"
0,6.33162152066189,0.79,0.014,0,"8","CPVL"
0,5.15578453959702,0.796,0.024,0,"8","CD68"
0,3.76167318436496,0.851,0.083,0,"8","RNF130"
0,5.4669068865289,0.795,0.028,0,"8","DMXL2"
0,4.55599498762522,0.977,0.215,0,"8","NAMPT"
0,3.69877315105222,0.836,0.075,0,"8","LGALS3"
0,5.30983264247464,0.788,0.028,0,"8","LRRK2"
0,3.97954748869562,0.825,0.069,0,"8","BLVRB"
0,3.72049723866752,0.944,0.19,0,"8","AP1S2"
0,3.57391866398088,0.869,0.116,0,"8","FCGRT"
0,3.63559259027485,0.833,0.084,0,"8","CCDC88A"
0,3.70693410813397,0.969,0.221,0,"8","AIF1"
0,6.05307154952209,0.757,0.014,0,"8","CD36"
0,3.1154084180682,0.919,0.18,0,"8","APLP2"
0,5.21043073391285,0.754,0.018,0,"8","LILRB2"
0,4.67892960557031,0.758,0.025,0,"8","IRAK3"
0,5.3826396392488,0.743,0.016,0,"8","C5AR1"
0,3.4417216628707,0.966,0.241,0,"8","RGS2"
0,2.44349383404686,0.971,0.247,0,"8","HLA-DRA"
0,5.59981728663478,0.743,0.021,0,"8","KCTD12"
0,4.86972835752656,0.755,0.035,0,"8","TNFSF13B"
0,3.40801537326267,0.827,0.108,0,"8","CTSB"
0,3.29506461967114,0.926,0.213,0,"8","TKT"
0,4.77111794402261,0.742,0.029,0,"8","TIMP2"
0,3.25726433956227,0.831,0.122,0,"8","KLF10"
0,5.87741738900445,0.72,0.012,0,"8","FPR1"
0,3.07703196821084,0.94,0.234,0,"8","ASAH1"
0,2.75954494090835,0.985,0.28,0,"8","TYROBP"
0,3.76562560280629,0.772,0.071,0,"8","GCA"
0,3.43961057607666,0.803,0.103,0,"8","JAML"
0,5.18584678992056,0.727,0.027,0,"8","IGSF6"
0,2.65762789110804,0.928,0.231,0,"8","PTPRE"
0,5.51152267910264,0.708,0.016,0,"8","ALDH2"
0,6.25335285949973,0.697,0.011,0,"8","TREM1"
0,4.69843416210432,0.732,0.048,0,"8","CXCL8"
0,2.69936341824975,0.805,0.123,0,"8","CD83"
0,3.63999780595501,0.73,0.048,0,"8","LY86"
0,6.10612981235451,0.695,0.014,0,"8","AC020656.1"
0,3.19559187805681,0.78,0.103,0,"8","CTSZ"
0,3.93866332494552,0.727,0.053,0,"8","MARCKS"
0,4.27633859953127,0.713,0.041,0,"8","CPPED1"
0,2.64193228499362,0.899,0.228,0,"8","NPC2"
0,2.90224788327807,0.795,0.132,0,"8","ADA2"
0,4.54264884064265,0.745,0.083,0,"8","SGK1"
0,3.31381221658563,0.978,0.316,0,"8","PSAP"
0,3.31690606034778,0.865,0.207,0,"8","SOD2"
0,7.95619371097714,0.663,0.005,0,"8","LGALS2"
0,3.24622370788618,0.788,0.132,0,"8","GLUL"
0,5.7609305820429,0.671,0.015,0,"8","LRP1"
0,3.65296193016532,0.714,0.058,0,"8","PHACTR1"
0,2.80155732093135,0.735,0.08,0,"8","MARCH1"
0,5.51426810914421,0.669,0.014,0,"8","TGFBI"
0,5.21963512069085,0.665,0.01,0,"8","PLBD1"
0,2.44868919557751,0.889,0.238,0,"8","ANXA5"
0,3.02859936460459,0.803,0.156,0,"8","NCF1"
0,2.00460631094891,0.742,0.096,0,"8","MEF2C"
0,2.8730209727193,0.964,0.319,0,"8","COTL1"
0,3.96788236394921,0.714,0.072,0,"8","DUSP6"
0,2.87458648140582,0.758,0.117,0,"8","STXBP2"
0,2.29298936154847,0.786,0.146,0,"8","LYN"
0,5.44262318764933,0.656,0.017,0,"8","TMEM170B"
0,4.05992040263713,0.672,0.034,0,"8","RNASE6"
0,3.1945652799742,0.728,0.095,0,"8","OGFRL1"
0,3.72266739029428,0.69,0.058,0,"8","CAPG"
0,4.11693001153956,0.649,0.018,0,"8","IL1B"
0,5.41186158866961,0.645,0.014,0,"8","PLXDC2"
0,3.13479415530961,0.76,0.13,0,"8","MXD1"
0,2.65548128860994,0.903,0.274,0,"8","ATP2B1-AS1"
0,2.96900305533976,0.941,0.313,0,"8","BRI3"
0,4.46637525595878,0.654,0.028,0,"8","FCGR2A"
0,5.17220754843581,0.639,0.014,0,"8","TLR2"
0,4.9279364221008,0.643,0.019,0,"8","HCK"
0,2.60605219262945,0.966,0.342,0,"8","LGALS1"
0,4.12607850937265,0.755,0.133,0,"8","IFITM3"
0,4.71189212047559,0.642,0.022,0,"8","RAB31"
0,4.44443264243063,0.639,0.021,0,"8","MS4A7"
0,2.48006573268213,0.77,0.153,0,"8","DPYD"
0,2.29162746798518,0.847,0.23,0,"8","PYCARD"
0,2.14558714936498,0.883,0.27,0,"8","QKI"
0,3.22476875576539,0.736,0.126,0,"8","BCL2A1"
0,2.83973317570664,0.631,0.025,0,"8","RGS18"
0,5.16115256308474,0.624,0.018,0,"8","MAFB"
0,2.16808933061146,0.895,0.292,0,"8","H2AFY"
0,2.15385355335415,0.772,0.17,0,"8","TET2"
0,2.39777977791893,0.825,0.223,0,"8","TALDO1"
0,5.47431894980624,0.615,0.014,0,"8","ZNF385A"
0,6.34026144954467,0.613,0.013,0,"8","APOBEC3A"
0,4.70100844317931,0.626,0.027,0,"8","SLC43A2"
0,3.3870386331411,0.665,0.066,0,"8","IFNGR2"
0,2.12091401275606,0.835,0.237,0,"8","VSIR"
0,3.02752780788046,0.764,0.168,0,"8","AC020916.1"
0,2.17536719582697,0.791,0.196,0,"8","TIMP1"
0,3.28052981809946,0.962,0.367,0,"8","VMP1"
0,2.51401278651597,0.734,0.14,0,"8","RILPL2"
0,1.93523621751371,0.842,0.25,0,"8","LYST"
0,6.0693201397864,0.6,0.008,0,"8","MGST1"
0,2.23253796048614,0.84,0.248,0,"8","HIF1A"
0,3.05709778392529,0.66,0.069,0,"8","CTSH"
0,2.05505233615996,0.85,0.26,0,"8","FKBP1A"
0,2.98149314571959,0.687,0.098,0,"8","MEGF9"
0,5.42062787829436,0.602,0.013,0,"8","CD93"
0,5.41405657229635,0.602,0.014,0,"8","TFEC"
0,2.31437553188493,0.824,0.236,0,"8","GPCPD1"
0,2.99032421337585,0.671,0.084,0,"8","C9orf72"
0,5.35859615249917,0.605,0.019,0,"8","TRIB1"
0,2.49311223110331,0.72,0.134,0,"8","RTN3"
0,2.18468615117243,0.725,0.14,0,"8","FGR"
0,4.04127021090004,0.619,0.034,0,"8","RXRA"
0,2.71832242291465,0.702,0.118,0,"8","NUP214"
0,5.92808554179075,0.593,0.011,0,"8","LILRB3"
0,2.82883369144894,0.675,0.094,0,"8","THEMIS2"
0,2.16023225966825,0.798,0.218,0,"8","RAB11FIP1"
0,2.61672514011563,0.697,0.118,0,"8","PLSCR1"
0,1.99082230158472,0.801,0.224,0,"8","FOSL2"
0,2.1971085177131,0.887,0.312,0,"8","SDCBP"
0,2.14103453625014,0.832,0.257,0,"8","ANXA2"
0,2.36465590790416,0.713,0.139,0,"8","NAIP"
0,2.12244470557492,0.719,0.146,0,"8","SKAP2"
0,1.43360358119196,0.899,0.327,0,"8","MYO1F"
0,3.16325081833972,0.982,0.412,0,"8","S100A11"
0,1.82531346939633,0.876,0.306,0,"8","ARRB2"
0,5.11491034155775,0.589,0.02,0,"8","ZFHX3"
0,3.21239877715662,0.638,0.07,0,"8","LY96"
0,2.43607684140806,0.939,0.371,0,"8","CEBPB"
0,2.80057964748475,0.667,0.1,0,"8","LGALS9"
0,4.9008785446602,0.582,0.016,0,"8","PILRA"
0,5.59396415069952,0.575,0.009,0,"8","CLEC4E"
0,3.52065301665037,0.612,0.049,0,"8","STX11"
0,3.16984767930824,0.645,0.083,0,"8","AHR"
0,5.8642043591069,0.571,0.01,0,"8","RBP7"
0,1.73656577719663,0.873,0.313,0,"8","C1orf162"
0,2.36223108696524,0.717,0.159,0,"8","LTA4H"
0,1.87328207545735,0.877,0.321,0,"8","ATP6V0B"
0,1.91454174095538,0.773,0.217,0,"8","GABARAP"
0,2.30388685740649,0.706,0.15,0,"8","NUMB"
0,2.36495574699324,0.701,0.146,0,"8","PPT1"
0,3.43630320341101,0.616,0.061,0,"8","IER3"
0,2.02406669437385,0.745,0.19,0,"8","ZYX"
0,2.90671479900442,0.637,0.083,0,"8","SCPEP1"
0,5.43808223871591,0.567,0.014,0,"8","CD300E"
0,5.44934047058522,0.564,0.013,0,"8","AC245128.3"
0,2.72706306937949,0.645,0.095,0,"8","UBE2D1"
0,5.07946442616857,0.561,0.012,0,"8","LRRC25"
0,2.07484305081891,0.862,0.313,0,"8","CTSD"
0,2.19538246155082,0.684,0.136,0,"8","HSBP1"
0,5.32550413356376,0.559,0.013,0,"8","CLEC4A"
0,3.35851973613885,0.637,0.091,0,"8","NR4A1"
0,4.58701556178506,0.555,0.012,0,"8","RAB32"
0,5.42940717843637,0.556,0.013,0,"8","IFI30"
0,4.03608655191318,0.556,0.016,0,"8","NLRP3"
0,1.92269842175341,0.716,0.176,0,"8","YBX3"
0,4.11339706526501,0.579,0.039,0,"8","ATF3"
0,2.37784596584111,0.799,0.26,0,"8","CTNNB1"
0,3.46363444674353,0.589,0.05,0,"8","SULF2"
0,2.12678691004361,0.738,0.2,0,"8","EVI2A"
0,1.7396794669208,0.881,0.344,0,"8","GLIPR1"
0,2.81498650760885,0.669,0.132,0,"8","CCL3"
0,1.99066505083493,0.701,0.164,0,"8","IFNGR1"
0,1.93929557665016,0.708,0.173,0,"8","PICALM"
0,6.18448536377117,0.542,0.008,0,"8","ASGR1"
0,5.70465751852273,0.544,0.012,0,"8","CCR1"
0,1.88857212676215,0.784,0.252,0,"8","PKM"
0,1.58346046714941,0.776,0.244,0,"8","POU2F2"
0,1.93462464642008,0.859,0.328,0,"8","NFKBIZ"
0,1.82220602889617,0.746,0.216,0,"8","FBXL5"
0,1.83932163041877,0.742,0.212,0,"8","CNPY3"
0,2.14502527354216,0.676,0.146,0,"8","GNAQ"
0,1.60835835765069,0.786,0.257,0,"8","TMEM167A"
0,2.46896852598228,0.637,0.109,0,"8","SNX10"
0,2.87751172742372,0.631,0.104,0,"8","RASGEF1B"
0,2.76885005741648,0.622,0.095,0,"8","ATP6V1B2"
0,4.58185026235557,0.549,0.022,0,"8","EMILIN2"
0,4.68334153575557,0.536,0.01,0,"8","CD163"
0,3.4348865703209,0.578,0.052,0,"8","WARS"
0,5.25133175680293,0.54,0.015,0,"8","PRAM1"
0,1.75298378303805,0.844,0.321,0,"8","HLA-DRB1"
0,2.23794029553678,0.65,0.128,0,"8","ATP6V0D1"
0,2.26488344725791,0.624,0.103,0,"8","RHOQ"
0,6.28158711801737,0.527,0.007,0,"8","HNMT"
0,4.87872172680397,0.537,0.017,0,"8","LMO2"
0,2.46647794340366,0.604,0.085,0,"8","HLA-DMB"
0,2.04299231896339,0.658,0.14,0,"8","SH3BP2"
0,1.91582139227232,0.698,0.18,0,"8","CASP1"
0,2.48465436656421,0.627,0.109,0,"8","IL17RA"
0,5.58097704082406,0.53,0.013,0,"8","HBEGF"
0,1.80880767506167,0.923,0.406,0,"8","JMJD1C"
0,1.85686517445451,0.686,0.17,0,"8","PLEKHO1"
0,4.76113728378786,0.533,0.017,0,"8","SLC7A7"
0,4.18044777542238,0.992,0.478,0,"8","CTSS"
0,2.39987850223293,0.617,0.103,0,"8","PECAM1"
0,1.61404210289962,0.735,0.223,0,"8","C4orf48"
0,1.69683074260498,0.761,0.249,0,"8","BNIP3L"
0,4.61697708385982,0.534,0.023,0,"8","ENTPD1"
0,1.6638275731262,0.791,0.28,0,"8","AP2S1"
0,2.58461709972867,0.612,0.102,0,"8","DPYSL2"
0,2.46197940250685,0.642,0.133,0,"8","RHOB"
0,1.46910617351646,0.962,0.454,0,"8","ZEB2"
0,6.01032421389874,0.515,0.009,0,"8","BST1"
0,2.95317949078434,0.575,0.07,0,"8","RASSF2"
0,1.9394725233201,0.667,0.163,0,"8","BAZ2B"
0,3.88309547806024,0.53,0.027,0,"8","ACSL1"
0,1.43632338106743,0.817,0.315,0,"8","CMTM6"
0,5.47749277509225,0.514,0.012,0,"8","RBM47"
0,5.26021300483576,0.519,0.019,0,"8","G0S2"
0,1.47546895075585,0.783,0.285,0,"8","TNFRSF1B"
0,2.0512629696364,0.634,0.136,0,"8","LAMP2"
0,2.65777250410195,0.577,0.079,0,"8","MFSD1"
0,2.12664333460211,0.628,0.131,0,"8","EHBP1L1"
0,5.87481800500243,0.504,0.008,0,"8","CREB5"
0,1.55808434405508,0.836,0.34,0,"8","GLRX"
0,4.82541470016061,0.511,0.016,0,"8","C19orf38"
0,5.35056324197777,0.507,0.012,0,"8","OSCAR"
0,2.65205755677219,0.557,0.063,0,"8","RASSF4"
0,2.50514422064434,0.593,0.099,0,"8","CRTAP"
0,1.47437255576984,0.693,0.199,0,"8","GLIPR2"
0,1.60226942452557,0.736,0.243,0,"8","LAPTM4A"
0,5.46889768707336,0.505,0.012,0,"8","PLXNB2"
0,1.59312069055078,0.811,0.319,0,"8","ATP2B1"
0,5.79045762396211,0.501,0.009,0,"8","SLC8A1"
0,4.70447976406303,0.51,0.018,0,"8","CD86"
0,1.83302454453551,0.995,0.503,0,"8","CD74"
0,3.4059592974563,0.526,0.035,0,"8","ETS2"
0,1.74428958212273,0.839,0.35,0,"8","ZFAND5"
0,2.72686081917435,0.546,0.058,0,"8","GAS7"
0,1.48659970445917,0.736,0.249,0,"8","VASP"
0,3.4035758136773,0.531,0.045,0,"8","CREG1"
0,2.63818123133641,0.512,0.027,0,"8","NRGN"
0,1.43806978053733,0.694,0.209,0,"8","PTPN6"
0,1.74350814221536,0.654,0.17,0,"8","AGTRAP"
0,1.97453985969149,0.623,0.139,0,"8","HLA-DMA"
0,2.3190787769137,0.59,0.108,0,"8","NAGK"
0,1.79805448977267,0.604,0.122,0,"8","AOAH"
0,1.85101016657907,0.646,0.164,0,"8","WASHC4"
0,2.08735130606974,0.577,0.095,0,"8","ITGAX"
0,1.62441289744268,0.78,0.299,0,"8","MYADM"
0,2.06219744576637,0.648,0.167,0,"8","NABP1"
0,2.14989851297415,0.622,0.142,0,"8","TNFSF10"
0,1.66090679592438,0.705,0.225,0,"8","RHOG"
0,1.48318813675509,0.818,0.338,0,"8","CARD16"
0,3.62368309014511,0.536,0.057,0,"8","PPIF"
0,4.88109220082654,0.495,0.016,0,"8","VEGFA"
0,1.51134186060085,0.725,0.246,0,"8","GSTO1"
0,2.6541367241694,0.555,0.077,0,"8","LACTB"
0,1.81837744187481,0.648,0.171,0,"8","ATG3"
0,1.82718864838625,0.622,0.145,0,"8","TCIRG1"
0,1.769213318834,0.648,0.171,0,"8","NCOA4"
0,2.25478281581541,0.951,0.474,0,"8","TSPO"
0,2.23238582988403,0.587,0.112,0,"8","MYD88"
0,1.58150276819696,0.705,0.23,0,"8","RBPJ"
0,1.4800193814861,0.727,0.253,0,"8","CAPZA2"
0,4.09377943865231,0.503,0.029,0,"8","SLC31A2"
0,5.04089040723423,0.485,0.012,0,"8","PTGS2"
0,5.5109240873108,0.481,0.009,0,"8","TLR4"
0,1.75371293388234,0.633,0.162,0,"8","FAR1"
0,1.56811760981226,0.721,0.252,0,"8","RNF149"
0,1.36034888523977,0.731,0.262,0,"8","MAP3K1"
0,3.31710436019655,0.514,0.046,0,"8","PGD"
0,1.50693765211738,0.72,0.252,0,"8","IVNS1ABP"
0,1.94221162268798,0.601,0.133,0,"8","CD4"
0,1.30361871458007,0.821,0.353,0,"8","HERPUD1"
0,5.43753898019662,0.477,0.01,0,"8","CDA"
0,2.56366370530231,0.561,0.095,0,"8","NINJ1"
0,1.57927876887116,0.667,0.202,0,"8","TPP1"
0,1.6172080534932,0.72,0.255,0,"8","PNPLA8"
0,5.53548935832241,0.477,0.012,0,"8","ARHGEF40"
0,2.22614729119379,0.57,0.105,0,"8","CTSA"
0,1.56334825770147,0.701,0.237,0,"8","RNH1"
0,1.40249478761881,0.734,0.27,0,"8","AC007952.4"
0,1.30814076548023,0.85,0.387,0,"8","RTN4"
0,1.35774937575821,0.814,0.351,0,"8","ACAP2"
0,6.41084177256254,0.467,0.006,0,"8","P2RY13"
0,5.39193695520129,0.473,0.012,0,"8","SIRPB1"
0,2.63073672293271,0.54,0.08,0,"8","RIPK2"
0,9.05515353203295,0.462,0.002,0,"8","FOLR3"
0,1.64542618284259,0.622,0.162,0,"8","ADPGK"
0,3.15337512899347,0.501,0.042,0,"8","GRK3"
0,1.10451881756162,0.661,0.203,0,"8","METRNL"
0,1.91221747227464,0.607,0.149,0,"8","BACH1"
0,3.2767440585008,0.511,0.054,0,"8","CDKN1A"
0,1.32394600648621,0.844,0.387,0,"8","WSB1"
0,1.55367506193493,0.765,0.311,0,"8","PPP1R15B"
0,1.42508938638025,0.848,0.394,0,"8","RAC1"
0,1.10623323227205,0.747,0.295,0,"8","GNB2"
0,1.92065691209163,0.616,0.164,0,"8","SAMSN1"
0,3.49718434360591,0.489,0.038,0,"8","BCL6"
0,3.25655297643516,0.5,0.049,0,"8","PAK1"
0,5.87774629890775,0.458,0.007,0,"8","CD33"
0,4.34553387272342,0.469,0.019,0,"8","THBS1"
0,4.63023191326261,0.467,0.019,0,"8","MCTP1"
0,1.25161679023683,0.852,0.404,0,"8","PLEK"
0,1.56440180485407,0.698,0.25,0,"8","GABARAPL1"
0,2.34378513049784,0.534,0.087,0,"8","NBPF14"
0,1.46483482305823,0.738,0.291,0,"8","METTL9"
0,3.41991201147987,0.997,0.551,0,"8","SAT1"
0,1.89231652330172,0.579,0.133,0,"8","BID"
0,2.30456558575445,0.542,0.097,0,"8","TLE3"
0,1.29039990468963,0.811,0.366,0,"8","MIDN"
0,3.58719886944596,0.478,0.033,0,"8","ALOX5"
0,1.49145723046809,0.663,0.219,0,"8","AC004687.1"
0,2.18677505360604,0.549,0.106,0,"8","NOTCH2"
0,1.24267857821434,0.829,0.386,0,"8","CD55"
0,1.9153648494188,0.607,0.164,0,"8","PURB"
0,1.21202474585097,0.717,0.274,0,"8","CSGALNACT2"
0,7.62082207354998,0.445,0.003,0,"8","ALDH1A1"
0,1.7033560987096,0.604,0.162,0,"8","MGAT1"
0,1.19031753984452,0.714,0.272,0,"8","MIS18BP1"
0,1.40720788689897,0.656,0.215,0,"8","PLP2"
0,2.84791124285979,0.501,0.06,0,"8","BLVRA"
0,2.11009328268246,0.512,0.071,0,"8","SYK"
0,1.84038129975733,0.586,0.145,0,"8","MAP2K3"
0,2.09099875053631,0.548,0.108,0,"8","ZFYVE16"
0,1.33679533343482,0.783,0.344,0,"8","SERPINB1"
0,1.54136703307776,0.62,0.181,0,"8","AGFG1"
0,1.64698854511308,0.63,0.191,0,"8","JARID2"
0,1.16776188446745,0.735,0.296,0,"8","TRIM38"
0,1.99344518559094,0.526,0.088,0,"8","LAT2"
0,5.85035123496154,0.445,0.007,0,"8","AC096667.1"
0,1.35810812091982,0.641,0.203,0,"8","MEF2A"
0,6.04889498196065,0.445,0.007,0,"8","SIRPA"
0,1.34809225707533,0.631,0.194,0,"8","ARHGAP26"
0,1.30602145417689,0.758,0.321,0,"8","USP3"
0,1.24768574774907,0.634,0.199,0,"8","SNX2"
0,2.82385029880329,0.484,0.049,0,"8","TBXAS1"
0,5.86347352325246,0.443,0.008,0,"8","RNASE2"
0,1.21076078351715,0.72,0.286,0,"8","GDI2"
0,1.88088410357594,0.578,0.144,0,"8","PLEC"
0,1.3415568760229,0.68,0.247,0,"8","PGLS"
0,1.54851830751356,0.753,0.32,0,"8","IFRD1"
0,1.68091609218829,0.923,0.491,0,"8","GSTP1"
0,2.03747431682526,0.537,0.105,0,"8","PRDX3"
0,3.5896331861028,0.493,0.063,0,"8","EGR1"
0,3.11088093875015,0.469,0.039,0,"8","CORO1C"
0,2.29933138175991,0.975,0.545,0,"8","MCL1"
0,2.27383416615722,0.522,0.093,0,"8","IL6R"
0,2.19378183943483,0.548,0.119,0,"8","ARL5B"
0,5.07961755337925,0.441,0.012,0,"8","FGD4"
0,3.02815440177074,0.475,0.047,0,"8","UNC93B1"
0,1.12770642216075,0.837,0.409,0,"8","GRB2"
0,5.4778162582444,0.436,0.009,0,"8","SHTN1"
0,1.30172047379098,0.664,0.238,0,"8","MED13L"
0,1.84274011588329,0.937,0.511,0,"8","EVI2B"
0,2.43388032227795,0.499,0.073,0,"8","DENND3"
0,2.45435968539898,0.503,0.077,0,"8","GRINA"
0,1.56968145799406,0.585,0.159,0,"8","CUX1"
0,1.63147897851083,0.577,0.151,0,"8","KDM7A"
0,1.52520946064414,0.639,0.214,0,"8","KDM6B"
0,1.25870135697111,0.852,0.428,0,"8","CSTB"
0,1.272956868612,0.77,0.348,0,"8","ATP6AP2"
0,2.3308654796917,0.503,0.081,0,"8","SPOPL"
0,1.57871518737856,0.641,0.22,0,"8","IRS2"
0,2.50899266013936,0.499,0.078,0,"8","JAK2"
0,2.79055852503946,0.481,0.06,0,"8","RELT"
0,1.03484575557339,0.825,0.405,0,"8","FMNL1"
0,2.34505910209172,0.495,0.076,0,"8","HEXB"
0,1.42523435703665,0.616,0.197,0,"8","PER1"
0,1.40172169205411,0.672,0.254,0,"8","STAT1"
0,1.95773679084277,0.515,0.097,0,"8","SLC6A6"
0,0.995120818436408,0.753,0.335,0,"8","WAS"
0,3.72851368203292,0.475,0.057,0,"8","CCL3L1"
0,1.36073447227599,0.567,0.149,0,"8","STX7"
0,2.76823349967578,0.52,0.103,0,"8","ABHD5"
0,2.63177977969771,0.471,0.054,0,"8","FAM49A"
0,1.85697678652326,0.542,0.126,0,"8","NFIL3"
0,1.16337079817601,0.854,0.438,0,"8","GNG5"
0,1.4380562909438,0.587,0.171,0,"8","ETF1"
0,4.88147485912341,0.429,0.014,0,"8","DOK3"
0,2.5655068988592,0.475,0.06,0,"8","SH2B3"
0,0.980449100532036,0.71,0.295,0,"8","CAPNS1"
0,1.36552752063469,0.619,0.205,0,"8","SAT2"
0,1.44809294123083,0.786,0.372,0,"8","CHMP1B"
0,1.275191308785,0.908,0.495,0,"8","USP15"
0,1.40323695670091,0.6,0.187,0,"8","SLCO3A1"
0,1.51909063199002,0.571,0.158,0,"8","HIPK3"
0,1.57973141112047,0.551,0.14,0,"8","RAB10"
0,1.99521846887873,0.51,0.099,0,"8","PRKACA"
0,3.24735037024525,0.451,0.041,0,"8","SLC16A3"
0,1.49021616151276,0.59,0.18,0,"8","RNF13"
0,1.32027406063913,0.6,0.191,0,"8","PARVG"
0,2.15339748331181,0.541,0.133,0,"8","LAP3"
0,1.60510551246925,0.592,0.185,0,"8","AL360012.1"
0,2.371960305872,0.477,0.071,0,"8","GNS"
0,1.30427151407774,0.714,0.308,0,"8","BLOC1S6"
0,5.53146956619934,0.415,0.009,0,"8","ANPEP"
0,1.07705286157241,0.667,0.262,0,"8","ZNF106"
0,1.40953048325356,0.551,0.149,0,"8","LEPROT"
0,1.34298099214236,0.683,0.281,0,"8","PARP14"
0,1.36533110343354,0.617,0.215,0,"8","HSD17B11"
0,2.02736589127432,0.512,0.11,0,"8","ATG16L2"
0,2.52659388190436,0.46,0.058,0,"8","METTL7A"
0,3.77760472572421,0.426,0.024,0,"8","GNB4"
0,1.42530298106179,0.564,0.162,0,"8","COMT"
0,1.27968315747433,0.654,0.253,0,"8","GNAI3"
0,1.29849409106112,0.594,0.193,0,"8","CPEB4"
0,2.20923179426327,0.484,0.083,0,"8","ATP11A"
0,1.02754352328785,0.705,0.304,0,"8","BNIP2"
0,1.25434560679974,0.59,0.189,0,"8","CMIP"
0,1.20909316925733,0.668,0.268,0,"8","ATP1B3"
0,3.19169991908355,0.437,0.037,0,"8","MSRB1"
0,6.0289300453608,0.406,0.006,0,"8","LPCAT2"
0,0.859413817706712,0.811,0.412,0,"8","ENY2"
0,1.26363461791688,0.563,0.164,0,"8","ITGAM"
0,1.93904657034708,0.511,0.113,0,"8","SNX27"
0,0.946186389746609,0.656,0.258,0,"8","TPM4"
0,1.60413870287837,0.572,0.174,0,"8","PELI1"
0,2.07268311566721,0.488,0.091,0,"8","MANBA"
0,1.6176224287398,0.56,0.163,0,"8","DDX60L"
0,1.51589669089643,0.803,0.406,0,"8","HLA-DPA1"
0,1.38550013582129,0.555,0.159,0,"8","ATOX1"
0,5.97000118893976,0.403,0.007,0,"8","CSF2RA"
0,5.86632056394654,0.402,0.007,0,"8","STAB1"
0,3.22840384126355,0.43,0.035,0,"8","GAA"
0,1.5445731200671,0.577,0.182,0,"8","HLA-DQB1"
0,1.20814309982976,0.698,0.304,0,"8","PTP4A1"
0,0.893864415437566,0.801,0.408,0,"8","CHD1"
0,1.04616464173481,0.74,0.347,0,"8","ATP6V1F"
0,2.15173210147328,0.484,0.091,0,"8","MFSD14B"
0,4.45423420534918,0.404,0.011,0,"8","SMIM25"
0,1.59561805207459,0.519,0.126,0,"8","PTTG1IP"
0,6.15179816690213,0.398,0.006,0,"8","KCNE3"
0,5.54722225928341,0.4,0.008,0,"8","ADGRE2"
0,3.39601728362111,0.421,0.029,0,"8","MGST2"
0,1.40118488937709,0.582,0.19,0,"8","PRKAG2"
0,1.0493778785529,0.735,0.343,0,"8","CELF1"
0,5.10883831582547,0.4,0.009,0,"8","LILRA5"
0,3.45904327655987,0.425,0.034,0,"8","ODF3B"
0,1.12309891660924,0.716,0.325,0,"8","LAMTOR1"
0,0.893564771315757,0.686,0.296,0,"8","TACC1"
0,1.47632714341246,0.556,0.166,0,"8","CSRNP1"
0,5.23724266190304,0.398,0.008,0,"8","FAM198B"
0,2.35091465296223,0.508,0.118,0,"8","OTUD1"
0,2.04058640757976,0.485,0.095,0,"8","TMEM205"
0,1.3505125332164,0.571,0.181,0,"8","FAM91A1"
0,0.960092682362029,0.728,0.338,0,"8","PSMA4"
0,2.90645355253857,0.439,0.05,0,"8","PLXNC1"
0,1.51685466692151,0.832,0.443,0,"8","SLC2A3"
0,4.44943951035634,0.403,0.015,0,"8","IL13RA1"
0,3.28883025813434,0.433,0.045,0,"8","PFKFB3"
0,2.67950282564196,0.448,0.061,0,"8","UBXN11"
0,1.16802869430982,0.613,0.226,0,"8","TMED5"
0,1.16094651020514,0.791,0.404,0,"8","IRF2BP2"
0,4.78239345961527,0.398,0.011,0,"8","JDP2"
0,1.00584987142977,0.693,0.306,0,"8","YWHAE"
0,2.2118369080631,0.458,0.072,0,"8","ARAP1"
0,3.14657293703281,0.425,0.039,0,"8","KIAA0930"
0,3.4912654377438,0.413,0.027,0,"8","FES"
0,1.06210332023211,0.676,0.291,0,"8","MBD2"
0,2.96256020275226,0.428,0.043,0,"8","BASP1"
0,1.00029875045934,0.633,0.248,0,"8","CLTA"
0,1.03398399842648,0.72,0.335,0,"8","MAP3K2"
0,4.52471141345006,0.399,0.015,0,"8","SLC15A3"
0,1.32613317914613,0.549,0.165,0,"8","SYNGR2"
0,2.79471847717529,0.444,0.061,0,"8","DSE"
0,1.52242082836233,0.919,0.536,0,"8","ZFP36L1"
0,1.16934924602825,0.6,0.217,0,"8","GNA13"
0,1.7435468250346,0.546,0.163,0,"8","MX2"
0,2.6995895917219,0.439,0.057,0,"8","ZSWIM6"
0,2.77671198635893,0.426,0.044,0,"8","HSPA1A"
0,2.57086104380913,0.43,0.048,0,"8","HDAC9"
0,1.09541056668397,0.596,0.214,0,"8","AGTPBP1"
0,0.807569175371814,0.773,0.392,0,"8","RNASET2"
0,0.835623002574142,0.736,0.355,0,"8","KMT2C"
0,0.996476907961066,0.634,0.253,0,"8","FAM120A"
0,1.18751851514271,0.63,0.249,0,"8","PGAM1"
0,5.84199971258457,0.387,0.007,0,"8","CYP1B1"
0,0.946715400532375,0.653,0.273,0,"8","RAP2B"
0,5.9662638646023,0.385,0.005,0,"8","PYGL"
0,0.986321458541063,0.723,0.344,0,"8","PRDX1"
0,1.98460555222079,0.493,0.114,0,"8","SLC25A37"
0,1.98879348005384,0.47,0.091,0,"8","CHP1"
0,1.23612617131748,0.564,0.185,0,"8","TIMM8B"
0,1.0686920905419,0.717,0.338,0,"8","NOP10"
0,0.783046507323635,0.686,0.308,0,"8","REEP5"
0,0.911713413259893,0.671,0.293,0,"8","PHF20L1"
0,0.895802676134517,0.673,0.295,0,"8","NCKAP1L"
0,1.74779915299604,0.47,0.092,0,"8","PIK3AP1"
0,1.22961104677846,0.57,0.192,0,"8","COL4A3BP"
0,0.816754810746697,0.77,0.393,0,"8","SNX3"
0,5.30977461043808,0.387,0.01,0,"8","SLC24A4"
0,1.56220337167046,0.51,0.134,0,"8","TMEM154"
0,1.04939061460369,0.653,0.277,0,"8","HEBP2"
0,0.745953666120624,0.609,0.233,0,"8","PTPN12"
0,1.8156911809688,0.496,0.12,0,"8","STAT2"
0,1.26744474133829,0.913,0.537,0,"8","SAMHD1"
0,1.9502245590587,0.478,0.102,0,"8","PLD3"
0,0.961530946003451,0.689,0.313,0,"8","SQSTM1"
0,1.02125647758515,0.613,0.238,0,"8","RAB7A"
0,2.48340544898005,0.441,0.066,0,"8","RARA"
0,1.78006525252251,0.939,0.565,0,"8","ANXA1"
0,1.09304262081526,0.571,0.197,0,"8","TM9SF2"
0,1.13029416180036,0.598,0.225,0,"8","MAP3K8"
0,2.38193190405287,0.434,0.061,0,"8","CIITA"
0,0.894030930230482,0.72,0.348,0,"8","CD46"
0,2.49703515138013,0.443,0.071,0,"8","EAF1"
0,2.39159275714033,0.454,0.082,0,"8","PNP"
0,0.94408316748016,0.638,0.266,0,"8","CHMP2A"
0,0.843268046420053,0.68,0.309,0,"8","MT-ATP8"
0,1.00429419229314,0.87,0.499,0,"8","NDUFB1"
0,1.0043291919429,0.84,0.469,0,"8","VAPA"
0,0.986573891675908,0.589,0.218,0,"8","MYO9B"
0,1.84248342620921,0.536,0.166,0,"8","AC245014.3"
0,0.84877295348351,0.578,0.208,0,"8","LIMS1"
0,1.81458137527496,0.475,0.106,0,"8","CAT"
0,1.31520063723633,0.54,0.171,0,"8","TRIM8"
0,1.51101829459462,0.525,0.156,0,"8","WDFY2"
0,2.4155374956011,0.437,0.068,0,"8","TRMT1"
0,0.746766110324186,0.762,0.393,0,"8","LENG8"
0,5.66007540606732,0.376,0.007,0,"8","NFAM1"
0,2.37411607917086,0.43,0.062,0,"8","TET3"
0,2.06988698602689,0.482,0.114,0,"8","AZI2"
0,1.14852553293793,0.581,0.213,0,"8","HOOK3"
0,2.02413165076977,0.445,0.077,0,"8","ZMIZ1"
0,2.53130018912988,0.428,0.06,0,"8","SPTSSA"
0,1.58652188383781,0.516,0.149,0,"8","ATP13A3"
0,2.1725613684618,0.44,0.073,0,"8","SBF2"
0,2.39326893350792,0.428,0.061,0,"8","TNFRSF1A"
0,2.76701612595515,0.414,0.047,0,"8","MBOAT7"
0,2.00531297155558,0.454,0.088,0,"8","CEP170"
0,0.805879691130409,0.795,0.43,0,"8","DYNLL1"
0,1.60254804462965,0.516,0.151,0,"8","ANKRD28"
0,1.09535169830089,0.572,0.208,0,"8","LAMTOR2"
0,1.29662841273132,0.526,0.162,0,"8","PLEKHB2"
0,1.88179007552174,0.447,0.083,0,"8","DAPP1"
0,2.80163071810426,0.411,0.048,0,"8","EIF4EBP1"
0,4.25605940287576,0.381,0.018,0,"8","SMCO4"
0,2.8408780987615,0.395,0.032,0,"8","SCIMP"
0,0.856252781230846,0.716,0.353,0,"8","XRN2"
0,0.730192221346683,0.806,0.444,0,"8","CAP1"
0,0.790665025879195,0.65,0.288,0,"8","EP300"
0,2.222238307916,0.426,0.064,0,"8","FKBP15"
0,0.898368821665733,0.664,0.303,0,"8","ITSN2"
0,1.62076880102949,0.484,0.123,0,"8","ADAM17"
0,1.0576328309989,0.906,0.545,0,"8","SH3BGRL"
0,0.586039894118144,0.754,0.393,0,"8","ARHGDIA"
0,5.4809313239215,0.366,0.006,0,"8","CD1D"
0,2.21530879195214,0.433,0.073,0,"8","C20orf27"
0,0.691394676528804,0.698,0.338,0,"8","PRKAR1A"
0,1.37757590645914,0.505,0.146,0,"8","ARL8B"
0,2.08727558216234,0.46,0.102,0,"8","PTCH2"
0,3.02870878599196,0.404,0.046,0,"8","MID1IP1"
0,3.24365560322437,0.395,0.037,0,"8","CKAP4"
0,1.11018163390566,0.567,0.209,0,"8","RAB1A"
0,0.740395316276713,0.764,0.406,0,"8","TXN"
0,1.16239223784164,0.59,0.233,0,"8","NBPF19"
0,0.954928192299814,0.566,0.209,0,"8","RGS19"
0,0.723415325647749,0.824,0.467,0,"8","CAPZA1"
0,0.935906408371954,0.582,0.226,0,"8","PKN2"
0,2.38221825276762,0.418,0.062,0,"8","ATP6V1A"
0,0.832007711778408,0.709,0.353,0,"8","C16orf72"
0,2.85688957733779,0.393,0.038,0,"8","SPECC1"
0,3.73143602073104,0.378,0.023,0,"8","KYNU"
0,0.927426997196978,0.876,0.521,0,"8","DDX21"
0,1.33411662337623,0.522,0.167,0,"8","CBX6"
0,1.15155427395223,0.918,0.565,0,"8","ARPC5"
0,2.83552569351237,0.396,0.043,0,"8","CTNNA1"
0,1.56330251743462,0.51,0.157,0,"8","PLK3"
0,3.99988516464072,0.37,0.017,0,"8","EVI5"
0,1.19224032640612,0.943,0.59,0,"8","ARPC1B"
0,2.84398986799676,0.383,0.03,0,"8","MPP1"
0,1.88085956201421,0.443,0.09,0,"8","SPTLC2"
0,0.717198007104692,0.705,0.352,0,"8","PSMB3"
0,0.892065127202168,0.779,0.427,0,"8","PRELID1"
0,2.97261803780814,0.391,0.039,0,"8","C15orf39"
0,0.719808791317029,0.65,0.298,0,"8","RIOK3"
0,3.68267293332864,0.373,0.021,0,"8","TTYH3"
0,1.18368604933364,0.544,0.193,0,"8","VPS35"
0,0.843465274255489,0.723,0.372,0,"8","LCP2"
0,0.956419763549278,0.747,0.396,0,"8","PCF11"
0,5.59505588135094,0.358,0.007,0,"8","LINC00937"
0,1.47954087377481,0.474,0.123,0,"8","ACTN1"
0,2.71777966526086,0.388,0.038,0,"8","DOCK5"
0,0.495531474536139,0.835,0.485,0,"8","CD63"
0,0.897408649672493,0.932,0.583,0,"8","IQGAP1"
0,0.853910642949505,0.634,0.285,0,"8","PTEN"
0,1.70307055980973,0.46,0.111,0,"8","PDXK"
0,5.80774986802456,0.355,0.006,0,"8","IL1RN"
0,0.984091373195336,0.581,0.233,0,"8","FERMT3"
0,1.97642527226219,0.43,0.082,0,"8","PRCP"
0,0.893329654557328,0.639,0.292,0,"8","WDR26"
0,0.857950512857254,0.664,0.317,0,"8","VPS29"
0,2.83248793419456,0.391,0.044,0,"8","SULT1A1"
0,1.61142651706184,0.481,0.134,0,"8","ASAP1"
0,1.21175132690801,0.5,0.153,0,"8","RIN3"
0,0.704957924138929,0.706,0.359,0,"8","ANP32A"
0,2.75456098268227,0.392,0.046,0,"8","CAMKK2"
0,1.4616370600668,0.514,0.168,0,"8","IFI44"
0,1.46177844187442,0.471,0.125,0,"8","FAM45A"
0,3.44413926072868,0.376,0.03,0,"8","ATP6V0A1"
0,1.37029722107957,0.497,0.152,0,"8","MAPK14"
0,4.1381197820816,0.361,0.016,0,"8","ZNF467"
0,5.61406989913649,0.352,0.007,0,"8","LILRA2"
0,3.94901272867343,0.363,0.018,0,"8","HMOX1"
0,0.829864076375967,0.56,0.216,0,"8","SFT2D1"
0,0.646672748036483,0.65,0.306,0,"8","MYO1G"
0,0.692941031664709,0.658,0.314,0,"8","STMP1"
0,1.08693179130239,0.531,0.187,0,"8","CLTC"
0,6.625768983526,0.348,0.004,0,"8","TMEM176B"
0,1.00225768075895,0.566,0.222,0,"8","ZDHHC20"
0,0.750278898418855,0.713,0.37,0,"8","TPI1"
0,0.678961830975098,0.704,0.361,0,"8","BST2"
0,0.946507512581318,0.917,0.575,0,"8","PPP1R15A"
0,0.863528117254199,0.818,0.476,0,"8","ENO1"
0,4.88045880930647,0.35,0.008,0,"8","CSF1R"
0,1.24161619516193,0.585,0.243,0,"8","SOCS3"
0,1.14659279458984,0.519,0.178,0,"8","CCNY"
0,1.18896268698925,0.52,0.179,0,"8","STAT6"
0,2.06568734470526,0.473,0.132,0,"8","AC091271.1"
0,1.45533751881122,0.451,0.111,0,"8","DUSP22"
0,1.01259958360706,0.557,0.218,0,"8","DICER1"
0,1.37604419597612,0.484,0.145,0,"8","HADHB"
0,1.87535786240847,0.426,0.087,0,"8","ETV6"
0,4.09276464705909,0.355,0.016,0,"8","CYFIP1"
0,1.16863041752655,0.904,0.566,0,"8","PCBP1"
0,0.851277012202814,0.656,0.318,0,"8","DNTTIP2"
0,0.816014364723644,0.587,0.249,0,"8","PDCD6IP"
0,0.88979318348092,0.557,0.22,0,"8","SPAG9"
0,5.70614799924593,0.343,0.006,0,"8","PTAFR"
0,1.51485884078965,0.462,0.126,0,"8","SPG21"
0,0.809048005801308,0.769,0.433,0,"8","SEC11A"
0,0.728350223607435,0.728,0.392,0,"8","ATP5F1C"
0,0.70555236132911,0.701,0.365,0,"8","CKLF"
0,4.17211136781282,0.352,0.016,0,"8","RAB3D"
0,0.812035370190442,0.679,0.344,0,"8","GRK2"
0,1.29047793193457,0.518,0.183,0,"8","CDC42EP3"
0,2.29055285833324,0.395,0.06,0,"8","BCL3"
0,0.687112834002128,0.781,0.447,0,"8","PPP1CB"
0,0.770324334574165,0.888,0.554,0,"8","ACTR3"
0,0.789591504437438,0.613,0.279,0,"8","LSM6"
0,1.9545140031064,0.428,0.094,0,"8","SLC36A4"
0,1.05145079890981,0.493,0.159,0,"8","TXNDC17"
0,4.91548041715573,0.342,0.009,0,"8","SECTM1"
0,2.87939046294486,0.37,0.037,0,"8","PPM1F"
0,0.998746965073341,0.536,0.204,0,"8","ANKRD13D"
0,1.23543062205934,0.466,0.134,0,"8","FNDC3B"
0,4.92898685395597,0.343,0.011,0,"8","LUCAT1"
0,1.58698207441702,0.451,0.119,0,"8","TENT5A"
0,1.52415246363354,0.452,0.12,0,"8","SHKBP1"
0,4.96252856811013,0.342,0.01,0,"8","CSF2RB"
0,1.40327014315232,0.587,0.255,0,"8","IFI44L"
0,3.08374448128915,0.367,0.035,0,"8","NCF4"
0,2.0404163334637,0.404,0.073,0,"8","RCOR1"
0,2.71274061654802,0.366,0.035,0,"8","BTK"
0,0.671565141979838,0.676,0.346,0,"8","CANX"
0,1.62918150988342,0.451,0.121,0,"8","ZBTB43"
0,0.613751655670499,0.725,0.395,0,"8","NDUFS6"
0,0.693646687623441,0.837,0.507,0,"8","CD164"
0,1.64545522183359,0.649,0.32,0,"8","IFI6"
0,0.6212512948721,0.665,0.336,0,"8","EWSR1"
0,1.21603745584364,0.499,0.17,0,"8","AKIRIN2"
0,1.12630170835049,0.495,0.166,0,"8","SNAP23"
0,0.688784108200514,0.72,0.391,0,"8","NUFIP2"
0,2.71476486691204,0.372,0.044,0,"8","RP2"
0,2.64878978659815,0.381,0.053,0,"8","NAPRT"
0,0.615592495177636,0.641,0.313,0,"8","ADAM10"
0,0.748355369209522,0.795,0.468,0,"8","MAP1LC3B"
0,1.18581924655217,0.56,0.234,0,"8","MAT2A"
0,1.12948336089814,0.557,0.231,0,"8","PIM3"
0,0.494011987048266,0.724,0.398,0,"8","PRPF40A"
0,0.719983083016206,0.833,0.507,0,"8","ZNF207"
0,0.767936104922561,0.564,0.238,0,"8","RAB5C"
0,0.99474984029142,0.514,0.189,0,"8","SKIL"
0,0.585552634129469,0.757,0.432,0,"8","CSNK1A1"
0,2.44222714208303,0.374,0.049,0,"8","FRY"
0,1.94475624969347,0.387,0.062,0,"8","APP"
0,1.24562893362078,0.579,0.254,0,"8","WDR74"
0,0.372707591347251,0.678,0.355,0,"8","RAB5IF"
0,0.587462491962188,0.709,0.386,0,"8","PHIP"
0,1.10182306500114,0.492,0.169,0,"8","HACD4"
0,1.15256521883531,0.546,0.224,0,"8","PDE4B"
0,0.863750413894318,0.798,0.476,0,"8","TAGLN2"
0,2.15289450914039,0.398,0.076,0,"8","MAP3K11"
0,5.54748844892949,0.328,0.006,0,"8","CD300LF"
0,1.30831841144182,0.46,0.138,0,"8","TGIF1"
0,0.596433100273421,0.745,0.423,0,"8","RBX1"
0,1.54294642519748,0.484,0.162,0,"8","EIF4A3"
0,1.3343288350619,0.441,0.12,0,"8","ATP6AP1"
0,0.924525156191347,0.52,0.199,0,"8","NARS"
0,0.645668830040046,0.828,0.507,0,"8","MOB1A"
0,1.18372825789968,0.474,0.153,0,"8","POLK"
0,1.06644891663187,0.533,0.213,0,"8","EPSTI1"
0,5.87222887413205,0.325,0.005,0,"8","QPCT"
0,0.471810875823474,0.791,0.472,0,"8","REL"
0,0.847663000601085,0.922,0.603,0,"8","AHNAK"
0,5.86349922356861,0.324,0.005,0,"8","WDFY3"
0,1.56056914407554,0.426,0.107,0,"8","FLII"
0,0.796370766669285,0.791,0.473,0,"8","VAMP8"
0,0.664309511056895,0.613,0.295,0,"8","AFF4"
0,0.569169543455903,0.784,0.466,0,"8","BLOC1S1"
0,0.707147313565672,0.607,0.289,0,"8","ZFC3H1"
0,1.86810553240483,0.4,0.082,0,"8","APAF1"
0,0.550299052946594,0.653,0.335,0,"8","BAZ1A"
0,2.34206330074744,0.372,0.054,0,"8","APOBR"
0,1.41749633962715,0.393,0.075,0,"8","IRF8"
0,0.784105798138197,0.534,0.217,0,"8","RNF181"
0,1.6874199268357,0.403,0.086,0,"8","LILRB1"
0,2.15513396501887,0.389,0.072,0,"8","NADK"
0,0.659949718178277,0.645,0.328,0,"8","SYNCRIP"
0,1.36569190931627,0.447,0.13,0,"8","FOXO3"
0,5.99559084591617,0.322,0.005,0,"8","MEFV"
0,1.10279375354075,0.956,0.639,0,"8","LRRFIP1"
0,0.639556236909352,0.811,0.495,0,"8","TMBIM4"
0,0.675840477913799,0.624,0.308,0,"8","HADHA"
0,1.48464534559903,0.419,0.103,0,"8","DIAPH2"
0,1.63132941845453,0.418,0.102,0,"8","SGK3"
0,0.670699882156458,0.79,0.475,0,"8","GPX4"
0,2.8743334208041,0.355,0.04,0,"8","AMPD2"
0,1.02387336329312,0.501,0.186,0,"8","RASSF3"
0,1.45269741080886,0.426,0.111,0,"8","PLCB2"
0,0.547774509716799,0.725,0.41,0,"8","COPE"
0,0.760091153569059,0.867,0.552,0,"8","EIF5"
0,0.515723979296256,0.66,0.346,0,"8","LAMTOR5"
0,0.667163139428405,0.552,0.238,0,"8","DNAJC15"
0,1.88067347337983,0.403,0.089,0,"8","OAZ2"
0,2.347921412004,0.362,0.048,0,"8","BMP2K"
0,2.08810109988675,0.376,0.062,0,"8","HAVCR2"
0,1.35487455578093,0.44,0.126,0,"8","CARD19"
0,5.74375960197907,0.32,0.006,0,"8","LTBR"
0,3.90689164201137,0.331,0.017,0,"8","ICAM1"
0,1.35177458704913,0.445,0.131,0,"8","U2AF1"
0,0.653747981817685,0.706,0.392,0,"8","SREK1"
0,0.904396725116259,0.549,0.236,0,"8","FNIP1"
0,1.17677990050174,0.561,0.248,0,"8","TMEM107"
0,6.64658193108698,0.317,0.004,0,"8","FCGR1A"
0,1.07431789049814,0.497,0.184,0,"8","AZIN1"
0,1.91689705943154,0.391,0.078,0,"8","VIM-AS1"
0,0.689901773229456,0.641,0.328,0,"8","DNAJC7"
0,1.31433940924451,0.441,0.129,0,"8","UQCRC1"
0,3.92340392706457,0.32,0.008,0,"8","F13A1"
0,0.715320637845548,0.551,0.24,0,"8","TMEM165"
0,1.23222918975747,0.46,0.149,0,"8","YTHDF3"
0,0.503604297081916,0.803,0.492,0,"8","EIF3A"
0,1.32589238533724,0.43,0.119,0,"8","TMEM33"
0,0.625963343402507,0.638,0.327,0,"8","DOCK2"
0,0.50929316847196,0.6,0.289,0,"8","PPP1R18"
0,1.01423111932584,0.505,0.194,0,"8","UBE2R2"
0,0.673054387589812,0.617,0.306,0,"8","CASP4"
0,1.58190034673592,0.418,0.107,0,"8","CARS2"
0,0.702455765605383,0.93,0.62,0,"8","DAZAP2"
0,4.89475123778783,0.32,0.01,0,"8","SEMA4A"
0,0.684292408880831,0.601,0.291,0,"8","SSR1"
0,1.5210971506878,0.413,0.103,0,"8","NPTN"
0,0.772764677701806,0.57,0.26,0,"8","SHOC2"
0,1.11420390163532,0.467,0.158,0,"8","OS9"
0,1.88608383240494,0.381,0.072,0,"8","SRGAP2B"
0,2.18729011017478,0.373,0.064,0,"8","SRGAP2"
0,2.63369526005927,0.35,0.041,0,"8","ACER3"
0,0.482658294760281,0.697,0.388,0,"8","GNB1"
0,0.664952386174337,0.878,0.57,0,"8","LAMTOR4"
0,5.06140761407372,0.316,0.008,0,"8","ADAP2"
0,0.839019778344544,0.49,0.182,0,"8","LASP1"
0,1.42412836055949,0.434,0.126,0,"8","MAP3K3"
0,0.64600072771372,0.832,0.524,0,"8","NR4A2"
0,0.651175510926056,0.582,0.274,0,"8","PIAS1"
0,1.31752581267509,0.449,0.142,0,"8","ELMSAN1"
0,0.909594494901957,0.586,0.279,0,"8","PABPC4"
0,0.78846344383836,0.705,0.398,0,"8","PGK1"
0,1.75101633882384,0.985,0.678,0,"8","ZFP36"
0,1.06771795091616,0.536,0.23,0,"8","AC103591.3"
0,2.98435295712336,0.34,0.034,0,"8","KCNK6"
0,2.02774039252337,0.377,0.071,0,"8","SSFA2"
0,0.94526320204035,0.5,0.194,0,"8","ARF4"
0,0.940563906087238,0.495,0.189,0,"8","ECHDC1"
0,3.30325360488992,0.329,0.023,0,"8","NAGA"
0,0.649166930579083,0.564,0.258,0,"8","COPA"
0,0.957394451251224,0.52,0.215,0,"8","TANK"
0,1.00585360184974,0.463,0.158,0,"8","EIF4E2"
0,0.493269824905689,0.885,0.58,0,"8","CLIC1"
0,0.75904440214296,0.52,0.215,0,"8","PPP4C"
0,3.48310694100099,0.325,0.02,0,"8","RNF144B"
0,1.34013503408242,0.413,0.108,0,"8","IRF7"
0,0.643462758642645,0.633,0.328,0,"8","IL10RA"
0,1.08370790505539,0.455,0.151,0,"8","FAM96A"
0,0.430057970357815,0.79,0.486,0,"8","ROCK1"
0,0.713816535366875,0.628,0.324,0,"8","ATP5PB"
0,0.944904008472259,0.493,0.189,0,"8","UBE2J1"
0,0.573272558394772,0.71,0.407,0,"8","MRPL33"
0,3.80082855900489,0.322,0.019,0,"8","CXorf21"
0,1.47410147003135,0.417,0.114,0,"8","MTMR6"
0,4.56859388942904,0.314,0.011,0,"8","CXCL16"
0,0.92397539309257,0.497,0.194,0,"8","HM13"
0,0.983082917337142,0.47,0.167,0,"8","MRPL23"
0,1.2495273286522,0.448,0.146,0,"8","TCOF1"
0,0.383655055236585,0.765,0.463,0,"8","ARF1"
0,1.02017790001551,0.589,0.287,0,"8","ARL4A"
0,3.6949880186881,0.327,0.026,0,"8","MIR222HG"
0,0.47606349839996,0.709,0.408,0,"8","ATF4"
0,0.88676652444312,0.553,0.253,0,"8","TAGAP"
0,0.9894621558532,0.464,0.164,0,"8","CCPG1"
0,0.564909258510219,0.717,0.417,0,"8","DOCK8"
0,2.70193406922949,0.337,0.038,0,"8","NUDT16"
0,1.04935918183014,0.444,0.145,0,"8","CYB5R4"
0,0.822788863109613,0.511,0.212,0,"8","H2AFJ"
0,0.574675086433521,0.728,0.429,0,"8","BRK1"
0,0.610739430746547,0.608,0.309,0,"8","DYNLT1"
0,1.35851077657973,0.377,0.078,0,"8","HVCN1"
0,0.919360272343279,0.455,0.157,0,"8","MEF2D"
0,0.725951960081372,0.518,0.22,0,"8","CTDSP1"
0,0.847013391872134,0.904,0.606,0,"8","RHOA"
0,0.556824408828653,0.607,0.309,0,"8","NFE2L2"
0,0.797431622076416,0.485,0.187,0,"8","SDHD"
0,0.878858135109204,0.933,0.636,0,"8","ACTR2"
0,0.868135757261627,0.903,0.606,0,"8","GNAI2"
0,0.591591095472637,0.646,0.349,0,"8","ATP5F1B"
0,1.74467577509685,0.376,0.079,0,"8","VAMP3"
0,3.68858565910303,0.316,0.019,0,"8","TBC1D9"
0,0.445249507881337,0.769,0.473,0,"8","PRR13"
0,0.74799850392603,0.503,0.207,0,"8","CALCOCO2"
0,1.09353822385235,0.449,0.153,0,"8","NAPA"
0,0.49485068000059,0.633,0.337,0,"8","SH3GLB1"
0,1.21211404517036,0.41,0.114,0,"8","SRGAP2C"
0,1.90376324315316,0.35,0.054,0,"8","ADAP1"
0,2.23377766684572,0.335,0.04,0,"8","GAPT"
0,1.26827886013089,0.385,0.09,0,"8","CTBP2"
0,5.41028734599942,0.301,0.006,0,"8","EPB41L3"
0,0.818900362706963,0.499,0.205,0,"8","TUT7"
0,1.29968946477356,0.419,0.125,0,"8","SRA1"
0,1.73195420280431,0.374,0.08,0,"8","YWHAG"
0,2.37007457850979,0.348,0.054,0,"8","TOM1"
0,1.48508080801058,0.404,0.111,0,"8","LRRFIP2"
0,0.739819787123453,0.555,0.262,0,"8","TAOK1"
0,0.68945962649933,0.538,0.245,0,"8","SUPT4H1"
0,1.14455551117356,0.949,0.656,0,"8","CD44"
0,0.61803298567306,0.507,0.215,0,"8","LPGAT1"
0,0.5056559030844,0.799,0.507,0,"8","LSP1"
0,0.6055279738795,0.56,0.268,0,"8","BSG"
0,1.62085631655654,0.374,0.082,0,"8","AGO4"
0,0.466989905962973,0.624,0.332,0,"8","M6PR"
0,0.38320880533848,0.73,0.438,0,"8","ATP5PD"
0,1.38067547659298,0.402,0.111,0,"8","TMED7"
0,2.88345081984447,0.321,0.03,0,"8","NACC2"
0,2.52333643811378,0.335,0.044,0,"8","MAFG"
0,1.58062543945224,0.376,0.085,0,"8","MTHFR"
0,0.328635703305208,0.745,0.454,0,"8","TMEM50A"
0,0.515562490942782,0.575,0.284,0,"8","SSR3"
0,0.565963605039937,0.555,0.265,0,"8","SPEN"
0,1.04416235458173,0.466,0.176,0,"8","NUP58"
0,1.04109367485088,0.459,0.169,0,"8","ESD"
0,3.57884597096329,0.31,0.02,0,"8","IL15"
0,0.867644810250522,0.481,0.191,0,"8","SEC14L1"
0,1.05085875530194,0.447,0.158,0,"8","CTBS"
0,2.06149977945655,0.343,0.054,0,"8","RALB"
0,3.67198885601833,0.307,0.018,0,"8","MAP3K20"
0,0.835147780274881,0.477,0.188,0,"8","TMEM30A"
0,0.60649191020985,0.566,0.277,0,"8","ERICH1"
0,0.6730034056428,0.557,0.269,0,"8","PPP2CA"
0,2.94331861876064,0.32,0.032,0,"8","HRH2"
0,0.970419855258417,0.432,0.144,0,"8","SMS"
0,3.34421005354165,0.301,0.013,0,"8","EREG"
0,6.60013836982949,0.291,0.003,0,"8","SIGLEC1"
0,5.24907029286598,0.294,0.006,0,"8","RETN"
0,0.458304293057895,0.693,0.405,0,"8","NDUFA2"
0,1.01604459694687,0.943,0.655,0,"8","ATP5MPL"
0,0.38734312579243,0.825,0.537,0,"8","VPS13C"
0,0.372313003673392,0.69,0.402,0,"8","ADGRE5"
0,1.09749214348244,0.885,0.598,0,"8","ID2"
0,0.354711663084997,0.784,0.497,0,"8","FAM49B"
0,1.16087100830499,0.428,0.141,0,"8","MAP2K1"
0,1.04467176122132,0.975,0.688,0,"8","ITGB2"
0,1.31908867769447,0.413,0.126,0,"8","TRPS1"
0,0.445184121354283,0.732,0.445,0,"8","EIF4A1"
0,1.19349246667602,0.469,0.182,0,"8","MX1"
0,1.19308551668565,0.966,0.679,0,"8","LAPTM5"
0,1.01275758873379,0.455,0.169,0,"8","RCC2"
0,1.62406976411871,0.381,0.095,0,"8","RIT1"
0,1.29826432102775,0.402,0.116,0,"8","NBEAL2"
0,0.463905697312683,0.803,0.517,0,"8","HCLS1"
0,0.714029982727555,0.525,0.239,0,"8","NDUFB5"
0,0.461627892605012,0.769,0.483,0,"8","HIGD2A"
0,0.450404012008071,0.527,0.241,0,"8","SERPINB6"
0,1.24932278305254,0.406,0.12,0,"8","PSEN1"
0,1.07982552753642,0.433,0.147,0,"8","OGFR"
0,1.33732558763302,0.413,0.127,0,"8","NXF1"
0,0.419098959135822,0.628,0.342,0,"8","PRDX5"
0,6.25101379754289,0.29,0.004,0,"8","FCAR"
0,2.81928638506067,0.317,0.032,0,"8","PRKCD"
0,1.04433988134283,0.425,0.14,0,"8","PRNP"
0,1.53302911613975,0.377,0.093,0,"8","SOAT1"
0,1.70210563691376,0.377,0.093,0,"8","SLC25A13"
0,0.759006974634092,0.511,0.228,0,"8","PTK2B"
0,0.570009061748305,0.598,0.315,0,"8","NORAD"
0,0.697380873677104,0.917,0.635,0,"8","CAST"
0,2.44342322304865,0.318,0.036,0,"8","GSN"
0,0.478388325246591,0.66,0.379,0,"8","RAP1A"
0,1.01378282878753,0.425,0.144,0,"8","PARP9"
0,1.31512470262691,0.385,0.104,0,"8","SCARB2"
0,1.24101248203968,0.396,0.115,0,"8","RREB1"
0,1.28673357625267,0.4,0.119,0,"8","CCDC88B"
0,1.27423650436548,0.398,0.117,0,"8","LPAR6"
0,2.50310396053064,0.321,0.04,0,"8","ARID3A"
0,0.66786175311681,0.529,0.249,0,"8","SP3"
0,0.932727508687136,0.449,0.169,0,"8","NUDT3"
0,1.61719092253097,0.367,0.087,0,"8","TNRC18"
0,0.754396022220027,0.892,0.612,0,"8","SLC25A6"
0,1.461464796943,0.376,0.096,0,"8","ACSL4"
0,0.745723749658376,0.492,0.212,0,"8","CLIP1"
0,0.699431572228298,0.518,0.238,0,"8","NDUFS7"
0,5.43658672941437,0.286,0.006,0,"8","LINC00877"
0,1.55435429599042,0.415,0.135,0,"8","HLA-DQA1"
0,0.50032853315428,0.585,0.305,0,"8","CSK"
0,1.97159420169969,0.336,0.057,0,"8","TTC7A"
0,0.287520956731543,0.792,0.513,0,"8","TMEM123"
0,2.98764297450172,0.306,0.027,0,"8","FRMD4B"
0,3.01449312055326,0.305,0.026,0,"8","GM2A"
0,1.87838725882159,0.347,0.068,0,"8","IMPDH1"
0,1.26209332208199,0.411,0.132,0,"8","MICU1"
0,1.22876918584532,0.393,0.115,0,"8","ADIPOR1"
0,2.65234139520769,0.313,0.035,0,"8","SESTD1"
0,0.56433124478406,0.533,0.255,0,"8","JPT1"
0,0.383919117663889,0.611,0.333,0,"8","ZNHIT1"
0,5.14759623347877,0.287,0.009,0,"8","CHST15"
0,4.45057791232462,0.288,0.01,0,"8","NOD2"
0,0.625174420581771,0.473,0.195,0,"8","WDR45B"
0,6.18209583388993,0.281,0.004,0,"8","HCAR3"
0,0.534943456484144,0.548,0.271,0,"8","USP8"
0,0.823903335357906,0.481,0.204,0,"8","TENT4B"
0,0.782441004135702,0.466,0.189,0,"8","CWC25"
0,1.31334901719165,0.41,0.133,0,"8","RNASEK"
0,0.942557726102471,0.421,0.145,0,"8","NAAA"
0,2.51925254245774,0.327,0.051,0,"8","BEST1"
0,0.492820049542038,0.518,0.242,0,"8","FLI1"
0,1.30988631440345,0.37,0.094,0,"8","NFKBID"
0,1.86112164215353,0.977,0.701,0,"8","FOSB"
0,0.306960594557367,0.738,0.462,0,"8","SELL"
0,1.21997747138333,0.833,0.557,0,"8","IRF1"
0,1.84620977116445,0.336,0.061,0,"8","MOB1B"
0,2.63773204241823,0.313,0.038,0,"8","KDM1B"
0,0.879408373998394,0.437,0.162,0,"8","RB1"
0,0.58409739937295,0.54,0.265,0,"8","TMEM219"
0,1.69589893499766,0.35,0.075,0,"8","FAM102B"
0,0.642999047392238,0.805,0.531,0,"8","ATP5MF"
0,0.701631367152213,0.478,0.204,0,"8","ERP44"
0,1.03321203584829,0.492,0.218,0,"8","COQ7"
0,0.784374001722214,0.445,0.171,0,"8","MOB3A"
0,0.45939305852379,0.694,0.42,0,"8","IER5"
0,1.74113033711094,0.348,0.074,0,"8","OSBPL11"
0,0.36896131964784,0.617,0.343,0,"8","XAF1"
0,0.523523131650605,0.596,0.322,0,"8","TOP1"
0,0.776591522694,0.454,0.181,0,"8","LMO4"
0,0.924315483722753,0.456,0.183,0,"8","FAM200B"
0,1.70602192696615,0.342,0.069,0,"8","OAS1"
0,0.84191118326264,0.439,0.166,0,"8","SOS2"
0,2.085010507207,0.311,0.038,0,"8","LYL1"
0,0.320115703989779,0.568,0.295,0,"8","P4HB"
0,0.516864138302753,0.546,0.274,0,"8","STT3B"
0,0.772741715706356,0.936,0.664,0,"8","SERP1"
0,0.704616986094291,0.462,0.19,0,"8","ADCY7"
0,0.332868652656921,0.643,0.371,0,"8","HELZ"
0,0.563226717026855,0.583,0.311,0,"8","EIF2AK2"
0,1.20596738960103,0.392,0.121,0,"8","STX12"
0,0.565906935212077,0.534,0.263,0,"8","MBD4"
0,0.391698398394331,0.742,0.471,0,"8","PRKCB"
0,0.318311044462795,0.772,0.501,0,"8","PET100"
0,0.338526603913404,0.705,0.434,0,"8","NDUFB10"
0,1.75197751206626,0.347,0.076,0,"8","ARHGAP27"
0,0.365658539221149,0.615,0.345,0,"8","ARID1A"
0,0.26233712567596,0.661,0.391,0,"8","SRSF4"
0,0.632113319710149,0.913,0.643,0,"8","SFPQ"
0,1.67081136523391,0.34,0.07,0,"8","RUFY3"
0,2.65667853953976,0.301,0.031,0,"8","SNX30"
0,5.41848372331971,0.276,0.006,0,"8","LILRA1"
0,0.627789069676756,0.544,0.275,0,"8","UPP1"
0,0.657014632052662,0.477,0.208,0,"8","MKRN1"
0,0.413141040827134,0.522,0.253,0,"8","PHPT1"
0,1.41200266714957,0.362,0.093,0,"8","PSTPIP2"
0,0.398646014610567,0.828,0.559,0,"8","SEC61B"
0,0.889691717842209,0.444,0.176,0,"8","ACAA1"
0,1.03079108774191,0.38,0.112,0,"8","SMIM14"
0,1.22894724816632,0.389,0.121,0,"8","OTULINL"
0,0.668415442544189,0.507,0.239,0,"8","ARHGAP4"
0,1.48182093670248,0.355,0.087,0,"8","RCBTB2"
0,0.439378905436557,0.616,0.348,0,"8","NAA38"
0,1.95324880811038,0.325,0.057,0,"8","PLIN3"
0,3.54030809130541,0.287,0.019,0,"8","NPL"
0,0.408594653947766,0.556,0.289,0,"8","CAPN2"
0,0.714310405961892,0.467,0.2,0,"8","BTF3L4"
0,0.408453726647812,0.537,0.27,0,"8","YIPF4"
0,0.800715419707332,0.43,0.163,0,"8","RAF1"
0,1.33323706304323,0.433,0.166,0,"8","PRMT9"
0,4.57099195218305,0.275,0.008,0,"8","KIF13A"
0,0.603280265050794,0.478,0.211,0,"8","DECR1"
0,0.554555702041782,0.473,0.206,0,"8","SPG11"
0,0.631214009191834,0.474,0.207,0,"8","PHKB"
0,0.949084876203883,0.643,0.377,0,"8","ISG15"
0,3.89353484121671,0.277,0.011,0,"8","AL034397.3"
0,0.944711160955488,0.414,0.148,0,"8","CACUL1"
0,0.965749148189454,0.436,0.17,0,"8","OXA1L"
0,1.50801443774007,0.354,0.088,0,"8","PPP1R9B"
0,0.251666745964824,0.667,0.402,0,"8","ARPC4"
0,1.3454268010042,0.358,0.093,0,"8","PDLIM5"
0,0.708481990968516,0.473,0.208,0,"8","CHMP5"
0,0.653115810262641,0.533,0.268,0,"8","NLRP1"
0,3.21388488839471,0.29,0.025,0,"8","ZNF516"
0,0.391068354767105,0.676,0.412,0,"8","SEM1"
0,0.665486287419835,0.475,0.211,0,"8","ANKRD10"
0,2.07566597812905,0.316,0.052,0,"8","ZDHHC7"
0,1.66425882142618,0.34,0.076,0,"8","TRIM25"
0,1.22234049564066,0.369,0.106,0,"8","SLC25A24"
0,0.413881736924177,0.503,0.24,0,"8","RC3H1"
0,5.13829416742322,0.27,0.007,0,"8","GPBAR1"
0,2.23205831502246,0.301,0.038,0,"8","PLXND1"
0,7.02017406529191,0.265,0.002,0,"8","NRG1"
0,1.25747340551694,0.363,0.1,0,"8","BICD2"
0,1.10023400427944,0.392,0.129,0,"8","ATP2A2"
0,0.820056465802116,0.439,0.176,0,"8","PPTC7"
0,0.392892518193031,0.678,0.416,0,"8","EIF1B"
0,0.701075240531455,0.469,0.207,0,"8","BHLHE40"
0,0.502979690632974,0.526,0.264,0,"8","SEC31A"
0,0.683123288419722,0.852,0.59,0,"8","COX7B"
0,2.05670621115247,0.321,0.059,0,"8","DENND5A"
0,2.6631728001394,0.295,0.033,0,"8","RRP12"
0,0.42923490778598,0.561,0.3,0,"8","PFDN2"
0,0.454158617605329,0.553,0.292,0,"8","SSH2"
0,0.297369371057757,0.616,0.355,0,"8","RBM5"
0,0.356361209638003,0.755,0.494,0,"8","DNAJA1"
0,2.08559387810213,0.309,0.048,0,"8","AGPAT2"
0,0.938228404522261,0.395,0.134,0,"8","PHF21A"
0,0.995234062408354,0.388,0.127,0,"8","STX10"
0,0.364996853646461,0.597,0.336,0,"8","ZBTB7A"
0,0.556317289177047,0.454,0.194,0,"8","PPIP5K2"
0,5.5252282590433,0.266,0.006,0,"8","ALDH3B1"
0,0.295022301812824,0.663,0.403,0,"8","NDUFC2"
0,6.82284481518594,0.262,0.002,0,"8","OLR1"
0,1.24696710116344,0.395,0.135,0,"8","MED29"
0,3.09889059935902,0.296,0.036,0,"8","OSM"
0,0.25053136933856,0.679,0.42,0,"8","SH3KBP1"
0,0.80400917566068,0.43,0.171,0,"8","NMI"
0,0.299283186216918,0.791,0.532,0,"8","HNRNPD"
0,3.39106875998509,0.275,0.016,0,"8","ADAM9"
0,0.704525243287031,0.452,0.193,0,"8","DYNC1LI2"
0,5.07933554552596,0.264,0.006,0,"8","SORT1"
0,6.01299295708031,0.262,0.004,0,"8","TLR8"
0,1.34091151123272,0.363,0.105,0,"8","G6PD"
0,0.566153308935399,0.492,0.234,0,"8","PSMG2"
0,0.679172481722371,0.432,0.174,0,"8","RRBP1"
0,1.8310559818897,0.324,0.066,0,"8","TPD52L2"
0,0.966463513668713,0.408,0.15,0,"8","USP25"
0,0.70968051158577,0.448,0.19,0,"8","IFNAR1"
0,0.362773420194418,0.762,0.505,0,"8","PAK2"
0,0.31105556018327,0.638,0.381,0,"8","PSMA1"
0,1.11741795416001,0.381,0.124,0,"8","ARF3"
0,0.922861341006043,0.421,0.164,0,"8","NPIPB5"
0,0.636968208406911,0.48,0.223,0,"8","CHMP4B"
0,0.92589186691656,0.406,0.15,0,"8","RPN1"
0,1.42947311733435,0.366,0.11,0,"8","THAP9-AS1"
0,0.405681003754781,0.617,0.361,0,"8","GTF2I"
0,1.24935911577681,0.352,0.096,0,"8","ARRDC1"
0,1.20318516684256,0.361,0.105,0,"8","COMMD9"
0,5.71305248838193,0.26,0.004,0,"8","CLEC4D"
0,1.06621850484243,0.384,0.128,0,"8","CNDP2"
0,0.733154966216338,0.432,0.176,0,"8","GGA1"
0,1.10991736097933,0.383,0.127,0,"8","NRIP1"
0,0.440992874804691,0.571,0.315,0,"8","PUM1"
0,0.647485430645484,0.445,0.19,0,"8","CAMTA1"
0,0.887543878008719,0.396,0.141,0,"8","MORF4L2"
0,1.14034076262978,0.365,0.11,0,"8","MYO5A"
0,0.787030598625748,0.362,0.107,0,"8","CD300A"
0,0.376274428022714,0.637,0.382,0,"8","SMIM26"
0,0.670759635621692,0.418,0.163,0,"8","YWHAH"
0,0.815549321466372,0.956,0.702,0,"8","STK17B"
0,0.555551386577668,0.459,0.205,0,"8","RAD23B"
0,0.593351090900002,0.434,0.18,0,"8","VCL"
0,1.72713664375091,0.328,0.074,0,"8","P2RX4"
0,0.346297974758863,0.743,0.489,0,"8","POMP"
0,1.2598937161343,0.357,0.103,0,"8","SYNE3"
0,1.53313248996535,0.336,0.082,0,"8","PQLC1"
0,1.07243537900738,0.373,0.119,0,"8","NFIC"
0,0.343098089586377,0.561,0.308,0,"8","NEMF"
0,0.419653151108196,0.545,0.292,0,"8","TMOD3"
0,1.85802174145524,0.956,0.703,0,"8","S100A10"
0,0.810760207636057,0.422,0.169,0,"8","CHMP2B"
0,0.296613415485166,0.641,0.388,0,"8","VPS28"
0,0.505839864088702,0.831,0.578,0,"8","SLC25A3"
0,1.28927178194654,0.485,0.232,0,"8","GPR183"
0,0.796060905106573,0.78,0.527,0,"8","GADD45B"
0,0.642396152943508,0.466,0.213,0,"8","RUNX1"
0,1.07532230347013,0.383,0.131,0,"8","CMTM7"
0,0.685119456829174,0.46,0.208,0,"8","RHEB"
0,0.352597115992572,0.816,0.564,0,"8","POLR2L"
0,1.6971924619903,0.325,0.073,0,"8","UHRF1BP1L"
0,1.3838550406877,0.343,0.091,0,"8","RHOT1"
0,1.46164771728692,0.337,0.085,0,"8","TYK2"
0,1.39797530166282,0.388,0.136,0,"8","Z93241.1"
0,0.81796373795853,0.398,0.146,0,"8","NDUFV3"
0,0.366832706459823,0.69,0.438,0,"8","OSBPL8"
0,0.447372175068385,0.546,0.295,0,"8","RANBP2"
0,0.358092773703677,0.552,0.301,0,"8","ANXA11"
0,0.789455443731285,0.448,0.197,0,"8","SEC22B"
0,0.446765962553604,0.525,0.274,0,"8","ARF5"
0,1.69137340334782,0.324,0.073,0,"8","SNN"
0,0.307606605572388,0.645,0.394,0,"8","RSL1D1"
0,0.8100752572038,0.414,0.163,0,"8","CMTM3"
0,1.50423361187355,0.333,0.082,0,"8","MNT"
0,0.607378182717951,0.534,0.284,0,"8","LAMP1"
0,0.993628163125347,0.383,0.133,0,"8","AHCYL1"
0,0.915737185318702,0.391,0.141,0,"8","EIF4G1"
0,1.5036768770342,0.328,0.078,0,"8","SNX18"
0,2.79122768486366,0.279,0.029,0,"8","FGD2"
0,0.898571083455364,0.396,0.146,0,"8","NIPSNAP2"
0,0.570631305310107,0.508,0.258,0,"8","SLC3A2"
0,3.38218010480988,0.27,0.021,0,"8","CRYBG3"
0,1.71394044085349,0.324,0.075,0,"8","ULK1"
0,1.68474453236509,0.317,0.068,0,"8","TSEN34"
0,4.88017032921401,0.258,0.009,0,"8","LILRB4"
0,0.638733105548615,0.419,0.17,0,"8","TMX1"
0,0.375531607300985,0.54,0.292,0,"8","ZMYM2"
0,2.61927974568543,0.277,0.029,0,"8","ADAM15"
0,1.17079595656095,0.367,0.119,0,"8","AKR1A1"
0,1.63930907116139,0.31,0.062,0,"8","FNIP2"
0,0.690844946863756,0.423,0.175,0,"8","KDELR1"
0,1.21006171154933,0.357,0.109,0,"8","EPN1"
0,0.459821217904608,0.579,0.331,0,"8","ATP1A1"
0,0.350252174415102,0.552,0.305,0,"8","TM9SF3"
0,0.556119008253031,0.459,0.212,0,"8","IQSEC1"
0,1.05753891564255,0.399,0.152,0,"8","ZSWIM7"
0,0.277098948897205,0.843,0.596,0,"8","BTG2"
0,1.01114998776533,0.374,0.127,0,"8","SERTAD2"
0,0.460310448248456,0.495,0.248,0,"8","DBNL"
0,0.346405658175643,0.596,0.349,0,"8","SETX"
0,1.42020541549486,0.329,0.082,0,"8","SQOR"
0,2.02732803358515,0.298,0.051,0,"8","USP32"
0,2.38148348081501,0.283,0.036,0,"8","QSOX1"
0,0.404693600033839,0.542,0.296,0,"8","TRIM44"
0,0.758168668968241,0.403,0.157,0,"8","ATAD2B"
0,4.26964198771718,0.257,0.011,0,"8","HK2"
0,3.18315875221634,0.26,0.014,0,"8","CXCL2"
0,0.948504752803199,0.38,0.134,0,"8","HNRNPH2"
0,0.531327847459459,0.519,0.273,0,"8","SLIRP"
0,0.339142132085727,0.564,0.318,0,"8","NDUFB3"
0,0.292097890964993,0.699,0.453,0,"8","PSME2"
0,0.623521975258307,0.456,0.211,0,"8","AP3B1"
0,0.329129557336249,0.742,0.497,0,"8","MDM4"
0,0.974365598820302,0.38,0.135,0,"8","PSTPIP1"
0,0.351620005049997,0.499,0.254,0,"8","PTBP1"
0,0.382060100386899,0.581,0.336,0,"8","MTCH1"
0,0.478373822376373,0.485,0.241,0,"8","POLE4"
0,1.42842852952127,0.318,0.074,0,"8","CALHM6"
0,1.57773985144307,0.327,0.083,0,"8","TIAM1"
0,0.424913807885128,0.478,0.234,0,"8","SCFD1"
0,0.543737753246861,0.46,0.217,0,"8","USP48"
0,3.48293499805732,0.264,0.021,0,"8","AP5B1"
0,0.654760838443139,0.421,0.178,0,"8","NEU1"
0,0.63035792580446,0.437,0.194,0,"8","LYPLA1"
0,0.791146114451442,0.937,0.695,0,"8","UBE2D3"
0,0.780133965003173,0.387,0.145,0,"8","WDFY1"
0,2.98571478459045,0.264,0.022,0,"8","STX3"
0,0.886665965690318,0.415,0.173,0,"8","MLXIP"
0,1.45309287224417,0.325,0.083,0,"8","AGPAT3"
0,0.328213935285757,0.693,0.451,0,"8","EIF3M"
0,1.28708434800658,0.93,0.689,0,"8","CALM2"
0,0.411316721736647,0.553,0.312,0,"8","MSL3"
0,0.569931086516703,0.448,0.207,0,"8","DYNC1I2"
0,0.870606744770775,0.391,0.15,0,"8","TSC22D2"
0,0.893410812217944,0.388,0.147,0,"8","SLC12A6"
0,0.832753518533302,0.372,0.131,0,"8","ARL8A"
0,0.62927443354408,0.505,0.264,0,"8","DCP2"
0,0.365096673190596,0.495,0.254,0,"8","CCNK"
0,0.362182812614516,0.676,0.436,0,"8","UQCRQ"
0,3.30942723487814,0.258,0.018,0,"8","CPNE8"
0,0.328356204981475,0.6,0.36,0,"8","AURKAIP1"
0,1.78273680318281,0.296,0.056,0,"8","RNPEP"
0,0.311362168765084,0.6,0.36,0,"8","PJA2"
0,3.34527512916318,0.255,0.015,0,"8","IL18"
0,2.59795924824187,0.272,0.033,0,"8","CR1"
0,0.415290370785808,0.474,0.235,0,"8","PBRM1"
0,0.376495330989978,0.508,0.269,0,"8","CCDC69"
0,0.980641665532553,0.376,0.137,0,"8","RLIM"
0,0.357450840881667,0.514,0.275,0,"8","ELOC"
0,1.13319579868528,0.947,0.708,0,"8","NFKBIA"
0,0.98518155807222,0.358,0.119,0,"8","ATP6V1D"
0,0.333030766988987,0.6,0.361,0,"8","DYNC1H1"
0,0.670178300149257,0.41,0.171,0,"8","UBA6"
0,0.370195777373093,0.561,0.323,0,"8","COX5A"
0,1.45552967848447,0.324,0.086,0,"8","NANS"
0,0.522392046167414,0.443,0.205,0,"8","TUBGCP2"
0,1.12252777033389,0.301,0.063,0,"8","BCL11A"
0,0.575334543348272,0.414,0.176,0,"8","AP3S1"
0,0.589684445155971,0.872,0.634,0,"8","ATP6V0E1"
0,3.75379618961451,0.251,0.013,0,"8","DUSP3"
0,0.706368060200423,0.402,0.165,0,"8","DYNC1LI1"
0,2.04431482204474,0.276,0.039,0,"8","NHSL2"
0,0.851313105147356,0.389,0.152,0,"8","PNPLA2"
0,1.46579379498063,0.311,0.074,0,"8","NCSTN"
0,1.45121330724241,0.309,0.072,0,"8","TMEM127"
0,0.303480907386504,0.608,0.371,0,"8","RBMS1"
0,0.515122281962732,0.44,0.203,0,"8","VMA21"
0,0.588526708306068,0.421,0.184,0,"8","GIT2"
0,0.351750392905063,0.888,0.651,0,"8","RBM25"
0,0.354839546449837,0.489,0.252,0,"8","RAB27A"
0,2.06629175583993,0.292,0.055,0,"8","LDLR"
0,1.17093896408489,0.343,0.107,0,"8","LIPA"
0,1.77384542883523,0.299,0.063,0,"8","HSD17B4"
0,2.22040010128234,0.287,0.051,0,"8","VNN2"
0,0.385739614289194,0.493,0.257,0,"8","RAB8A"
0,0.304800606165301,0.533,0.298,0,"8","NIN"
0,2.59371115128456,0.266,0.031,0,"8","MICAL2"
0,0.432067052706255,0.449,0.214,0,"8","CAPRIN1"
0,1.23797474299468,0.331,0.096,0,"8","GRASP"
0,0.291403146855006,0.508,0.273,0,"8","RAB21"
0,2.45330077221137,0.266,0.032,0,"8","FAM214B"
0,2.56294248767247,0.266,0.032,0,"8","DENND1A"
0,0.745710987598198,0.387,0.153,0,"8","EEA1"
0,2.60904558722912,0.258,0.024,0,"8","CEBPA"
0,1.02845518882911,0.949,0.715,0,"8","KLF6"
0,0.60425781491286,0.432,0.198,0,"8","VTI1B"
0,0.597517780423615,0.423,0.189,0,"8","NPEPPS"
0,0.946074819163101,0.365,0.131,0,"8","SAMD4B"
0,1.96293179254528,0.28,0.047,0,"8","PEA15"
0,0.382140189196508,0.53,0.297,0,"8","MGST3"
0,3.57529284061907,0.251,0.018,0,"8","AC015912.3"
0,1.81701865026985,0.286,0.053,0,"8","RRAS"
0,0.278113285079466,0.552,0.32,0,"8","BIRC2"
0,0.671179979386022,0.391,0.159,0,"8","C1orf43"
0,0.530898850508646,0.422,0.19,0,"8","CNIH1"
0,0.871833311040576,0.354,0.122,0,"8","SUSD6"
0,0.588449101317303,0.41,0.178,0,"8","ME2"
0,0.313593751291648,0.496,0.264,0,"8","SERINC3"
0,0.460535415788601,0.456,0.225,0,"8","GPATCH2L"
0,2.11868384993253,0.27,0.039,0,"8","SERPINB8"
0,0.844883290993168,0.347,0.116,0,"8","PQLC3"
0,0.405581427504241,0.49,0.259,0,"8","TRIP12"
0,1.87796703222502,0.284,0.053,0,"8","PIK3CB"
0,0.934367919365792,0.415,0.184,0,"8","EIF4E"
0,1.04191795988976,0.347,0.116,0,"8","OAS2"
0,1.53050960907876,0.309,0.078,0,"8","MIR22HG"
0,1.23716089022519,0.347,0.116,0,"8","YPEL2"
0,0.378248245705139,0.51,0.279,0,"8","CCT8"
0,0.272748076114859,0.557,0.327,0,"8","GHITM"
0,0.805546233034107,0.381,0.151,0,"8","ACADVL"
0,0.761536963061974,0.357,0.127,0,"8","KIAA0232"
0,2.26536480811312,0.989,0.759,0,"8","VIM"
0,1.41666958020851,0.305,0.075,0,"8","TESC"
0,0.306005943520278,0.534,0.305,0,"8","RASSF5"
0,1.99816258550624,0.276,0.047,0,"8","GZF1"
0,0.78985387432183,0.376,0.147,0,"8","CNIH4"
0,0.635574942268828,0.399,0.17,0,"8","TWF2"
0,0.793882886826169,0.38,0.151,0,"8","DNAJB11"
0,1.07690484242826,0.321,0.092,0,"8","SAP30"
0,0.502349681478113,0.443,0.214,0,"8","UBR2"
0,1.23497896998938,0.316,0.087,0,"8","PITPNA"
0,2.34748849329989,0.265,0.036,0,"8","TMEM91"
0,2.41451403192373,0.269,0.04,0,"8","IRGQ"
0,0.253505599909771,0.593,0.364,0,"8","GIMAP4"
0,0.816399815761886,0.429,0.2,0,"8","UBAC2"
0,0.429546999974771,0.5,0.271,0,"8","MRPL52"
0,1.07967126230348,0.343,0.115,0,"8","UBE2E1"
0,0.297741380348289,0.462,0.234,0,"8","PTPN18"
0,1.19738350035307,0.325,0.097,0,"8","SP1"
0,0.904452156353907,0.359,0.131,0,"8","BTAF1"
0,0.950167407234381,0.343,0.116,0,"8","CEPT1"
0,1.28895998632421,0.32,0.093,0,"8","HK1"
0,0.668330638933746,0.408,0.181,0,"8","LGALS8"
0,1.5010527854074,0.299,0.072,0,"8","MAPKAPK3"
0,0.654389254844927,0.422,0.195,0,"8","ZBTB11"
0,1.51449817435757,0.296,0.069,0,"8","ITGA5"
0,1.84781478791103,0.281,0.055,0,"8","ATG7"
0,1.01573210424656,0.331,0.105,0,"8","TBL1X"
0,0.877083381445374,0.342,0.116,0,"8","LARP4B"
0,0.431701626209706,0.549,0.323,0,"8","SNHG25"
0,1.94074349662426,0.277,0.051,0,"8","COLGALT1"
0,0.744960555264658,0.38,0.154,0,"8","SDHB"
0,1.22964588637932,0.316,0.09,0,"8","DNAJC13"
0,1.16079171805141,0.393,0.167,0,"8","TFRC"
0,2.2934188731957,0.262,0.036,0,"8","TCF7L2"
0,1.16846113274355,0.317,0.091,0,"8","CHPT1"
0,0.365121382975146,0.452,0.226,0,"8","RAB11A"
0,1.67694481977373,0.284,0.058,0,"8","INPPL1"
0,0.578638387024032,0.423,0.197,0,"8","IFT20"
0,1.88649815162895,0.277,0.052,0,"8","SLC35A1"
0,0.429728596959575,0.464,0.239,0,"8","CCT6A"
0,0.93064965153764,0.332,0.107,0,"8","UBE2W"
0,1.96360279162258,0.272,0.047,0,"8","OAS3"
0,0.410184190696473,0.449,0.224,0,"8","CAB39"
0,2.33953830418832,0.26,0.035,0,"8","RPS6KA4"
0,0.398955474626367,0.452,0.227,0,"8","UQCRC2"
0,0.282431933837846,0.497,0.272,0,"8","AP2M1"
0,1.73841673559191,0.995,0.77,0,"8","DUSP1"
0,1.17843043292233,0.327,0.103,0,"8","MTMR14"
0,1.8455972967082,0.272,0.048,0,"8","PAPSS1"
0,1.34312872836207,0.327,0.103,0,"8","NFKB2"
0,0.367041297753553,0.451,0.227,0,"8","PSMB2"
0,2.4636773104715,0.264,0.04,0,"8","AL355075.4"
0,0.302735350491952,0.495,0.271,0,"8","RER1"
0,0.463085510903357,0.406,0.183,0,"8","FBXO11"
0,0.484353790359271,0.4,0.177,0,"8","PPM1A"
0,1.05816999928886,0.325,0.102,0,"8","MAPK6"
0,2.01695509929601,0.268,0.045,0,"8","RNF24"
0,0.490714408399636,0.43,0.207,0,"8","IDH3G"
0,0.575550647163606,0.876,0.653,0,"8","COX5B"
0,1.27406559003125,0.306,0.083,0,"8","PXK"
0,1.32151075840856,0.971,0.748,0,"8","GAPDH"
0,0.801315702307813,0.343,0.121,0,"8","UBAC1"
0,0.568305472655679,0.399,0.177,0,"8","GLTP"
0,2.07283071491246,0.262,0.04,0,"8","TK2"
0,0.508173814541357,0.443,0.221,0,"8","CTDNEP1"
0,0.704039563228617,0.384,0.162,0,"8","NUCB1"
0,1.17584973951937,0.318,0.096,0,"8","AP2A1"
0,2.5109994036085,0.257,0.035,0,"8","LINC00528"
0,0.760479480149062,0.359,0.137,0,"8","NCOR2"
0,0.837743215406386,0.346,0.124,0,"8","CPD"
0,1.84168869513274,0.269,0.048,0,"8","TNFRSF10B"
0,1.97352565018313,0.269,0.048,0,"8","MSRB2"
0,0.417890865909081,0.515,0.294,0,"8","CHCHD10"
0,0.65755674587514,0.388,0.167,0,"8","DHX15"
0,2.08259370980933,0.262,0.041,0,"8","SOX4"
0,0.414800773091178,0.443,0.222,0,"8","ANXA7"
0,0.48361569152541,0.443,0.222,0,"8","SMIM7"
0,1.31501173626463,0.305,0.084,0,"8","C3orf58"
0,0.413353412466598,0.932,0.712,0,"8","CORO1A"
0,0.345934625879713,0.657,0.437,0,"8","SLC25A5"
0,0.85140447953804,0.339,0.119,0,"8","SAMD8"
0,1.01829303268916,0.309,0.089,0,"8","CD58"
0,1.26867652303586,0.307,0.087,0,"8","CPQ"
0,3.1435105460117,0.25,0.03,0,"8","AC023157.3"
0,0.264404762980092,0.511,0.292,0,"8","ALKBH7"
0,0.42714136200142,0.449,0.23,0,"8","MRPS36"
0,0.776970728529688,0.381,0.162,0,"8","ZNF518A"
0,0.401448266367266,0.432,0.213,0,"8","IST1"
0,1.70574120756733,0.988,0.769,0,"8","SRGN"
0,0.568310393469051,0.404,0.186,0,"8","STXBP3"
0,0.961025154268565,0.333,0.115,0,"8","BAG6"
0,0.979726434237559,0.324,0.106,0,"8","CYB5R3"
0,0.563341641697881,0.443,0.225,0,"8","PRPF38A"
0,0.73425311348696,0.361,0.143,0,"8","PPP3R1"
0,2.29439529952657,0.251,0.033,0,"8","NFKBIE"
0,0.463019187237575,0.398,0.181,0,"8","COMMD8"
0,0.929628600397681,0.322,0.105,0,"8","DCTN4"
0,0.462548288237016,0.4,0.183,0,"8","PRKCSH"
0,0.318600993742502,0.448,0.231,0,"8","MAPRE1"
0,1.54314370468119,0.283,0.066,0,"8","LTB4R"
0,0.580938011938838,0.411,0.194,0,"8","RNF138"
0,0.85366385097133,0.344,0.127,0,"8","NR1H2"
0,1.4518025818286,0.287,0.07,0,"8","TRIOBP"
0,1.84732583098511,0.262,0.046,0,"8","PIP4P2"
0,0.327196207237078,0.423,0.207,0,"8","SASH3"
0,0.864544140680098,0.725,0.509,0,"8","HLA-DPB1"
0,0.381317011898791,0.469,0.253,0,"8","CHD9"
0,0.704972683799457,0.928,0.713,0,"8","ELOB"
0,0.574486484054007,0.38,0.165,0,"8","SDHC"
0,1.05737384115859,0.306,0.091,0,"8","DAP"
0,1.13565995169732,0.31,0.095,0,"8","NT5C2"
0,1.04065887343825,0.31,0.095,0,"8","SLC38A10"
0,0.340625798320698,0.436,0.221,0,"8","RTF2"
0,1.21338544241603,0.298,0.083,0,"8","TAF13"
0,0.605465777292724,0.363,0.149,0,"8","MAP7D1"
0,0.47300859157257,0.426,0.212,0,"8","CCT5"
0,0.428141415799427,0.423,0.209,0,"8","UBR5"
0,0.751100547293907,0.367,0.153,0,"8","GLUD1"
0,0.647298559936223,0.373,0.159,0,"8","MDM2"
0,1.54537488588358,0.283,0.069,0,"8","KIF1B"
0,0.745358205409107,0.354,0.14,0,"8","SNX13"
0,1.23690181863618,0.294,0.08,0,"8","DNAJC5"
0,1.06424964841177,0.328,0.115,0,"8","HDLBP"
0,0.740595928354957,0.343,0.13,0,"8","CCDC47"
0,0.930973567181441,0.32,0.107,0,"8","JOSD2"
0,0.405251346573167,0.425,0.212,0,"8","PCMT1"
0,0.319076031608343,0.48,0.267,0,"8","CSNK2B"
0,1.11865357298502,0.298,0.085,0,"8","RIC1"
0,1.2678000242202,0.296,0.083,0,"8","FRAT2"
0,0.828853425821339,0.35,0.137,0,"8","LYSMD2"
0,0.275814849402955,0.481,0.268,0,"8","ZFAND6"
0,1.11241161868303,0.318,0.106,0,"8","EDEM3"
0,0.926281254012259,0.329,0.117,0,"8","OXSR1"
0,0.929209508161202,0.321,0.109,0,"8","USP4"
0,0.48248101147552,0.403,0.191,0,"8","MPC1"
0,0.816293119713393,0.325,0.113,0,"8","MCMBP"
0,1.04667284182757,0.324,0.112,0,"8","GCH1"
0,0.756308877487174,0.331,0.119,0,"8","MAFF"
0,0.370556303751032,0.425,0.213,0,"8","PPCS"
0,0.722573406335919,0.357,0.145,0,"8","DRAM2"
0,0.687339292916511,0.378,0.166,0,"8","ACSL3"
0,1.08662154852813,0.31,0.098,0,"8","LFNG"
0,1.94381136191803,0.251,0.039,0,"8","HHEX"
0,0.651445438680055,0.37,0.158,0,"8","WDR11"
0,1.33203070051783,0.284,0.072,0,"8","FEZ2"
0,0.700120320548115,0.351,0.139,0,"8","LAMTOR3"
0,0.914986626478573,0.328,0.117,0,"8","DPH3"
0,1.99919197696021,0.257,0.046,0,"8","TLR1"
0,1.55785960149179,0.265,0.054,0,"8","PELI2"
0,0.787860066301392,0.343,0.132,0,"8","ATXN3"
0,0.961854263488691,0.352,0.141,0,"8","ZNF281"
0,0.347161880268559,0.418,0.207,0,"8","EIF4E3"
0,0.449698334595075,0.373,0.162,0,"8","CHCHD1"
0,0.481545587092068,0.731,0.52,0,"8","TUBA1A"
0,0.641656954888136,0.955,0.744,0,"8","EMP3"
0,1.68383157593577,0.264,0.054,0,"8","NQO2"
0,1.82864415004593,0.257,0.047,0,"8","IL10RB"
0,0.586127012070275,0.381,0.171,0,"8","NCOA2"
0,0.663916925888361,0.363,0.153,0,"8","EFR3A"
0,0.436325661371319,0.414,0.204,0,"8","TIMM13"
0,0.308084447424524,0.514,0.305,0,"8","TUBB4B"
0,0.62071374356044,0.351,0.142,0,"8","CYC1"
0,1.18775274845265,0.288,0.079,0,"8","E2F3"
0,1.8558404176708,0.262,0.054,0,"8","ACOT9"
0,0.88829912425606,0.32,0.112,0,"8","DNAJC4"
0,0.597098334186224,0.399,0.191,0,"8","RBM7"
0,2.03980107066145,0.262,0.054,0,"8","PLEKHG2"
0,0.806112473244559,0.363,0.155,0,"8","ADI1"
0,0.579443906789787,0.37,0.162,0,"8","AFTPH"
0,0.720932255756655,0.355,0.147,0,"8","EDEM1"
0,0.409785608839771,0.895,0.687,0,"8","ATP5ME"
0,0.296876435064624,0.867,0.659,0,"8","TMBIM6"
0,0.476889634470894,0.919,0.712,0,"8","COX6B1"
0,0.57624743795458,0.388,0.181,0,"8","HDGF"
0,0.306353860536471,0.421,0.214,0,"8","LRRC58"
0,0.348029637678965,0.385,0.179,0,"8","UBE2A"
0,0.907704887319925,0.311,0.105,0,"8","DNAJB12"
0,0.388245498471742,0.466,0.26,0,"8","ARIH1"
0,0.598621821740172,0.363,0.157,0,"8","CYTH4"
0,1.21097412479124,0.287,0.081,0,"8","AP1B1"
0,0.28929186145831,0.406,0.201,0,"8","DNAJC3"
0,0.870087985067967,0.328,0.123,0,"8","TPGS1"
0,0.514764137395936,0.351,0.146,0,"8","PTRHD1"
0,0.285029054322926,0.421,0.217,0,"8","PDS5B"
0,0.904807570542267,0.335,0.132,0,"8","DENND4B"
0,0.328615488117867,0.444,0.241,0,"8","KIDINS220"
0,0.684500299103937,0.328,0.125,0,"8","TMEM131"
0,0.575783382975884,0.38,0.177,0,"8","SCLT1"
0,0.54313100299736,0.343,0.14,0,"8","SNX1"
0,0.901346053115982,0.32,0.117,0,"8","STX4"
0,0.698622647904566,0.348,0.145,0,"8","HDAC2"
0,0.60282639571718,0.367,0.164,0,"8","PAFAH1B2"
0,0.906619042860718,0.298,0.095,0,"8","ANO6"
0,0.714565450261485,0.357,0.154,0,"8","DDIT3"
0,0.523566402109423,0.37,0.167,0,"8","HEXA"
0,0.595056458513418,0.348,0.145,0,"8","KIAA1468"
0,1.77617919512262,0.253,0.051,0,"8","MOSPD2"
0,1.39416149196501,0.272,0.07,0,"8","RNF141"
0,0.416340105703321,0.377,0.175,0,"8","ALYREF"
0,0.899597851523834,0.307,0.105,0,"8","ERCC1"
0,0.652419373466712,0.343,0.142,0,"8","GRIPAP1"
0,0.899979026816516,0.332,0.131,0,"8","TMEM14C"
0,0.510200016123344,0.373,0.172,0,"8","LUC7L2"
0,0.276503700956476,0.445,0.244,0,"8","TOX4"
0,1.55503821267391,0.268,0.067,0,"8","DEF8"
0,0.488741800115905,0.369,0.168,0,"8","DNAJC10"
0,1.17792364008301,0.301,0.1,0,"8","TNK2"
0,0.570085823216322,0.365,0.164,0,"8","AP1G1"
0,0.549060268608572,0.955,0.754,0,"8","LCP1"
0,0.53602576085127,0.959,0.758,0,"8","IER2"
0,0.311042283070245,0.398,0.198,0,"8","SEC63"
0,1.24947076600406,0.277,0.077,0,"8","MGRN1"
0,0.909862007409823,0.307,0.107,0,"8","IFI35"
0,1.08273756330218,0.292,0.092,0,"8","NSMAF"
0,0.281365085595223,0.408,0.208,0,"8","TNKS2"
0,0.26015724536378,0.433,0.233,0,"8","DNM1L"
0,0.315430946127687,0.41,0.21,0,"8","SPPL2A"
0,1.22262879017217,0.291,0.091,0,"8","TMUB2"
0,0.622789922745116,0.342,0.143,0,"8","SMG7"
0,1.31321031245363,0.272,0.073,0,"8","MTHFD2"
0,0.389783016987422,0.434,0.235,0,"8","NFKB1"
0,0.336599260226962,0.396,0.197,0,"8","ELOVL5"
0,1.2620279309434,0.265,0.066,0,"8","CDK19"
0,0.856486501590949,0.314,0.115,0,"8","PDPK1"
0,0.613011135413584,0.383,0.184,0,"8","POLR2E"
0,1.28657905276253,0.266,0.067,0,"8","ZNF787"
0,0.511024165389387,0.37,0.171,0,"8","UBR4"
0,0.643919244887256,0.348,0.149,0,"8","GAK"
0,0.288205825295473,0.428,0.229,0,"8","MED28"
0,0.438939045321437,0.363,0.164,0,"8","UBE2L6"
0,0.660711532763732,0.313,0.115,0,"8","ABHD2"
0,0.527819698881954,0.369,0.171,0,"8","TMEM167B"
0,1.04768907770133,0.286,0.088,0,"8","MAP3K5"
0,0.748805736329238,0.344,0.146,0,"8","UVRAG"
0,0.866954971779659,0.294,0.096,0,"8","RDX"
0,0.47649798675887,0.421,0.223,0,"8","MARK3"
0,0.923689954062557,0.295,0.097,0,"8","TM9SF4"
0,1.3063389290779,0.269,0.072,0,"8","GDAP2"
0,1.73726824277555,0.254,0.057,0,"8","GABBR1"
0,0.658213260600913,0.316,0.119,0,"8","HOTAIRM1"
0,1.39652608309438,0.258,0.061,0,"8","CHSY1"
0,0.91641530605608,0.305,0.108,0,"8","MVP"
0,0.827006736883371,0.321,0.125,0,"8","NBN"
0,0.655532201106915,0.316,0.12,0,"8","PIEZO1"
0,0.748133962575819,0.31,0.115,0,"8","KDM3B"
0,0.567684151358035,0.423,0.228,0,"8","SLC20A1"
0,0.889068231884178,0.324,0.13,0,"8","GBP1"
0,1.05525339697135,0.279,0.085,0,"8","KLHL18"
0,0.342632089722633,0.441,0.247,0,"8","FBXW7"
0,0.841746268263162,0.314,0.12,0,"8","NDEL1"
0,0.407984801628879,0.395,0.201,0,"8","ATP6V1E1"
0,1.08393983445732,0.275,0.082,0,"8","PCGF3"
0,0.469665806039811,0.37,0.177,0,"8","TCERG1"
0,0.49284243117669,0.355,0.162,0,"8","ST8SIA4"
0,0.809244487175615,0.294,0.101,0,"8","ILK"
0,0.3404798410546,0.471,0.278,0,"8","MAP4K4"
0,0.295941879037503,0.399,0.207,0,"8","ARL5A"
0,0.357907059952132,0.396,0.204,0,"8","DENND4A"
0,0.823859373530274,0.313,0.121,0,"8","UBA3"
0,0.286086761792971,0.383,0.191,0,"8","CCZ1"
0,0.264407187711187,0.433,0.241,0,"8","SNF8"
0,1.22349248217292,0.272,0.08,0,"8","GMIP"
0,0.825060791767211,0.286,0.094,0,"8","ANXA4"
0,0.41309642608656,0.347,0.155,0,"8","SLMAP"
0,0.628366573041572,0.342,0.151,0,"8","AHCTF1"
0,0.267889318008005,0.404,0.213,0,"8","VCP"
0,0.735084866430103,0.322,0.131,0,"8","BCL10"
0,1.28415678905847,0.254,0.063,0,"8","ZBTB7B"
0,1.33810972872502,0.25,0.059,0,"8","IKBIP"
0,1.55529398056904,0.261,0.07,0,"8","CLCN7"
0,0.901416417922098,0.303,0.112,0,"8","PEPD"
0,1.11580708082471,0.29,0.099,0,"8","KIAA0319L"
0,0.458818826836112,0.362,0.171,0,"8","TOR1AIP2"
0,0.790427490430373,0.306,0.116,0,"8","SDCCAG8"
0,0.496086587373103,0.38,0.19,0,"8","FAM50A"
0,1.34821334281982,0.273,0.083,0,"8","THAP2"
0,1.41836250300052,0.253,0.063,0,"8","ALDOA"
0,1.6077208653032,0.277,0.088,0,"8","EPS8"
0,0.859081813510739,0.291,0.102,0,"8","GSR"
0,1.36942836582479,0.254,0.065,0,"8","HPS5"
0,1.00655692852503,0.288,0.099,0,"8","CERS6"
0,0.270291595083748,0.904,0.716,0,"8","PTP4A2"
0,1.06885479847037,0.277,0.089,0,"8","TSG101"
0,0.361795823911816,0.362,0.174,0,"8","MPLKIP"
0,0.573025914802621,0.373,0.185,0,"8","LRCH4"
0,0.418182967232053,0.444,0.256,0,"8","KMT2E-AS1"
0,1.2241119330776,0.299,0.111,0,"8","INSIG1"
0,0.401551260830504,0.362,0.174,0,"8","FAM192A"
0,0.324446711990849,0.419,0.231,0,"8","HECTD1"
0,0.89659587997742,0.281,0.094,0,"8","COPB2"
0,0.571632113282743,0.335,0.148,0,"8","PLIN2"
0,0.308974858856211,0.384,0.197,0,"8","MTIF3"
0,0.372654796047138,0.329,0.143,0,"8","BCL2L11"
0,0.523606264425763,0.336,0.15,0,"8","ERGIC1"
0,0.270783949733476,0.369,0.183,0,"8","EIF4G3"
0,0.434291880376698,0.389,0.203,0,"8","EPM2AIP1"
0,0.867329809681764,0.286,0.1,0,"8","IRAK1"
0,0.417292897781278,0.335,0.15,0,"8","TMEM179B"
0,0.549163498247717,0.333,0.148,0,"8","SEL1L"
0,0.451215495813398,0.374,0.189,0,"8","EIF3B"
0,0.280911467764148,0.378,0.193,0,"8","COPB1"
0,0.83828801712729,0.29,0.105,0,"8","SLC35E1"
0,0.619413226285426,0.344,0.159,0,"8","ARMCX3"
0,0.404892131027635,0.351,0.166,0,"8","USP12"
0,0.92859922766271,0.277,0.093,0,"8","IFIH1"
0,0.896561153398467,0.276,0.092,0,"8","YIPF3"
0,0.520853785201322,0.32,0.136,0,"8","PARL"
0,1.07773258598606,0.265,0.081,0,"8","POR"
0,0.74380839643899,0.317,0.133,0,"8","WASHC2C"
0,0.436267487650107,0.355,0.171,0,"8","SNX17"
0,0.346274191997377,0.377,0.194,0,"8","AUP1"
0,1.27563050883801,0.258,0.075,0,"8","SPIDR"
0,0.692709246529951,0.296,0.113,0,"8","VPS13B"
0,0.366083618492947,0.407,0.224,0,"8","EMC10"
0,0.829304338151747,0.269,0.087,0,"8","GUSB"
0,0.473979855976332,0.325,0.143,0,"8","PTPRJ"
0,1.29072992701142,0.26,0.078,0,"8","MTX1"
0,0.566431553265033,0.314,0.132,0,"8","FOXN2"
0,0.724613273344767,0.302,0.12,0,"8","PBX2"
0,0.319257631474987,0.421,0.239,0,"8","TRABD"
0,0.278849675982986,0.388,0.207,0,"8","MRPS15"
0,0.362774482934211,0.331,0.15,0,"8","UBE2E3"
0,0.447391632723716,0.335,0.154,0,"8","GAPVD1"
0,1.12591450472257,0.253,0.072,0,"8","SLC30A1"
0,1.01131935877451,0.26,0.079,0,"8","KLF11"
0,1.08380812753247,0.255,0.074,0,"8","SPNS1"
0,1.02651348198311,0.268,0.088,0,"8","COP1"
0,0.746621588540649,0.302,0.122,0,"8","HPCAL1"
0,0.900327420808922,0.294,0.114,0,"8","KLF7"
0,0.347063025227048,0.362,0.182,0,"8","RAB5A"
0,1.05680593940379,0.261,0.081,0,"8","TPMT"
0,0.445065371248703,0.352,0.172,0,"8","SIK3"
0,0.380821464813103,0.358,0.178,0,"8","ITPR2"
0,0.517999761808483,0.311,0.132,0,"8","PSMD1"
0,0.250613014358962,0.378,0.199,0,"8","KDELR2"
0,1.12258649687891,0.258,0.079,0,"8","ZNF524"
0,0.851870311904418,0.284,0.105,0,"8","PFKL"
0,0.404177372231389,0.342,0.164,0,"8","GOLPH3"
0,0.650912781928055,0.295,0.117,0,"8","ZYG11B"
0,0.698216698610828,0.294,0.116,0,"8","CLASP2"
0,0.74741199974828,0.286,0.108,0,"8","SPTLC1"
0,0.710590341742396,0.296,0.118,0,"8","SPINT2"
0,1.1215247645903,0.25,0.072,0,"8","MTMR3"
0,0.376635613148124,0.333,0.156,0,"8","RPS6KA1"
0,0.551036264168344,0.333,0.156,0,"8","NUS1"
0,0.772110018364189,0.288,0.111,0,"8","AGO1"
0,0.507694708589607,0.299,0.122,0,"8","CERS2"
0,0.359971880319981,0.372,0.195,0,"8","ZFR"
0,0.419093026910182,0.316,0.139,0,"8","GLYR1"
0,0.250353857873902,0.38,0.203,0,"8","RNF114"
0,0.667186092918538,0.279,0.103,0,"8","DUSP23"
0,0.492098875755079,0.327,0.151,0,"8","TIMM17A"
0,1.18251840788868,0.268,0.092,0,"8","ELL2"
0,0.797268094061625,0.275,0.099,0,"8","CBWD1"
0,0.423878049908989,0.328,0.152,0,"8","CORO1B"
0,0.933666528771119,0.273,0.097,0,"8","NUP62"
0,1.03755559930777,0.264,0.088,0,"8","BCL2L13"
0,0.647393891691607,0.306,0.13,0,"8","ETV3"
0,0.331073742783062,0.355,0.179,0,"8","NDUFS4"
0,0.918527846871093,0.255,0.079,0,"8","RUFY1"
0,0.403160524636299,0.357,0.181,0,"8","SDF2"
0,0.336805807991516,0.359,0.183,0,"8","EIF6"
0,0.709851742362126,0.286,0.11,0,"8","ITGB2-AS1"
0,0.252385832961568,0.347,0.171,0,"8","GRSF1"
0,0.293793465497744,0.384,0.209,0,"8","TARDBP"
0,0.421672433646415,0.387,0.212,0,"8","GBP2"
0,0.869902992721207,0.264,0.089,0,"8","PPFIA1"
0,1.06976567735693,0.273,0.098,0,"8","ING1"
0,0.402720947089366,0.332,0.157,0,"8","PSMD12"
0,0.540214350952046,0.327,0.153,0,"8","ATF6"
0,0.649177236280377,0.335,0.161,0,"8","TWISTNB"
0,0.917737484338434,0.265,0.091,0,"8","EHD4"
0,0.624335687869419,0.291,0.117,0,"8","EXOC1"
0,0.878564334851777,0.262,0.089,0,"8","ARHGEF2"
0,0.297877302975272,0.384,0.211,0,"8","PNKD"
0,0.697672116102186,0.32,0.147,0,"8","TFG"
0,0.35062085623469,0.288,0.115,0,"8","CCDC50"
0,0.641336264754949,0.302,0.129,0,"8","ZFAND3"
0,0.251808009807874,0.363,0.19,0,"8","PSMC1"
0,0.356076891564189,0.939,0.766,0,"8","FYB1"
0,0.792406771367481,0.277,0.105,0,"8","ZNF330"
0,0.316629281061025,0.339,0.167,0,"8","TMEM147"
0,1.35534393749253,0.97,0.798,0,"8","HNRNPU"
0,0.728592643174309,0.266,0.095,0,"8","PCYT1A"
0,0.554109180177076,0.32,0.149,0,"8","DMXL1"
0,0.919194392695391,0.257,0.086,0,"8","HGSNAT"
0,0.518586691609582,0.303,0.132,0,"8","SCNM1"
0,0.321249382082628,0.348,0.177,0,"8","TSNAX"
0,1.03541550776847,0.251,0.08,0,"8","AGPS"
0,0.340456194764109,0.373,0.202,0,"8","RNF139"
0,0.460583680609855,0.292,0.121,0,"8","SETD3"
0,0.688864917347928,0.264,0.094,0,"8","TBK1"
0,0.823426255910379,0.253,0.083,0,"8","ELOVL1"
0,0.447149604191827,0.31,0.14,0,"8","RNF11"
0,0.306756628460859,0.351,0.181,0,"8","CHCHD5"
0,2.08166236448025,1,0.831,0,"8","FOS"
0,0.351529147848217,0.322,0.153,0,"8","TBC1D5"
0,0.322719598097937,0.373,0.204,0,"8","CBL"
0,0.263859519099499,0.331,0.162,0,"8","PPP2R1A"
0,0.567246683917643,0.294,0.125,0,"8","ZMYM4"
0,0.348514645962945,0.354,0.185,0,"8","NDUFS2"
0,0.690074204112049,0.29,0.121,0,"8","CPSF7"
0,0.769208080731096,0.283,0.114,0,"8","ZNF267"
0,0.380390436933451,0.294,0.125,0,"8","SNAP29"
0,0.670660930574535,0.268,0.1,0,"8","RPL26L1"
0,0.552426503758304,0.303,0.135,0,"8","PIKFYVE"
0,0.47121479110748,0.346,0.178,0,"8","GNL1"
0,0.871294706018149,0.29,0.122,0,"8","NDRG1"
0,0.257097071156201,0.351,0.183,0,"8","PARP4"
0,0.505928031078487,0.291,0.123,0,"8","PIGBOS1"
0,0.794589232753232,0.273,0.106,0,"8","HGS"
0,0.719780440826791,0.272,0.105,0,"8","NSFL1C"
0,0.289872040906581,0.322,0.155,0,"8","UBA1"
0,1.07197644215091,0.253,0.086,0,"8","RFX1"
0,1.00868957612711,0.251,0.084,0,"8","HSPBAP1"
0,0.467346989181828,0.352,0.185,0,"8","SPAG7"
0,0.970970286219449,0.25,0.083,0,"8","GGA3"
0,0.288473962094297,0.911,0.745,0,"8","YWHAB"
0,0.493782176509237,0.314,0.148,0,"8","RCOR3"
0,0.464655882310189,0.283,0.117,0,"8","AL390728.6"
0,0.494131903536719,0.286,0.12,0,"8","SPPL3"
0,0.408966395574474,0.343,0.178,0,"8","NAA50"
0,0.316064896545289,0.34,0.175,0,"8","MRPL14"
0,0.348546915303835,0.31,0.145,0,"8","COMMD3"
0,0.749940149561981,0.295,0.13,0,"8","AC087239.1"
0,0.530310121755106,0.287,0.122,0,"8","MLX"
0,0.59863174745128,0.272,0.108,0,"8","UBR3"
0,0.451616998612911,0.291,0.128,0,"8","OSTM1"
0,0.427708811829353,0.298,0.135,0,"8","OXR1"
0,0.421025362065002,0.313,0.151,0,"8","ZSCAN16-AS1"
0,0.294971719659197,0.316,0.154,0,"8","MLEC"
0,0.778270039532724,0.251,0.089,0,"8","MAN2C1"
0,0.320166311099739,0.302,0.14,0,"8","PDZD8"
0,0.302821497335992,0.357,0.195,0,"8","PAN3"
0,0.255353593961541,0.328,0.167,0,"8","TOR1AIP1"
0,0.456291333039822,0.31,0.149,0,"8","MARK2"
0,0.740615525633777,0.253,0.092,0,"8","KIAA0100"
0,0.524325857886397,0.284,0.123,0,"8","NAPG"
0,1.25115537606241,0.984,0.824,0,"8","CCNL1"
0,0.320779441960301,0.321,0.161,0,"8","GATAD1"
0,0.419020570822416,0.307,0.147,0,"8","HMBOX1"
0,0.686608075854788,0.253,0.093,0,"8","JKAMP"
0,0.390403759875704,0.292,0.132,0,"8","CUL4A"
0,0.351378810256975,0.31,0.151,0,"8","GIGYF2"
0,0.332430204352247,0.32,0.161,0,"8","ARFGAP3"
0,0.394271942916739,0.283,0.124,0,"8","CPT1A"
0,0.71961821551684,0.261,0.103,0,"8","LCORL"
0,0.49749211478212,0.276,0.118,0,"8","PPP1R11"
0,0.561972605086717,0.279,0.121,0,"8","CS"
0,0.767605540665647,0.261,0.103,0,"8","FBRSL1"
0,0.273031795729828,0.318,0.16,0,"8","NUDT1"
0,0.250668787615317,0.309,0.151,0,"8","HSD17B10"
0,0.738906133810543,0.253,0.095,0,"8","ANKFY1"
0,0.293685699996987,0.302,0.144,0,"8","PSENEN"
0,0.612197094463983,0.262,0.105,0,"8","LRMP"
0,0.296478436395853,0.335,0.178,0,"8","RFLNB"
0,0.390547467831384,0.335,0.178,0,"8","CYBC1"
0,0.285087183661562,0.311,0.154,0,"8","GRPEL1"
0,0.666738344589955,0.251,0.094,0,"8","GPR108"
0,0.399792626808746,0.288,0.131,0,"8","GINM1"
0,0.440322109241873,0.944,0.787,0,"8","TPM3"
0,0.53761143631586,0.264,0.108,0,"8","CEBPG"
0,0.448520892099085,0.303,0.147,0,"8","ANAPC15"
0,0.441073890094379,0.261,0.106,0,"8","MR1"
0,0.685717351193579,0.264,0.109,0,"8","SYMPK"
0,0.567812119847092,0.255,0.1,0,"8","SDE2"
0,0.573057414942819,0.253,0.098,0,"8","SEC13"
0,0.353917742546616,0.298,0.143,0,"8","IBTK"
0,0.422867264136465,0.261,0.107,0,"8","B4GALT5"
0,0.328704300302596,0.302,0.148,0,"8","NEK7"
0,0.337081887754912,0.305,0.151,0,"8","CCDC6"
0,0.276423783249534,0.316,0.162,0,"8","ELK3"
0,0.308481501411043,0.325,0.171,0,"8","SPOP"
0,0.56626523591886,0.273,0.12,0,"8","BRWD3"
0,0.276601194923391,0.327,0.174,0,"8","MFSD14C"
0,0.458173318815326,0.265,0.112,0,"8","PTS"
0,0.686964846582727,0.264,0.111,0,"8","CDK5RAP3"
0,0.43096177066641,0.306,0.153,0,"8","FLOT1"
0,0.366792607669152,0.314,0.161,0,"8","USP22"
0,0.250975938990135,0.327,0.175,0,"8","CTDSP2"
0,0.531937146448196,0.269,0.117,0,"8","BLCAP"
0,0.40169125927108,0.314,0.162,0,"8","APC"
0,0.748699083563066,0.253,0.101,0,"8","SIPA1L1"
0,0.306405461811777,0.314,0.162,0,"8","WBP2"
0,0.375558320138391,0.283,0.131,0,"8","TIMM10"
0,0.378223265128615,0.306,0.155,0,"8","NBR1"
0,0.250737157796031,0.291,0.14,0,"8","PPP6C"
0,0.352121806160245,0.28,0.13,0,"8","OPA1"
0,0.436585131562383,0.275,0.125,0,"8","SNX14"
0,0.439300696915972,0.268,0.118,0,"8","BRD3"
0,0.276175645973532,0.314,0.164,0,"8","CXorf38"
0,0.329048864721884,0.316,0.166,0,"8","TMEM71"
0,0.279538677114469,0.303,0.153,0,"8","FBRS"
0,0.481541054501598,0.264,0.115,0,"8","CUL1"
0,0.413190356117858,0.265,0.116,0,"8","ETHE1"
0,0.358573281373471,0.284,0.135,0,"8","USO1"
0,0.514432612708944,0.26,0.112,0,"8","RAB3GAP1"
0,0.466690816232388,0.265,0.117,0,"8","SCAF4"
0,0.365962127498891,0.286,0.138,0,"8","CHFR"
0,0.617385015913826,0.25,0.103,0,"8","WASHC1"
0,0.497827481174121,0.257,0.11,0,"8","ABHD13"
0,0.327554338110754,0.272,0.125,0,"8","PRR14L"
0,0.267159788782294,0.296,0.149,0,"8","ZFP91"
0,0.273240916623039,0.301,0.154,0,"8","KPNA3"
0,0.337319465825103,0.286,0.139,0,"8","SEC61A1"
0,0.263294765848463,0.277,0.131,0,"8","HSPA4"
0,0.308442217510837,0.303,0.157,0,"8","PFDN6"
0,0.456407989403996,0.261,0.116,0,"8","TARS"
0,0.522685132348009,0.257,0.112,0,"8","SMIM15"
0,0.573748033768674,0.276,0.131,0,"8","RBM14"
0,0.656665814637377,0.253,0.108,0,"8","IFNAR2"
0,0.497997611250326,0.287,0.142,0,"8","RYBP"
0,0.261896481470166,0.302,0.157,0,"8","MLLT10"
0,0.252964002279449,0.277,0.134,0,"8","HTT"
0,0.417486869600254,0.254,0.111,0,"8","PTDSS1"
0,0.340064390115497,0.949,0.806,0,"8","DDX3X"
0,0.397370649914282,0.951,0.808,0,"8","ATP5MC2"
0,0.29444269337049,0.281,0.139,0,"8","ZNRF2"
0,0.841634228856725,0.956,0.814,0,"8","ARPC3"
0,0.304535979511042,0.27,0.128,0,"8","AP3D1"
0,0.30850611685523,0.286,0.145,0,"8","DTX3L"
0,0.260036893876493,0.295,0.154,0,"8","NDUFS3"
0,0.445074664571772,0.276,0.137,0,"8","OSBPL9"
0,0.263750410483062,0.275,0.136,0,"8","UBP1"
0,0.509341023121984,0.254,0.115,0,"8","SMIM4"
0,0.274206793263787,0.269,0.13,0,"8","VPS53"
0,1.2196689321968,0.966,0.828,0,"8","S100A4"
0,0.354644598552004,0.26,0.122,0,"8","TFDP1"
0,0.280086307417439,0.272,0.136,0,"8","PANK3"
0,0.343970375471259,0.262,0.126,0,"8","ZNFX1"
0,0.347446736854062,0.258,0.124,0,"8","MIB1"
0,0.309464361349479,0.921,0.787,0,"8","GMFG"
0,0.288834705243442,0.266,0.133,0,"8","ASNA1"
0,0.339405148540237,0.25,0.118,0,"8","SF3B4"
0,0.25643208517912,0.269,0.137,0,"8","KCTD20"
0,0.401609772053723,0.264,0.132,0,"8","A1BG"
0,0.374746956791007,0.255,0.124,0,"8","CLIP4"
0,0.272059767595066,0.25,0.122,0,"8","UIMC1"
0,0.408684985142818,0.253,0.125,0,"8","RFXANK"
0,0.807738443755538,0.969,0.841,0,"8","MT-ND4L"
0,0.253020767024327,0.255,0.128,0,"8","NSL1"
0,0.302530389069714,0.25,0.123,0,"8","GTF2F2"
0,0.341326009917973,0.253,0.126,0,"8","COPS3"
0,0.76896236134757,0.993,0.886,0,"8","CYBA"
0,1.26582605877548,0.98,0.876,0,"8","OAZ1"
0,0.47439610422649,0.975,0.872,0,"8","MYL6"
0,0.461001598476662,0.975,0.872,0,"8","ITM2B"
0,2.98531765585631,0.997,0.897,0,"8","NEAT1"
0,2.35953003447397,0.984,0.886,0,"8","S100A6"
0,0.353531263932797,0.919,0.822,0,"8","YBX1"
0,0.729963698991476,0.98,0.897,0,"8","SH3BGRL3"
0,0.56494066825246,0.988,0.917,0,"8","PABPC1"
0,0.311119858774203,0.978,0.927,0,"8","HNRNPA2B1"
0,2.25699163588808,0.996,0.954,0,"8","FTH1"
0,0.570904526369322,0.989,0.95,0,"8","SERF2"
0,1.06708170097726,0.981,0.954,0,"8","H3F3A"
0,2.38525520837992,0.99,0.971,0,"8","FTL"
0,0.338573457825615,0.997,0.982,0,"8","H3F3B"
0,0.420566008515955,0.981,0.966,0,"8","ATP5F1E"
0,0.876302184023973,0.992,0.979,0,"8","ACTB"
0,0.737540543836246,0.996,0.999,0,"8","MT-ND1"
0,0.416064555318199,0.996,0.999,0,"8","MT-ND3"
0,0.319953781462719,0.995,0.997,0,"8","TMSB10"
0,0.469085365951555,0.997,0.999,0,"8","MT-ND4"
0,0.382464335332731,1,0.999,0,"8","MT-CO3"
0,0.693994848257211,0.999,0.999,0,"8","MT-ND2"
0,0.788072588078586,0.999,0.999,0,"8","MT-CO1"
2.22044604925031e-16,0.543563263258848,0.564,0.362,4.44355663375973e-12,"8","ARRDC3"
2.22044604925031e-16,0.287307767744881,0.273,0.141,4.44355663375973e-12,"8","DPM1"
2.22044604925031e-16,0.269397503669067,0.258,0.132,4.44355663375973e-12,"8","AKAP8"
2.22044604925031e-16,0.417441063642768,0.251,0.13,4.44355663375973e-12,"8","POU2F1"
4.44089209850063e-16,0.271585339021937,0.473,0.27,8.88711326751945e-12,"8","LRPAP1"
4.44089209850063e-16,0.301997702049446,0.376,0.21,8.88711326751945e-12,"8","CREB1"
4.44089209850063e-16,0.275885851542285,0.307,0.163,8.88711326751945e-12,"8","DNM2"
4.44089209850063e-16,0.316853468554056,0.303,0.162,8.88711326751945e-12,"8","PRRC2A"
6.66133814775094e-16,0.262795892338742,0.635,0.389,1.33306699012792e-11,"8","ZNF706"
6.66133814775094e-16,0.252686027843544,0.294,0.156,1.33306699012792e-11,"8","CTNNBL1"
8.88178419700125e-16,0.295927432356129,0.572,0.351,1.77742265350389e-11,"8","TMPO"
8.88178419700125e-16,0.276587854947333,0.307,0.167,1.77742265350389e-11,"8","KDM6A"
1.11022302462516e-15,0.256944722688985,0.299,0.16,2.22177831687986e-11,"8","ANKRD13A"
1.33226762955019e-15,0.292223952406839,0.81,0.596,2.66613398025584e-11,"8","COX8A"
1.77635683940025e-15,0.294025213190073,0.309,0.169,3.55484530700778e-11,"8","USP10"
2.22044604925031e-15,0.273547900428926,0.612,0.38,4.44355663375973e-11,"8","PPP4R3A"
2.44249065417534e-15,0.365578864053343,0.261,0.139,4.8879122971357e-11,"8","SLBP"
2.66453525910038e-15,0.333743729396916,0.264,0.14,5.33226796051167e-11,"8","DCAF11"
3.33066907387547e-15,0.257062163432746,0.292,0.157,6.66533495063959e-11,"8","NELFE"
3.99680288865056e-15,0.27146349020765,0.301,0.163,7.99840194076751e-11,"8","IKBKB"
3.99680288865056e-15,0.751586748364206,0.37,0.233,7.99840194076751e-11,"8","RGCC"
4.21884749357559e-15,0.281265522862092,0.322,0.179,8.44275760414348e-11,"8","FAM126B"
4.66293670342566e-15,0.298061147861735,0.822,0.578,9.33146893089543e-11,"8","ATP5F1D"
8.21565038222616e-15,0.2646327964577,0.888,0.672,1.6441159544911e-10,"8","BCLAF1"
1.4210854715202e-14,0.319609827927099,0.755,0.541,2.84387624560622e-10,"8","HMGB2"
1.4210854715202e-14,0.291723058052527,0.358,0.208,2.84387624560622e-10,"8","TIPARP"
1.86517468137026e-14,0.326439134541828,0.795,0.538,3.73258757235817e-10,"8","YME1L1"
2.19824158875781e-14,0.267057868777701,0.264,0.141,4.39912106742213e-10,"8","PSMF1"
2.95319324550292e-14,0.289593476668303,0.69,0.456,5.90993032290044e-10,"8","C6orf62"
6.19504447740837e-14,0.268061029088127,0.754,0.5,1.23975230081896e-09,"8","MINOS1"
1.84963155902551e-13,0.309814406596296,0.716,0.496,3.70148267592185e-09,"8","ATP5MC3"
2.27373675443232e-13,0.282878976266184,0.266,0.148,4.55020199296996e-09,"8","SLC30A7"
2.68451927354363e-13,0.250395232853013,0.54,0.332,5.37225997021551e-09,"8","VDAC2"
5.10036457512797e-13,0.291298642191727,0.298,0.168,1.02068495877461e-08,"8","NDE1"
1.29674049276218e-12,0.250817080343369,0.327,0.19,2.59503707411568e-08,"8","CBX4"
1.13045128813383e-11,0.254708447402357,0.635,0.416,2.26225911781341e-07,"8","SLC38A2"
2.09019468400129e-11,0.280603011411772,0.277,0.159,4.18289760162338e-07,"8","R3HDM4"
2.09059436429015e-11,0.265718431432443,0.911,0.753,4.18369744181746e-07,"8","TRA2B"
3.41418004978777e-11,0.50438026272485,0.492,0.336,6.83245711563529e-07,"8","INTS6"
3.7079228576431e-11,0.33378362528329,0.328,0.2,7.42029522271537e-07,"8","AL118516.1"
2.57977572637458e-09,0.275108162059363,0.687,0.535,5.16264718362081e-05,"8","LY6E"
0.00019867326459555,0.342110893287569,0.311,0.227,1,"8","AL121944.1"
0,0.383877929509287,0.9,0.498,0,"9","GZMA"
0,0.643896962280777,0.791,0.447,0,"9","TCF7"
0,1.08540255834985,0.654,0.31,0,"9","NUCB2"
0,0.593903150873296,0.854,0.516,0,"9","TRAC"
0,0.603702288033911,0.928,0.597,0,"9","LDHB"
0,0.572912321399097,0.68,0.352,0,"9","LYAR"
0,0.392676717413569,0.691,0.366,0,"9","GLG1"
0,0.348320956332503,0.684,0.362,0,"9","RCAN3"
0,0.423972190573996,0.617,0.297,0,"9","LEF1"
0,0.499883540562179,0.725,0.405,0,"9","RGS10"
0,0.400153391432375,0.778,0.459,0,"9","SLFN5"
0,0.647444865807787,0.736,0.417,0,"9","CNN2"
0,0.543260177200499,0.752,0.435,0,"9","LCK"
0,0.548491705290114,0.739,0.423,0,"9","NDUFA12"
0,0.444234208714273,0.662,0.35,0,"9","SLC9A3R1"
0,0.721809672771901,0.702,0.391,0,"9","NOSIP"
0,0.700115873720048,0.806,0.496,0,"9","H2AFV"
0,0.687770874662081,0.669,0.361,0,"9","MCUB"
0,0.463523371123673,0.712,0.404,0,"9","SNRPE"
0,0.689074238584885,0.852,0.545,0,"9","SEPT6"
0,0.430020471356929,0.658,0.352,0,"9","CD96"
0,0.393995990930316,0.597,0.291,0,"9","CAMK4"
0,0.479585387859439,0.808,0.504,0,"9","CAPZB"
0,0.547231430014869,0.651,0.35,0,"9","UQCRFS1"
0,0.355263056891841,0.797,0.5,0,"9","BCL11B"
0,0.412895491008059,0.8,0.504,0,"9","TPR"
0,0.485618224325375,0.725,0.429,0,"9","CALM3"
0,0.523924515236015,0.695,0.399,0,"9","SNRPD1"
0,0.623881988212299,0.758,0.463,0,"9","PSMB8"
0,0.475100056088017,0.791,0.497,0,"9","EIF3A"
0,0.413582543873793,0.638,0.345,0,"9","LAT"
0,0.420756047655715,0.715,0.422,0,"9","TRAPPC1"
0,0.363127310301287,0.619,0.327,0,"9","HIPK1"
0,0.568923614712718,0.784,0.493,0,"9","GYPC"
0,0.591815323734641,0.73,0.439,0,"9","SLC25A5"
0,0.480367460701064,0.702,0.415,0,"9","SEM1"
0,0.391336449875023,0.712,0.425,0,"9","PPP1CA"
0,0.393052715759012,0.641,0.355,0,"9","PPP1CC"
0,0.469320670968336,0.638,0.353,0,"9","ATP5F1B"
0,0.507002548736769,0.782,0.498,0,"9","ATP5MC3"
0,0.456540317793738,0.614,0.33,0,"9","RNASEH2B"
0,0.387215830673992,0.723,0.439,0,"9","DNAJB1"
0,0.415396871333007,0.599,0.315,0,"9","XRCC6"
0,1.24562322824374,0.466,0.183,0,"9","SMC4"
0,0.740048457234489,0.649,0.366,0,"9","GIMAP4"
0,0.590657494760243,0.902,0.619,0,"9","ANP32B"
0,0.533976778405313,0.791,0.508,0,"9","RAN"
0,0.502718693036108,0.595,0.312,0,"9","PSMB6"
0,0.39014014675852,0.525,0.244,0,"9","ANKRD36C"
0,1.03563770742012,0.638,0.358,0,"9","HIST1H4C"
0,0.447672696081888,0.625,0.345,0,"9","NOP10"
0,0.418769777470633,0.564,0.285,0,"9","CCAR1"
0,0.570237376909754,0.675,0.398,0,"9","ATP5F1C"
0,0.437134300104324,0.606,0.329,0,"9","ATP5PB"
0,0.355093611022853,0.586,0.309,0,"9","POLR2A"
0,0.379355505820035,0.525,0.249,0,"9","CYTOR"
0,0.710699282956094,0.708,0.432,0,"9","MT2A"
0,1.03617306539125,0.819,0.543,0,"9","HMGB2"
0,0.540311748897337,0.516,0.241,0,"9","SERINC5"
0,0.513084350723295,0.508,0.233,0,"9","SFXN1"
0,0.415782583249784,0.61,0.335,0,"9","PAG1"
0,0.331791860108629,0.608,0.334,0,"9","REST"
0,1.10662695937453,0.444,0.172,0,"9","PHACTR2"
0,0.881215742512601,0.481,0.209,0,"9","SH2D1A"
0,1.09301388928869,0.51,0.238,0,"9","CD27"
0,0.341855336490708,0.569,0.297,0,"9","CLINT1"
0,0.5496057948511,0.521,0.25,0,"9","DNMT1"
0,0.521066898564356,0.573,0.302,0,"9","FCMR"
0,0.604994180724578,0.593,0.322,0,"9","RHOH"
0,0.671801331474045,0.617,0.347,0,"9","PSMA4"
0,0.351915658640146,0.571,0.301,0,"9","GOLGB1"
0,0.596274293960117,0.588,0.318,0,"9","NDUFV2"
0,0.718872468242388,0.532,0.263,0,"9","SPTBN1"
0,0.624280352754464,0.501,0.232,0,"9","CDC25B"
0,0.634297180690814,0.501,0.233,0,"9","MDH1"
0,0.456875966139511,0.636,0.368,0,"9","ITM2A"
0,0.450197946238141,0.542,0.276,0,"9","CBLB"
0,0.457428276651796,0.512,0.246,0,"9","DGKA"
0,0.584943782163738,0.588,0.322,0,"9","PSMA5"
0,0.406620153810076,0.599,0.333,0,"9","PSMD8"
0,0.458510917237982,0.56,0.295,0,"9","PPA1"
0,0.580942966351701,0.621,0.356,0,"9","NASP"
0,0.307333851533289,0.564,0.299,0,"9","MXD4"
0,0.433925280814021,0.575,0.31,0,"9","GIMAP1"
0,1.02242378320813,0.521,0.257,0,"9","CLDND1"
0,0.95759083441817,0.643,0.381,0,"9","ISG15"
0,0.504367361294455,0.492,0.23,0,"9","PARP1"
0,0.412428036442241,0.529,0.267,0,"9","WDR1"
0,0.405637973877036,0.593,0.331,0,"9","NOP58"
0,0.307448439767552,0.573,0.311,0,"9","MT1X"
0,0.529069877110804,0.547,0.286,0,"9","PPM1G"
0,0.302182092161425,0.551,0.29,0,"9","OPTN"
0,0.390159859525628,0.913,0.652,0,"9","CD3D"
0,0.690119603264024,0.512,0.251,0,"9","ETFB"
0,0.324894770086059,0.569,0.308,0,"9","H2AFY"
0,0.521732308849305,0.564,0.304,0,"9","PTGER4"
0,0.414578467491715,0.564,0.304,0,"9","SUZ12"
0,0.619318840189605,0.521,0.263,0,"9","STAT1"
0,0.367685101238687,0.473,0.215,0,"9","TMEM181"
0,0.501909521962213,0.516,0.258,0,"9","SUPT16H"
0,0.382418787321554,0.529,0.271,0,"9","PSMD7"
0,0.404090999251736,0.473,0.216,0,"9","TNIK"
0,0.431655997636131,0.514,0.257,0,"9","CTCF"
0,0.395682062113371,0.516,0.26,0,"9","ABCF1"
0,0.378677703532734,0.922,0.666,0,"9","RAC2"
0,0.308928381464599,0.484,0.229,0,"9","TERF1"
0,0.599201497178109,0.512,0.257,0,"9","CLTA"
0,0.707480729209778,0.453,0.198,0,"9","TESPA1"
0,0.398742115934941,0.542,0.288,0,"9","SRP72"
0,0.455005969783943,0.534,0.282,0,"9","PSMB4"
0,0.403813895748007,0.54,0.288,0,"9","BUB3"
0,0.718264474423671,0.49,0.238,0,"9","HSPB11"
0,0.321006979333376,0.534,0.283,0,"9","CNTRL"
0,0.307613305022643,0.499,0.248,0,"9","KLF12"
0,0.493374710833272,0.481,0.23,0,"9","UQCRC2"
0,0.415067165548239,0.497,0.247,0,"9","TAP1"
0,0.309967370922102,0.534,0.285,0,"9","SNRNP200"
0,0.418548916854122,0.549,0.3,0,"9","SMC3"
0,0.335859401930235,0.503,0.255,0,"9","RAB27A"
0,0.578402459475582,0.521,0.273,0,"9","ANXA2"
0,0.401819019939028,0.481,0.233,0,"9","ECH1"
0,0.533329007566682,0.529,0.282,0,"9","CCT8"
0,0.386403272454797,0.527,0.28,0,"9","PHF11"
0,0.416214154357195,0.462,0.216,0,"9","CEP57"
0,1.12436193911268,0.383,0.138,0,"9","BICDL1"
0,0.324061067851543,0.479,0.234,0,"9","NCOA1"
0,0.305429186902076,0.538,0.294,0,"9","SLC4A7"
0,0.846380890963891,0.46,0.217,0,"9","S1PR4"
0,0.455704114581486,0.505,0.262,0,"9","VDAC1"
0,0.360718770237745,0.486,0.243,0,"9","SNF8"
0,1.13203602501294,0.529,0.287,0,"9","DUT"
0,0.501192853703702,0.451,0.209,0,"9","RAD23B"
0,0.445177020003945,0.481,0.239,0,"9","GPRIN3"
0,0.53992412867099,0.475,0.233,0,"9","MRPS6"
0,0.50612271831517,0.464,0.223,0,"9","RECQL"
0,0.374511230591971,0.516,0.275,0,"9","MDH2"
0,0.426338087651982,0.924,0.683,0,"9","HSPA8"
0,0.37129200575591,0.444,0.204,0,"9","STAT5B"
0,0.367921780562665,0.466,0.226,0,"9","MAPRE2"
0,0.45342298675488,0.462,0.223,0,"9","TAB2"
0,0.304055358477886,0.501,0.262,0,"9","FAM120A"
0,0.663689697888053,0.407,0.168,0,"9","TIPRL"
0,0.352466360188008,0.464,0.226,0,"9","USP9X"
0,0.359683477454857,0.499,0.261,0,"9","MSI2"
0,0.49152252503442,0.503,0.265,0,"9","LSM4"
0,0.42699857385041,0.407,0.17,0,"9","DEF6"
0,0.922863320318092,0.492,0.256,0,"9","PMAIP1"
0,0.592147429913766,0.453,0.218,0,"9","USP1"
0,0.530034878865507,0.495,0.26,0,"9","JPT1"
0,0.596899289905013,0.573,0.338,0,"9","COTL1"
0,0.4257850312206,0.44,0.206,0,"9","SFI1"
0,0.483060703417995,0.436,0.202,0,"9","NUDCD2"
0,0.309371473336562,0.481,0.247,0,"9","ATXN1"
0,0.366352820515436,0.462,0.229,0,"9","RAB11A"
0,0.338112475848248,0.464,0.232,0,"9","CCT2"
0,0.579736600407093,0.449,0.217,0,"9","HSPH1"
0,0.963506727426471,0.355,0.123,0,"9","CD28"
0,0.817716125412345,0.397,0.166,0,"9","TXNDC17"
0,0.517536341541137,0.412,0.181,0,"9","LPXN"
0,0.510673035741986,0.473,0.242,0,"9","TXNL1"
0,0.737158797135354,0.405,0.175,0,"9","DENND2D"
0,0.494599513242329,0.466,0.236,0,"9","GPR183"
0,0.515149258192575,0.431,0.201,0,"9","PITPNC1"
0,0.348596726749936,0.444,0.215,0,"9","MRPS18C"
0,0.319992199240598,0.414,0.185,0,"9","POM121"
0,0.296037968808262,0.444,0.216,0,"9","LRRC58"
0,0.451306385138193,0.429,0.201,0,"9","TRAT1"
0,0.35961963409098,0.407,0.179,0,"9","DNAJC1"
0,0.445200795857383,0.44,0.213,0,"9","THEMIS"
0,2.48274883858011,0.359,0.132,0,"9","STMN1"
0,0.404844334916023,0.471,0.244,0,"9","NDUFB5"
0,0.406178678417568,0.429,0.203,0,"9","SLAMF6"
0,0.40700537129316,0.434,0.209,0,"9","RPA2"
0,0.559809759453305,0.425,0.2,0,"9","MMADHC"
0,0.293442183854862,0.442,0.218,0,"9","ADSS"
0,0.51753501426172,0.444,0.22,0,"9","FAM102A"
0,0.348620090587492,0.444,0.22,0,"9","CHD8"
0,0.493760738058784,0.39,0.167,0,"9","KHSRP"
0,0.444718359609014,0.39,0.168,0,"9","REXO2"
0,0.263074350630246,0.438,0.218,0,"9","BUD23"
0,0.630129284725015,0.399,0.18,0,"9","STK26"
0,0.387119965621567,0.449,0.23,0,"9","HDAC1"
0,0.45043158079608,0.427,0.209,0,"9","MRPS15"
0,0.608252951829253,0.425,0.208,0,"9","CD84"
0,0.857402559631952,0.388,0.172,0,"9","CARHSP1"
0,0.560856601693654,0.368,0.152,0,"9","HIVEP2"
0,0.44482648740056,0.447,0.231,0,"9","SMC1A"
0,0.448095722845796,0.431,0.215,0,"9","VCP"
0,0.55307652748288,0.431,0.216,0,"9","LAMTOR2"
0,0.309252109234391,0.41,0.195,0,"9","SLC35A3"
0,2.14216134397819,0.316,0.102,0,"9","GZMK"
0,0.47795004238544,0.444,0.23,0,"9","PSMB2"
0,0.538970892790633,0.373,0.159,0,"9","NUDT5"
0,0.364991731352124,0.414,0.2,0,"9","EPRS"
0,0.412254113080781,0.434,0.221,0,"9","PSMB10"
0,0.254477021671109,0.412,0.199,0,"9","WIPI2"
0,0.425078341338946,0.956,0.743,0,"9","IL32"
0,0.336864866842071,0.405,0.193,0,"9","DERL1"
0,0.323328870779253,0.412,0.2,0,"9","ELOVL5"
0,0.686735501731736,0.368,0.157,0,"9","PSMD2"
0,1.18139973783925,0.444,0.233,0,"9","TUBB"
0,0.737424471777166,0.442,0.231,0,"9","SESN3"
0,0.405408993104355,0.407,0.196,0,"9","FDPS"
0,0.275090659460076,0.399,0.19,0,"9","IAH1"
0,0.339950443306777,0.403,0.194,0,"9","MPC1"
0,0.356757609178467,0.42,0.211,0,"9","SBNO1"
0,0.515224727916012,0.399,0.191,0,"9","LSM2"
0,0.386942536540847,0.418,0.21,0,"9","SUMF2"
0,0.482430351031038,0.368,0.16,0,"9","FDFT1"
0,0.464085825209287,0.373,0.165,0,"9","TMEM238"
0,0.578210119276004,0.405,0.198,0,"9","HMGA1"
0,0.672741394722441,0.364,0.157,0,"9","TMEM245"
0,0.423477637547137,0.41,0.203,0,"9","MAN2A1"
0,0.455252015974075,0.423,0.217,0,"9","LIMS1"
0,0.454142412490009,0.412,0.206,0,"9","DNAJC2"
0,0.37709885206739,0.412,0.206,0,"9","FKBP3"
0,0.713242552835967,0.366,0.16,0,"9","IDH2"
0,0.382343862807676,0.383,0.178,0,"9","GMCL1"
0,0.592261624772461,0.425,0.22,0,"9","EPSTI1"
0,0.46139475631607,0.407,0.202,0,"9","GIMAP2"
0,0.69876170124498,0.336,0.132,0,"9","RALA"
0,0.623352443054096,0.362,0.158,0,"9","KIF20B"
0,0.331893564870244,0.375,0.172,0,"9","POM121C"
0,0.293965704880673,0.401,0.198,0,"9","ENTPD4"
0,0.500347743600068,0.394,0.191,0,"9","PSMC1"
0,0.356218019849162,0.961,0.758,0,"9","NAP1L1"
0,0.395559713144937,0.392,0.19,0,"9","PSMD11"
0,0.583578885118863,0.416,0.214,0,"9","GBP2"
0,0.528389252972988,0.357,0.155,0,"9","MLEC"
0,0.398797974018792,0.342,0.141,0,"9","S1PR1"
0,0.278433265852492,0.394,0.193,0,"9","CCZ1"
0,0.426961461231282,0.351,0.15,0,"9","ESYT1"
0,0.825989815732126,0.338,0.138,0,"9","SLBP"
0,0.401256572660276,0.381,0.181,0,"9","MLLT3"
0,0.487574197702617,0.383,0.183,0,"9","NUDT21"
0,0.404822309338766,0.366,0.166,0,"9","B3GNT2"
0,0.322119878846936,0.383,0.184,0,"9","HDGF"
0,0.528108145873025,0.386,0.187,0,"9","NDUFS2"
0,0.590666626183349,0.338,0.139,0,"9","YIPF5"
0,0.310777249779858,0.379,0.18,0,"9","TCERG1"
0,0.403011559547189,0.379,0.18,0,"9","GNL1"
0,0.762548407186979,0.331,0.133,0,"9","GBP1"
0,0.449169155586849,0.401,0.203,0,"9","SUCLG1"
0,0.438674553527763,0.386,0.188,0,"9","NAA10"
0,0.328007139549466,0.388,0.19,0,"9","SF3A1"
0,0.362933170789677,0.359,0.161,0,"9","LRRC8C"
0,0.264484740220196,0.379,0.182,0,"9","UBE2A"
0,0.789367414470189,0.32,0.123,0,"9","TFDP1"
0,0.308519458944537,0.346,0.149,0,"9","TRANK1"
0,0.749045801227193,0.359,0.162,0,"9","NUDT1"
0,0.448078653824805,0.351,0.154,0,"9","PRKCQ"
0,0.338072516315798,0.377,0.181,0,"9","ETF1"
0,0.537398061409437,0.366,0.17,0,"9","WASHC3"
0,1.39298792470741,0.303,0.108,0,"9","FABP5"
0,0.348356674415877,0.377,0.182,0,"9","MPG"
0,0.562490106217145,0.344,0.149,0,"9","NELFCD"
0,0.377990833828061,0.368,0.174,0,"9","MPHOSPH9"
0,0.46931563467732,0.37,0.177,0,"9","MRPL14"
0,0.455520995487489,0.375,0.182,0,"9","PSMC3"
0,0.641575176548873,0.318,0.125,0,"9","SSRP1"
0,0.32686511930716,0.37,0.177,0,"9","FAM192A"
0,0.574793094824571,0.375,0.183,0,"9","CHCHD5"
0,0.44237618854249,0.364,0.172,0,"9","ETFA"
0,0.515044896625945,0.338,0.147,0,"9","SDHA"
0,0.532758629908931,0.322,0.131,0,"9","TOPBP1"
0,0.389122526285521,0.366,0.176,0,"9","MRPS33"
0,0.447426418727264,0.351,0.161,0,"9","GBP4"
0,0.439709988357494,0.344,0.154,0,"9","SRPK1"
0,0.504943986409369,0.325,0.136,0,"9","RPIA"
0,0.671278682834649,0.322,0.134,0,"9","EXOSC9"
0,0.495838678861311,0.349,0.162,0,"9","MRPS16"
0,0.511680012608838,0.954,0.768,0,"9","FYB1"
0,0.407395745668583,0.362,0.177,0,"9","PSMD14"
0,0.74137579958275,0.333,0.149,0,"9","CENPK"
0,0.432847091539321,0.338,0.154,0,"9","YLPM1"
0,0.666176966812387,0.381,0.197,0,"9","RPA3"
0,1.01751334738886,0.279,0.096,0,"9","LINC01550"
0,0.30226126445544,0.338,0.155,0,"9","DCAF7"
0,0.402468059397407,0.32,0.137,0,"9","POLR2H"
0,0.70894456065961,0.32,0.137,0,"9","SKA2"
0,0.629402186263229,0.303,0.121,0,"9","ACADM"
0,0.582821669384687,0.314,0.132,0,"9","CD5"
0,0.361859392002182,0.32,0.138,0,"9","PCED1B"
0,0.626248189326762,0.314,0.132,0,"9","AP1M1"
0,0.261207692459622,0.333,0.152,0,"9","MRFAP1L1"
0,0.537040479618334,0.34,0.159,0,"9","MRPS12"
0,0.466725889774811,0.314,0.133,0,"9","LAGE3"
0,0.376048678152314,0.349,0.168,0,"9","YWHAH"
0,0.436672294210785,0.346,0.166,0,"9","GPR155"
0,0.42735867698299,0.355,0.176,0,"9","N4BP2"
0,0.781719948761827,0.292,0.113,0,"9","MT1F"
0,0.435543070955922,0.336,0.158,0,"9","GATA3"
0,1.44512409631351,0.275,0.097,0,"9","PCNA"
0,0.910107222350951,0.29,0.112,0,"9","EZH2"
0,0.526304482875653,0.327,0.15,0,"9","NEK7"
0,0.431004908291162,0.327,0.15,0,"9","PBDC1"
0,0.43008868612868,0.307,0.13,0,"9","ERCC6L2"
0,0.893992937022537,0.266,0.09,0,"9","PHF19"
0,0.434290616889206,0.318,0.142,0,"9","DPM1"
0,0.300240664294955,0.316,0.141,0,"9","CRIPT"
0,0.989339149294678,0.27,0.095,0,"9","TIGIT"
0,0.501662493378993,0.288,0.113,0,"9","RUVBL1"
0,0.460933856753042,0.29,0.115,0,"9","THOC3"
0,0.659766180949068,0.309,0.134,0,"9","TCEAL8"
0,0.451802112956617,0.312,0.137,0,"9","HINT2"
0,0.548379122534306,0.314,0.139,0,"9","DNAJC9"
0,0.343105533969389,0.327,0.153,0,"9","ANKH"
0,0.411343087469386,0.327,0.153,0,"9","HSD17B10"
0,0.286605976750443,0.32,0.146,0,"9","PTPRJ"
0,0.719316206053132,0.322,0.148,0,"9","DDX39A"
0,0.393700765349409,0.307,0.133,0,"9","NDUFA9"
0,0.402092856026658,0.318,0.145,0,"9","IBTK"
0,0.572010044754593,0.27,0.097,0,"9","KRI1"
0,0.571621030224814,0.305,0.132,0,"9","CASK"
0,0.315028425449271,0.309,0.137,0,"9","KLHDC4"
0,0.324798463215002,0.318,0.147,0,"9","COMMD3"
0,0.317201039096933,0.32,0.149,0,"9","GPI"
0,0.412450569587918,0.294,0.123,0,"9","STK39"
0,0.2936553710417,0.312,0.142,0,"9","ANKRD36"
0,0.435719020011279,0.305,0.135,0,"9","GABPB2"
0,0.453515323817053,0.292,0.122,0,"9","HNRNPUL2"
0,0.764020871779995,0.279,0.11,0,"9","MT1E"
0,0.355580129826704,0.301,0.132,0,"9","CIAO1"
0,0.454229239637792,0.298,0.13,0,"9","ZNF831"
0,0.343438994714433,0.301,0.134,0,"9","MIR4435-2HG"
0,0.740675045527436,0.259,0.093,0,"9","DTHD1"
0,0.456728038386189,0.29,0.124,0,"9","UBA3"
0,0.499237379079307,0.288,0.122,0,"9","DAXX"
0,0.421596961827577,0.296,0.131,0,"9","NMT2"
0,0.423436648412662,0.305,0.14,0,"9","PSMC4"
0,0.58658304359175,0.272,0.108,0,"9","PSMC2"
0,0.625096787667743,0.255,0.091,0,"9","ELP6"
0,0.319195243779062,0.301,0.137,0,"9","SDHAF2"
0,0.385406148148482,0.283,0.12,0,"9","KRCC1"
0,0.596877926787865,0.29,0.127,0,"9","TPGS1"
0,0.490256679806709,0.307,0.146,0,"9","BCL2L11"
0,0.498719293133852,0.261,0.101,0,"9","TXLNA"
0,0.881793238927496,0.257,0.097,0,"9","AC084033.3"
0,0.589446460293179,0.285,0.125,0,"9","GMPS"
0,0.322387349753572,0.272,0.113,0,"9","HIVEP3"
0,0.770946154536086,0.255,0.096,0,"9","ATAD2"
0,0.342918346098945,0.288,0.129,0,"9","AK3"
0,0.32083182783483,0.275,0.117,0,"9","GTF2E2"
0,0.53645771337886,0.266,0.108,0,"9","IMPAD1"
0,0.569594381017364,0.277,0.119,0,"9","COMMD4"
0,0.641773478328542,0.255,0.097,0,"9","RNF157"
0,0.662018445423474,0.294,0.136,0,"9","DDX60"
0,0.418989549170011,0.292,0.134,0,"9","ZEB1"
0,0.504010187746291,0.279,0.123,0,"9","STX17"
0,0.497073826217469,0.283,0.127,0,"9","COPS3"
0,0.389181100243596,0.275,0.123,0,"9","UIMC1"
0,0.687733457506045,0.251,0.101,0,"9","GGCT"
0,0.471677349676288,0.266,0.118,0,"9","GIMAP6"
0,0.556902462258783,0.253,0.106,0,"9","LUZP1"
0,0.41598775259887,0.257,0.111,0,"9","VRK1"
0,0.372701555477572,0.257,0.111,0,"9","FBXO22"
0,0.373817532280288,0.257,0.111,0,"9","CDR2"
0,0.491762922788441,0.259,0.113,0,"9","STAT5A"
0,0.400597001386424,0.261,0.116,0,"9","TRIB2"
0,0.55252793287313,0.253,0.109,0,"9","RRP36"
0,0.386466348396656,0.253,0.109,0,"9","MRPL16"
0,0.741586404182897,0.251,0.108,0,"9","HPRT1"
0,0.420462767413421,0.253,0.11,0,"9","MRPL28"
0,0.511893666057998,0.255,0.113,0,"9","BZW2"
0,0.812458901944622,0.976,0.835,0,"9","ACTG1"
0,0.445910815287514,0.969,0.838,0,"9","ARHGDIB"
0,0.455552412992117,0.998,0.905,0,"9","PFN1"
0,0.386598910218153,0.987,0.902,0,"9","PPIA"
0,0.440481000838884,0.998,0.979,0,"9","ACTB"
2.22044604925031e-16,0.280753575151477,0.8,0.494,4.44355663375973e-12,"9","PIP4K2A"
2.22044604925031e-16,0.33667853246731,0.641,0.351,4.44355663375973e-12,"9","OCIAD2"
2.22044604925031e-16,0.484439599153825,0.625,0.372,4.44355663375973e-12,"9","HNRNPF"
2.22044604925031e-16,0.295488933582789,0.484,0.25,4.44355663375973e-12,"9","RALY"
2.22044604925031e-16,0.450780311195597,0.514,0.285,4.44355663375973e-12,"9","CACYBP"
2.22044604925031e-16,0.398465945997106,0.492,0.264,4.44355663375973e-12,"9","IPCEF1"
2.22044604925031e-16,0.508866599479892,0.486,0.267,4.44355663375973e-12,"9","MRPL51"
2.22044604925031e-16,0.387034086021621,0.451,0.233,4.44355663375973e-12,"9","MRPS36"
2.22044604925031e-16,0.348695715068375,0.414,0.208,4.44355663375973e-12,"9","TIA1"
2.22044604925031e-16,0.276128445536147,0.392,0.194,4.44355663375973e-12,"9","PITPNB"
2.22044604925031e-16,0.383680586648694,0.397,0.2,4.44355663375973e-12,"9","TRADD"
2.22044604925031e-16,0.367318822874363,0.359,0.173,4.44355663375973e-12,"9","RNF220"
2.22044604925031e-16,0.260864009549706,0.357,0.172,4.44355663375973e-12,"9","DDX50"
2.22044604925031e-16,0.330594102607581,0.357,0.174,4.44355663375973e-12,"9","GRSF1"
2.22044604925031e-16,0.525667711273225,0.377,0.195,4.44355663375973e-12,"9","CBX5"
2.22044604925031e-16,0.253248047127342,0.344,0.164,4.44355663375973e-12,"9","RPS6KB1"
2.22044604925031e-16,0.290266263788292,0.336,0.159,4.44355663375973e-12,"9","TMEM106B"
2.22044604925031e-16,0.319037081303892,0.338,0.161,4.44355663375973e-12,"9","CDS2"
2.22044604925031e-16,0.369405805990739,0.344,0.167,4.44355663375973e-12,"9","RRP1B"
2.22044604925031e-16,0.329880265296728,0.331,0.157,4.44355663375973e-12,"9","LINS1"
2.22044604925031e-16,0.291548160953382,0.325,0.154,4.44355663375973e-12,"9","RAP1GDS1"
2.22044604925031e-16,0.257164493079693,0.322,0.152,4.44355663375973e-12,"9","SUDS3"
2.22044604925031e-16,0.36030196088292,0.318,0.149,4.44355663375973e-12,"9","LRCH3"
2.22044604925031e-16,0.270822700147181,0.314,0.147,4.44355663375973e-12,"9","SACM1L"
2.22044604925031e-16,0.374455879524489,0.309,0.143,4.44355663375973e-12,"9","TADA3"
2.22044604925031e-16,0.293271920063188,0.301,0.138,4.44355663375973e-12,"9","CYB5B"
2.22044604925031e-16,0.320174200700271,0.303,0.14,4.44355663375973e-12,"9","TRPC4AP"
2.22044604925031e-16,0.250504013169505,0.294,0.134,4.44355663375973e-12,"9","SLC7A6OS"
2.22044604925031e-16,0.450506501631907,0.281,0.129,4.44355663375973e-12,"9","PIH1D1"
2.22044604925031e-16,0.400972216679375,0.277,0.126,4.44355663375973e-12,"9","COA5"
2.22044604925031e-16,0.349018966023287,0.268,0.12,4.44355663375973e-12,"9","BATF"
2.22044604925031e-16,0.311735658386571,0.259,0.114,4.44355663375973e-12,"9","OXCT1"
2.22044604925031e-16,0.468214971195057,0.257,0.115,4.44355663375973e-12,"9","TRNAU1AP"
2.22044604925031e-16,0.267629826797393,0.253,0.111,4.44355663375973e-12,"9","IPO9"
2.22044604925031e-16,0.332751602271558,0.251,0.11,4.44355663375973e-12,"9","SEPT11"
4.44089209850063e-16,0.324989793075776,0.76,0.45,8.88711326751945e-12,"9","CAP1"
4.44089209850063e-16,0.357984007576032,0.723,0.433,8.88711326751945e-12,"9","WNK1"
4.44089209850063e-16,0.313708742521644,0.582,0.311,8.88711326751945e-12,"9","CCT4"
4.44089209850063e-16,0.442654239372739,0.601,0.343,8.88711326751945e-12,"9","ANP32E"
4.44089209850063e-16,0.353382687151039,0.519,0.275,8.88711326751945e-12,"9","AP2M1"
4.44089209850063e-16,0.369292779736208,0.908,0.666,8.88711326751945e-12,"9","TRBC2"
4.44089209850063e-16,0.364102900036414,0.514,0.276,8.88711326751945e-12,"9","NDUFS8"
4.44089209850063e-16,0.291293723791225,0.577,0.342,8.88711326751945e-12,"9","RGS1"
4.44089209850063e-16,0.295878693013704,0.484,0.252,8.88711326751945e-12,"9","PSMD13"
4.44089209850063e-16,0.507983365512835,0.553,0.322,8.88711326751945e-12,"9","NDUFB3"
4.44089209850063e-16,0.333800914836743,0.473,0.243,8.88711326751945e-12,"9","PSMD4"
4.44089209850063e-16,0.458464381728135,0.492,0.27,8.88711326751945e-12,"9","IGBP1"
4.44089209850063e-16,0.375598759949434,0.453,0.238,8.88711326751945e-12,"9","HIST1H1D"
4.44089209850063e-16,0.354922089030926,0.431,0.221,8.88711326751945e-12,"9","STK24"
4.44089209850063e-16,0.425519468599759,0.414,0.215,8.88711326751945e-12,"9","CCT5"
4.44089209850063e-16,0.287693131322598,0.394,0.198,8.88711326751945e-12,"9","MPRIP"
4.44089209850063e-16,0.280000918529754,0.388,0.194,8.88711326751945e-12,"9","APOBEC3C"
4.44089209850063e-16,0.51953092468073,0.37,0.184,8.88711326751945e-12,"9","ATG3"
4.44089209850063e-16,0.486370698617828,0.379,0.194,8.88711326751945e-12,"9","TIMM8B"
4.44089209850063e-16,0.307744828355199,0.381,0.197,8.88711326751945e-12,"9","CD8B"
4.44089209850063e-16,0.252919228033111,0.351,0.169,8.88711326751945e-12,"9","LSM12"
4.44089209850063e-16,0.534804997379079,0.353,0.175,8.88711326751945e-12,"9","CLPP"
4.44089209850063e-16,0.347488399120043,0.325,0.156,8.88711326751945e-12,"9","PCID2"
4.44089209850063e-16,0.291298165664966,0.316,0.15,8.88711326751945e-12,"9","RSU1"
4.44089209850063e-16,0.374038663270425,0.301,0.141,8.88711326751945e-12,"9","HAT1"
4.44089209850063e-16,0.398584235835123,0.301,0.141,8.88711326751945e-12,"9","DCAF11"
4.44089209850063e-16,0.450118720993194,0.294,0.136,8.88711326751945e-12,"9","RNF187"
4.44089209850063e-16,0.462071427152102,0.264,0.118,8.88711326751945e-12,"9","TXNDC9"
4.44089209850063e-16,0.309152791384695,0.266,0.12,8.88711326751945e-12,"9","TOB2"
6.66133814775094e-16,0.43529167068119,0.723,0.442,1.33306699012792e-11,"9","RAD21"
6.66133814775094e-16,0.399824299647708,0.712,0.432,1.33306699012792e-11,"9","SRP9"
6.66133814775094e-16,0.252815607294875,0.593,0.327,1.33306699012792e-11,"9","ARPC5L"
6.66133814775094e-16,0.299492382205761,0.959,0.763,1.33306699012792e-11,"9","VIM"
6.66133814775094e-16,0.345570849710688,0.375,0.187,1.33306699012792e-11,"9","SMIM19"
6.66133814775094e-16,0.319464242666008,0.366,0.183,1.33306699012792e-11,"9","UFL1"
6.66133814775094e-16,0.339559843175103,0.359,0.178,1.33306699012792e-11,"9","KARS"
6.66133814775094e-16,0.424990667449215,0.309,0.149,1.33306699012792e-11,"9","HDAC2"
6.66133814775094e-16,0.312327865430144,0.301,0.142,1.33306699012792e-11,"9","LZIC"
6.66133814775094e-16,0.36733397498944,0.277,0.127,1.33306699012792e-11,"9","H2AFX"
8.88178419700125e-16,0.404144280232747,0.638,0.366,1.77742265350389e-11,"9","ANP32A"
8.88178419700125e-16,0.349543446964979,0.508,0.275,1.77742265350389e-11,"9","CHMP2A"
8.88178419700125e-16,0.268398177830911,0.486,0.256,1.77742265350389e-11,"9","RBBP7"
8.88178419700125e-16,0.359351357253013,0.423,0.218,1.77742265350389e-11,"9","SCML4"
8.88178419700125e-16,0.250949245203559,0.381,0.188,1.77742265350389e-11,"9","BECN1"
8.88178419700125e-16,0.328488196542373,0.359,0.177,1.77742265350389e-11,"9","HACD4"
8.88178419700125e-16,0.453906887240783,0.346,0.17,1.77742265350389e-11,"9","NSMCE1"
8.88178419700125e-16,0.327628080497473,0.327,0.158,1.77742265350389e-11,"9","ATP13A3"
8.88178419700125e-16,0.493529164984303,0.309,0.15,1.77742265350389e-11,"9","ANAPC15"
8.88178419700125e-16,0.344418783765947,0.281,0.13,1.77742265350389e-11,"9","RTCA"
8.88178419700125e-16,0.482674343912529,0.272,0.125,1.77742265350389e-11,"9","GTF2F2"
8.88178419700125e-16,0.402048711052594,0.253,0.113,1.77742265350389e-11,"9","MRPS23"
1.11022302462516e-15,0.314951675630661,0.752,0.444,2.22177831687986e-11,"9","PA2G4"
1.11022302462516e-15,0.329391700176965,0.651,0.374,2.22177831687986e-11,"9","CCSER2"
1.11022302462516e-15,0.288632046404518,0.553,0.295,2.22177831687986e-11,"9","PPP1R18"
1.11022302462516e-15,0.319748985321362,0.54,0.299,2.22177831687986e-11,"9","UPF3A"
1.11022302462516e-15,0.252750268601878,0.458,0.235,2.22177831687986e-11,"9","ETNK1"
1.11022302462516e-15,0.309887495157848,0.44,0.229,2.22177831687986e-11,"9","MRPL42"
1.11022302462516e-15,0.256603109110641,0.42,0.211,2.22177831687986e-11,"9","MIEN1"
1.11022302462516e-15,0.371690753814275,0.418,0.217,2.22177831687986e-11,"9","DECR1"
1.11022302462516e-15,0.461414254268254,0.336,0.166,2.22177831687986e-11,"9","CHCHD1"
1.11022302462516e-15,0.364709620825918,0.327,0.159,2.22177831687986e-11,"9","ZNF217"
1.11022302462516e-15,0.549867886783047,0.292,0.139,2.22177831687986e-11,"9","CCDC167"
1.11022302462516e-15,0.318299076920244,0.275,0.127,2.22177831687986e-11,"9","MON1B"
1.11022302462516e-15,0.518694558455432,0.264,0.121,2.22177831687986e-11,"9","OAS2"
1.33226762955019e-15,0.317262458969331,0.54,0.292,2.66613398025584e-11,"9","CD6"
1.33226762955019e-15,0.287050413173167,0.479,0.252,2.66613398025584e-11,"9","FBXO33"
1.33226762955019e-15,0.342205910758866,0.453,0.242,2.66613398025584e-11,"9","SMARCC1"
1.33226762955019e-15,0.386660149940394,0.373,0.185,2.66613398025584e-11,"9","VBP1"
1.33226762955019e-15,0.38787389650501,0.355,0.177,2.66613398025584e-11,"9","TMEM126B"
1.33226762955019e-15,0.358790819373785,0.296,0.139,2.66613398025584e-11,"9","SS18"
1.33226762955019e-15,0.288235319744348,0.259,0.117,2.66613398025584e-11,"9","RBM12"
1.55431223447522e-15,0.379153581402609,0.717,0.431,3.11048964363181e-11,"9","NDUFB9"
1.55431223447522e-15,0.298894826395269,0.449,0.237,3.11048964363181e-11,"9","DR1"
1.55431223447522e-15,0.25636960054906,0.312,0.146,3.11048964363181e-11,"9","BABAM1"
1.55431223447522e-15,0.266141975178959,0.261,0.118,3.11048964363181e-11,"9","PPIL3"
1.55431223447522e-15,0.388012240719325,0.259,0.118,3.11048964363181e-11,"9","TARS"
1.55431223447522e-15,0.304958281878589,0.251,0.111,3.11048964363181e-11,"9","WDR54"
1.55431223447522e-15,0.624489803965749,0.253,0.118,3.11048964363181e-11,"9","PRDX3"
1.77635683940025e-15,0.331745915962803,0.632,0.35,3.55484530700778e-11,"9","LSM14A"
1.77635683940025e-15,0.713830905589225,0.802,0.56,3.55484530700778e-11,"9","H2AFZ"
1.77635683940025e-15,0.326409099248176,0.484,0.258,3.55484530700778e-11,"9","UGP2"
1.77635683940025e-15,0.26435507552209,0.355,0.177,3.55484530700778e-11,"9","TOPORS"
1.77635683940025e-15,0.320345962628554,0.325,0.157,3.55484530700778e-11,"9","PDCL3"
1.99840144432528e-15,0.299369006296854,0.329,0.158,3.99920097038375e-11,"9","KCMF1"
1.99840144432528e-15,0.44825977030855,0.281,0.132,3.99920097038375e-11,"9","ISY1"
2.22044604925031e-15,0.400445290031258,0.771,0.492,4.44355663375973e-11,"9","POMP"
2.22044604925031e-15,0.317072172307395,0.606,0.334,4.44355663375973e-11,"9","PSMC5"
2.22044604925031e-15,0.422124293309517,0.497,0.269,4.44355663375973e-11,"9","CSNK2B"
2.22044604925031e-15,0.333844942370305,0.475,0.253,4.44355663375973e-11,"9","PACS1"
2.22044604925031e-15,0.280188309431472,0.42,0.216,4.44355663375973e-11,"9","ITPKB"
2.22044604925031e-15,0.279325320700506,0.346,0.169,4.44355663375973e-11,"9","NARF"
2.44249065417534e-15,0.251493487848505,0.662,0.364,4.8879122971357e-11,"9","GTF2I"
2.44249065417534e-15,0.380691202758197,0.381,0.194,4.8879122971357e-11,"9","CNIH1"
2.44249065417534e-15,0.263839779125914,0.283,0.132,4.8879122971357e-11,"9","C12orf65"
2.44249065417534e-15,0.421648780524274,0.257,0.118,4.8879122971357e-11,"9","SNRNP40"
2.44249065417534e-15,0.454213047446967,0.972,0.834,4.8879122971357e-11,"9","SUB1"
2.66453525910038e-15,0.304683850159702,0.917,0.614,5.33226796051167e-11,"9","LEPROTL1"
2.66453525910038e-15,0.257580289402516,0.497,0.267,5.33226796051167e-11,"9","SERINC3"
2.88657986402541e-15,0.472671158306869,0.684,0.437,5.77662362388764e-11,"9","DYNLL1"
2.88657986402541e-15,0.343448936111644,0.377,0.192,5.77662362388764e-11,"9","HBS1L"
3.10862446895044e-15,0.40714275001024,0.261,0.12,6.22097928726362e-11,"9","MRPS11"
3.33066907387547e-15,0.318385541820087,0.486,0.268,6.66533495063959e-11,"9","TPM4"
3.5527136788005e-15,0.293471505163886,0.388,0.196,7.10969061401556e-11,"9","ECHDC1"
3.77475828372553e-15,0.313984397040842,0.627,0.352,7.55404627739154e-11,"9","FAM96B"
3.77475828372553e-15,0.273442735860773,0.608,0.333,7.55404627739154e-11,"9","DNAJC7"
3.77475828372553e-15,0.349977347279328,0.51,0.274,7.55404627739154e-11,"9","PPP2CA"
3.77475828372553e-15,0.253603379207445,0.399,0.2,7.55404627739154e-11,"9","TTC1"
3.77475828372553e-15,0.314684016646001,0.255,0.116,7.55404627739154e-11,"9","CRELD2"
3.99680288865056e-15,0.391964266833461,0.625,0.368,7.99840194076751e-11,"9","PSMA2"
3.99680288865056e-15,0.503042059367487,0.312,0.153,7.99840194076751e-11,"9","NDUFA7"
4.21884749357559e-15,0.356458831504918,0.484,0.267,8.44275760414348e-11,"9","LYST"
4.21884749357559e-15,0.377951231975803,0.333,0.165,8.44275760414348e-11,"9","EIF4E2"
4.21884749357559e-15,0.260946799525697,0.29,0.136,8.44275760414348e-11,"9","SAMD4B"
4.66293670342566e-15,0.322451766713132,0.392,0.198,9.33146893089543e-11,"9","MRPL47"
4.66293670342566e-15,0.304094532886454,0.32,0.156,9.33146893089543e-11,"9","DNAJB11"
4.66293670342566e-15,0.407684093493015,0.283,0.135,9.33146893089543e-11,"9","GLRX3"
4.66293670342566e-15,0.266613545211985,0.266,0.123,9.33146893089543e-11,"9","FAM160B1"
4.88498130835069e-15,0.377209096255368,0.542,0.303,9.7758245942714e-11,"9","NDUFAB1"
4.88498130835069e-15,0.304402961104179,0.477,0.255,9.7758245942714e-11,"9","DNAJC21"
4.88498130835069e-15,0.264435147470958,0.416,0.214,9.7758245942714e-11,"9","RNF216"
5.10702591327572e-15,0.284124562265478,0.405,0.205,1.02201802576474e-10,"9","HMOX2"
5.10702591327572e-15,0.316232071523088,0.351,0.174,1.02201802576474e-10,"9","TWF2"
5.10702591327572e-15,0.360084619987098,0.279,0.131,1.02201802576474e-10,"9","COMMD1"
5.32907051820075e-15,0.261788483162603,0.351,0.174,1.06645359210233e-10,"9","LRPPRC"
5.32907051820075e-15,0.322330301793422,0.991,0.909,1.06645359210233e-10,"9","CFL1"
5.55111512312578e-15,0.277502787047202,0.388,0.196,1.11088915843993e-10,"9","SMARCD1"
5.99520433297585e-15,0.413816683741209,0.573,0.334,1.19976029111513e-10,"9","HSPD1"
6.21724893790088e-15,0.285890656377985,0.412,0.214,1.24419585745272e-10,"9","ZC3H7A"
7.105427357601e-15,0.345945521104499,0.29,0.138,1.42193812280311e-10,"9","FAM136A"
7.54951656745106e-15,0.319663064741057,0.272,0.128,1.51080925547831e-10,"9","CISD2"
7.54951656745106e-15,0.338736269175169,0.268,0.125,1.51080925547831e-10,"9","RMDN1"
7.54951656745106e-15,0.268519679028904,0.261,0.12,1.51080925547831e-10,"9","ARMC1"
7.99360577730113e-15,0.256691728367531,0.462,0.246,1.5996803881535e-10,"9","BRD1"
7.99360577730113e-15,0.419337214436178,0.353,0.177,1.5996803881535e-10,"9","MZT1"
8.43769498715119e-15,0.444400892434534,0.667,0.401,1.6885515208287e-10,"9","NDUFS6"
8.43769498715119e-15,0.332055942571017,0.357,0.181,1.6885515208287e-10,"9","ZCCHC2"
8.65973959207622e-15,0.319095028796849,0.364,0.188,1.73298708716629e-10,"9","ZNF791"
8.88178419700125e-15,0.256018207566867,0.752,0.457,1.77742265350389e-10,"9","RNF125"
9.10382880192628e-15,0.310434586710544,0.281,0.133,1.82185821984149e-10,"9","TBPL1"
9.32587340685131e-15,0.272682920350026,0.392,0.2,1.86629378617909e-10,"9","EMC6"
9.54791801177635e-15,0.302322268114683,0.769,0.474,1.91072935251668e-10,"9","CAPZA1"
9.54791801177635e-15,0.451746902487202,0.259,0.122,1.91072935251668e-10,"9","AQP3"
9.76996261670138e-15,0.319364984230299,0.453,0.245,1.95516491885428e-10,"9","DNAJC15"
1.04360964314765e-14,0.392020536318726,0.532,0.298,2.08847161786707e-10,"9","DCTN3"
1.04360964314765e-14,0.267555093445063,0.486,0.26,2.08847161786707e-10,"9","SLC25A36"
1.04360964314765e-14,0.303036324570507,0.344,0.171,2.08847161786707e-10,"9","PLEKHB2"
1.11022302462516e-14,0.356639222920943,0.294,0.141,2.22177831687986e-10,"9","EEF1E1"
1.13242748511766e-14,0.478420019455549,0.71,0.438,2.26621388321746e-10,"9","BRD7"
1.13242748511766e-14,0.313672376793566,0.471,0.252,2.26621388321746e-10,"9","GLRX5"
1.13242748511766e-14,0.301145523265085,0.303,0.146,2.26621388321746e-10,"9","IMMT"
1.15463194561016e-14,0.272564348480198,0.283,0.133,2.31064944955506e-10,"9","TMUB1"
1.19904086659517e-14,0.310684673296414,0.453,0.245,2.39952058223025e-10,"9","ZCRB1"
1.22124532708767e-14,0.434398946821894,0.296,0.144,2.44395614856785e-10,"9","LAP3"
1.24344978758018e-14,0.270287393075288,0.516,0.282,2.48839171490545e-10,"9","COX20"
1.33226762955019e-14,0.288493246152743,0.401,0.208,2.66613398025584e-10,"9","SINHCAF"
1.3988810110277e-14,0.325686665777724,0.27,0.128,2.79944067926863e-10,"9","ACAA2"
1.4210854715202e-14,0.30853245305053,0.619,0.364,2.84387624560622e-10,"9","CEP350"
1.4432899320127e-14,0.321230310671378,0.678,0.398,2.88831181194382e-10,"9","RTN4"
1.4432899320127e-14,0.339437439339846,0.675,0.399,2.88831181194382e-10,"9","NONO"
1.4432899320127e-14,0.535467739011833,0.272,0.133,2.88831181194382e-10,"9","TRPS1"
1.48769885299771e-14,0.252387127519994,0.682,0.397,2.97718294461902e-10,"9","SREK1"
1.50990331349021e-14,0.321532808248082,0.734,0.465,3.02161851095661e-10,"9","SELL"
1.53210777398272e-14,0.33379328482207,0.285,0.137,3.06605407729421e-10,"9","CCDC14"
1.55431223447522e-14,0.329205535867399,0.298,0.144,3.11048964363181e-10,"9","BCCIP"
1.57651669496772e-14,0.294901393423461,0.266,0.125,3.15492520996941e-10,"9","ATP6V1D"
1.79856129989275e-14,0.292318045768901,0.277,0.131,3.59928087334538e-10,"9","DENND1C"
1.79856129989275e-14,0.428787547007001,0.266,0.126,3.59928087334538e-10,"9","PPIH"
1.82076576038526e-14,0.270792095977568,0.453,0.24,3.64371643968298e-10,"9","TRABD"
1.82076576038526e-14,0.336301195407192,0.346,0.177,3.64371643968298e-10,"9","CORO7"
1.86517468137026e-14,0.262777597394982,0.512,0.278,3.73258757235817e-10,"9","ATP1B3"
1.86517468137026e-14,0.294995111931219,0.331,0.164,3.73258757235817e-10,"9","FIBP"
1.95399252334028e-14,0.314726061312748,0.42,0.223,3.91032983770856e-10,"9","ITGB1BP1"
1.95399252334028e-14,0.447489688951293,0.298,0.146,3.91032983770856e-10,"9","DTX3L"
1.97619698383278e-14,0.280147161750364,0.647,0.374,3.95476540404616e-10,"9","KRR1"
2.1538326677728e-14,0.319220898268953,0.68,0.402,4.31024993474693e-10,"9","SEMA4D"
2.19824158875781e-14,0.518125609141024,0.253,0.119,4.39912106742213e-10,"9","ETHE1"
2.24265050974282e-14,0.37176717199003,0.314,0.154,4.48799220009732e-10,"9","TIMM17A"
2.28705943072782e-14,0.477186597885636,0.614,0.359,4.57686333277252e-10,"9","PSMB3"
2.35367281220533e-14,0.340149964837163,0.479,0.258,4.71017003178531e-10,"9","PGAM1"
2.46469511466785e-14,0.253714712772938,0.327,0.163,4.9323478634733e-10,"9","TWISTNB"
2.48689957516035e-14,0.351984704029528,0.268,0.125,4.97678342981089e-10,"9","AKR7A2"
2.50910403565285e-14,0.309656951234647,0.702,0.435,5.02121899614849e-10,"9","GIMAP7"
2.57571741713036e-14,0.289360946094008,0.634,0.366,5.15452569516128e-10,"9","KPNB1"
2.59792187762287e-14,0.250772754801878,0.486,0.264,5.19896126149888e-10,"9","SRPK2"
2.62012633811537e-14,0.313274642718055,0.316,0.157,5.24339682783648e-10,"9","RNF38"
2.68673971959288e-14,0.366387187758519,0.292,0.142,5.37670352684927e-10,"9","EIF2S1"
2.73114864057789e-14,0.326102736005271,0.675,0.4,5.46557465952446e-10,"9","NCOR1"
2.95319324550292e-14,0.396652009842747,0.78,0.511,5.90993032290044e-10,"9","PSMB9"
2.99760216648792e-14,0.283399781959495,0.475,0.251,5.99880145557563e-10,"9","PPP1R7"
3.01980662698043e-14,0.335478303292662,0.893,0.651,6.04323702191323e-10,"9","SERBP1"
3.21964677141295e-14,0.353992004120365,0.73,0.442,6.4431571189516e-10,"9","ATP5PD"
3.39728245535298e-14,0.402859948990755,0.691,0.419,6.79864164965238e-10,"9","ABRACL"
3.46389583683049e-14,0.338311744141204,0.316,0.157,6.93194834866517e-10,"9","CTNNBL1"
3.59712259978551e-14,0.35430026980817,0.257,0.121,7.19856174669076e-10,"9","RANBP9"
3.66373598126302e-14,0.398039902756798,0.438,0.241,7.33186844570355e-10,"9","BIN1"
3.68594044175552e-14,0.268489728255502,0.562,0.315,7.37630401204115e-10,"9","NFE2L2"
3.95239396766556e-14,0.31224452765056,0.362,0.184,7.90953080809231e-10,"9","HIKESHI"
4.06341627012807e-14,0.364057788987201,0.817,0.529,8.1317086397803e-10,"9","EID1"
4.10782519111308e-14,0.356660537578353,0.255,0.119,8.22057977245549e-10,"9","CCDC28A"
4.13002965160558e-14,0.36586389556596,0.758,0.485,8.26501533879309e-10,"9","NDUFB4"
4.17443857259059e-14,0.356620877571983,0.255,0.119,8.35388647146829e-10,"9","F8A1"
4.21884749357559e-14,0.288892600764505,0.386,0.201,8.44275760414348e-10,"9","UBE2R2"
4.2410519540681e-14,0.255634744664924,0.277,0.132,8.48719317048108e-10,"9","NUP153"
4.30766533554561e-14,0.339800967203211,0.34,0.172,8.62049986949387e-10,"9","SURF4"
4.32986979603811e-14,0.303551025451475,0.427,0.229,8.66493543583147e-10,"9","SNRNP27"
4.39648317751562e-14,0.35567983320483,0.458,0.249,8.79824213484426e-10,"9","EIF4EBP2"
4.57411886145564e-14,0.362600413129503,0.349,0.177,9.15372666554504e-10,"9","TEX264"
4.79616346638068e-14,0.357621444295912,0.27,0.129,9.59808232892101e-10,"9","R3HDM1"
4.86277684785819e-14,0.396639512964206,0.68,0.415,9.7313890279338e-10,"9","NAP1L4"
4.88498130835069e-14,0.396936376242363,0.353,0.18,9.7758245942714e-10,"9","MRPL55"
4.88498130835069e-14,0.290795164988665,0.29,0.141,9.7758245942714e-10,"9","SMAD3"
5.37347943918576e-14,0.327890090937578,0.549,0.311,1.07534070536985e-09,"9","LSM5"
5.6621374255883e-14,0.338112417315758,0.377,0.195,1.13310694160873e-09,"9","DAZAP1"
5.6843418860808e-14,0.397595521405037,0.704,0.435,1.13755049824249e-09,"9","RTRAF"
5.83977310952832e-14,0.296618182856675,0.481,0.262,1.16865539467881e-09,"9","VDAC3"
5.92859095149834e-14,0.355603425400147,0.309,0.153,1.18642962121385e-09,"9","CDC123"
6.01740879346835e-14,0.344712687123588,0.279,0.136,1.20420384774889e-09,"9","POLR3E"
6.10622663543836e-14,0.357229012025985,0.292,0.144,1.22197807428392e-09,"9","SLC5A3"
6.30606677987089e-14,0.293283514108559,0.662,0.386,1.26197008398776e-09,"9","IQGAP2"
6.59472476627343e-14,0.332667984818099,0.375,0.196,1.31973632022664e-09,"9","COPB1"
6.90558721316847e-14,0.388596031648547,0.908,0.707,1.38194611309927e-09,"9","S100A10"
6.99440505513849e-14,0.278089059874159,0.261,0.124,1.39972033963431e-09,"9","STRN"
7.0832228971085e-14,0.250169645278077,0.277,0.132,1.41749456616935e-09,"9","PRPF31"
7.43849426498855e-14,0.318737449014538,0.41,0.22,1.48859147230951e-09,"9","SAMD9L"
7.92699239582362e-14,0.260574464611846,0.29,0.146,1.58634971825222e-09,"9","TTN"
8.23785484271866e-14,0.308606098868988,0.316,0.16,1.64855951112486e-09,"9","FAM129A"
8.39328606616618e-14,0.270488940007712,0.392,0.205,1.67966440756118e-09,"9","GTF2H5"
8.45989944764369e-14,0.259996189104744,0.268,0.128,1.69299507746246e-09,"9","ATXN10"
8.70414851306123e-14,0.256722370623496,0.285,0.139,1.74187420043381e-09,"9","VEZT"
8.85957973650875e-14,0.270113834349215,0.878,0.626,1.77297909687013e-09,"9","CD3G"
9.37028232783632e-14,0.289945846046334,0.296,0.145,1.8751808994466e-09,"9","ZNF639"
1.02584607475364e-13,0.260560511203969,0.479,0.26,2.05292316479699e-09,"9","MRPS34"
1.03916875104915e-13,0.466895492837273,0.318,0.163,2.07958450459955e-09,"9","IPO7"
1.10134124042816e-13,0.424089631006381,0.723,0.463,2.20400409034482e-09,"9","RNF19A"
1.10134124042816e-13,0.342549263907079,0.34,0.177,2.20400409034482e-09,"9","IFI44"
1.10578213252666e-13,0.273745567649646,0.54,0.304,2.21289120361234e-09,"9","DENR"
1.14352971536391e-13,0.274612878152287,0.261,0.125,2.28843166638626e-09,"9","AP5M1"
1.15019105351166e-13,0.323520109940214,0.412,0.218,2.30176233628754e-09,"9","FDX1"
1.15907283770866e-13,0.362138243429389,0.712,0.451,2.31953656282258e-09,"9","OGT"
1.17017506795491e-13,0.286403932505361,0.874,0.621,2.34175434599138e-09,"9","ADD3"
1.17905685215192e-13,0.2721773991886,0.58,0.332,2.35952857252641e-09,"9","LBR"
1.18127729820117e-13,0.260469705384536,0.298,0.147,2.36397212916017e-09,"9","CYC1"
1.19237952844742e-13,0.291108797456409,0.481,0.258,2.38618991232897e-09,"9","STRAP"
1.21236354289067e-13,0.287262577712091,0.303,0.15,2.42618192203281e-09,"9","TRAF5"
1.26121335597418e-13,0.270370358124735,0.464,0.254,2.52394016797552e-09,"9","TPP2"
1.27231558622043e-13,0.372718221077879,0.499,0.278,2.54615795114432e-09,"9","PSMA3"
1.32560629140244e-13,0.294020678307014,0.34,0.175,2.65280331035456e-09,"9","TMX1"
1.35447209004269e-13,0.280031600276205,0.253,0.119,2.71056954659343e-09,"9","GORASP2"
1.37889699658444e-13,0.273451927473908,0.275,0.133,2.75944866956479e-09,"9","HSPA4"
1.40110145707695e-13,0.253535862660064,0.538,0.294,2.80388423590239e-09,"9","SEPT1"
1.4166445794217e-13,0.273619534445367,0.357,0.183,2.83498913233871e-09,"9","ANXA2R"
1.45883305435746e-13,0.351476928207499,0.608,0.353,2.91941670838014e-09,"9","TMPO"
1.49658063719471e-13,0.293687591616393,0.51,0.286,2.99495717115406e-09,"9","THOC7"
1.50990331349021e-13,0.281757000867717,0.471,0.257,3.02161851095661e-09,"9","RAD23A"
1.58317803311547e-13,0.273278804975084,0.51,0.288,3.16825587987069e-09,"9","CUL3"
1.58761892521397e-13,0.290003197671357,0.357,0.183,3.1771429931382e-09,"9","KPNA6"
1.65201186064223e-13,0.254592425127537,0.593,0.341,3.30600613551724e-09,"9","ANAPC5"
1.66311409088848e-13,0.329187127668606,0.272,0.131,3.32822391868604e-09,"9","FMC1"
1.66533453693773e-13,0.311929184030866,0.399,0.214,3.33266747531979e-09,"9","CALCOCO2"
1.66755498298699e-13,0.52187685297902,0.821,0.579,3.33711103195355e-09,"9","DEK"
1.68309810533174e-13,0.35925678964498,0.479,0.263,3.36821592838987e-09,"9","ZMAT2"
1.72972747236599e-13,0.282616117774629,0.257,0.122,3.46153061769883e-09,"9","MRPL44"
1.7519319328585e-13,0.25666718205856,0.871,0.572,3.50596618403642e-09,"9","IL2RG"
1.82742709853301e-13,0.279849667640314,0.547,0.306,3.65704710958425e-09,"9","DGUOK"
1.88293824976427e-13,0.361209214902379,0.516,0.295,3.76813602542825e-09,"9","PDIA6"
1.93622895494627e-13,0.457265373807517,0.451,0.257,3.87478138463848e-09,"9","ANXA5"
1.95177207729103e-13,0.260226989243427,0.279,0.136,3.9058862810748e-09,"9","WASHC2C"
2.08055794814754e-13,0.318615957715806,0.301,0.152,4.16361256583286e-09,"9","THEM4"
2.09388062444305e-13,0.254406195263835,0.614,0.351,4.19027390563542e-09,"9","CELF1"
2.19380069665931e-13,0.300995783424097,0.471,0.266,4.39023395415461e-09,"9","CDC14A"
2.24709140184132e-13,0.263874367661583,0.603,0.354,4.49687931336484e-09,"9","CHD4"
2.29150032282632e-13,0.266807809236935,0.412,0.22,4.58575044604004e-09,"9","COPS5"
2.32924790566358e-13,0.322673424998567,0.919,0.701,4.66129090881395e-09,"9","PSME1"
2.69118061169138e-13,0.262560895189885,0.512,0.292,5.38559064011679e-09,"9","TBL1XR1"
2.77777800761214e-13,0.438327086919369,0.71,0.457,5.55888934883342e-09,"9","PSME2"
3.00204305858642e-13,0.260596347036209,0.338,0.173,6.00768856884315e-09,"9","NDUFAF3"
3.32178728967847e-13,0.288460394268408,0.264,0.128,6.64756072410455e-09,"9","TRIM14"
3.35287353436797e-13,0.357515297793938,0.479,0.269,6.70977051697719e-09,"9","HIST1H1C"
3.50164341966774e-13,0.280905979726086,0.281,0.139,7.00748881143909e-09,"9","DDX23"
3.51496609596325e-13,0.316933653250632,0.338,0.174,7.03415015124165e-09,"9","MRPL23"
3.85025344940004e-13,0.265421416846834,0.325,0.166,7.70512720293937e-09,"9","COPZ1"
3.8968828164343e-13,0.286086783448359,0.296,0.147,7.79844189224832e-09,"9","IARS2"
4.02788913334007e-13,0.25102151472543,0.667,0.387,8.06061173364014e-09,"9","URI1"
4.04343225568482e-13,0.392865588603922,0.776,0.51,8.09171663007646e-09,"9","CBX3"
4.24771329221585e-13,0.281187643104441,0.266,0.128,8.50052384038236e-09,"9","ATF2"
4.29656310529936e-13,0.311642250190789,0.322,0.164,8.59828208632507e-09,"9","C1orf43"
4.65405491922866e-13,0.406826096450856,0.253,0.122,9.31369470436039e-09,"9","SETD1B"
4.69846384021366e-13,0.289812653105485,0.331,0.168,9.40256583703558e-09,"9","GSDMD"
4.72510919280467e-13,0.28798006973046,0.329,0.169,9.4558885166407e-09,"9","NDUFV1"
4.86943818600594e-13,0.383714213081467,0.658,0.39,9.74471969783508e-09,"9","LSM3"
5.02486940945346e-13,0.260596012839783,0.301,0.15,1.00557686621983e-08,"9","LETMD1"
5.49116307979602e-13,0.325489710080858,0.412,0.229,1.09889155552878e-08,"9","GPATCH2L"
5.57776047571679e-13,0.343551834596731,0.917,0.712,1.11622142640044e-08,"9","COX7A2"
5.60662627435704e-13,0.396302831751476,0.346,0.182,1.12199805002433e-08,"9","MCTS1"
6.02629057766535e-13,0.420269973901278,0.305,0.158,1.20598127040239e-08,"9","CDK6"
6.11510841963536e-13,0.298199429967669,0.477,0.268,1.22375549693743e-08,"9","DCP2"
6.61026788861818e-13,0.314647751703291,0.268,0.133,1.32284680987027e-08,"9","KIAA0232"
6.69908573058819e-13,0.255664157097593,0.357,0.187,1.34062103640531e-08,"9","ERGIC3"
7.00106639328624e-13,0.417234233579273,0.662,0.398,1.40105340662444e-08,"9","ARL6IP1"
7.087663789207e-13,0.616431823808925,0.908,0.752,1.4183832774961e-08,"9","GAPDH"
7.19646564562026e-13,0.312329949313351,0.39,0.208,1.44015670500153e-08,"9","TIMM13"
7.26307902709777e-13,0.334734401768207,0.314,0.162,1.45348737490281e-08,"9","GNAQ"
7.7760020644746e-13,0.315789602491955,0.327,0.171,1.55613353314266e-08,"9","USP10"
8.25339796506341e-13,0.282146194743826,0.684,0.394,1.65167000076849e-08,"9","MRPS21"
8.77298234058799e-13,0.360279878592632,0.381,0.203,1.75564922599847e-08,"9","MRPL11"
9.64561763794336e-13,0.25095094462107,0.826,0.561,1.93028100170523e-08,"9","POLR2J3.1"
9.74109681806112e-13,0.260520647065797,0.577,0.341,1.94938829523039e-08,"9","BAZ1A"
9.86544179681914e-13,0.25235695424562,0.551,0.312,1.97427221237945e-08,"9","CASP4"
1.00897068477934e-12,0.262863698572458,0.272,0.134,2.01915213438042e-08,"9","RMND5A"
1.07291953099775e-12,0.3206322306402,0.562,0.325,2.1471265654327e-08,"9","RCSD1"
1.09356967925578e-12,0.370007545838171,0.708,0.451,2.18845164212667e-08,"9","HNRNPR"
1.13353770814228e-12,0.288603516499288,0.514,0.293,2.26843566153434e-08,"9","PTEN"
1.15951692691851e-12,0.768290877651624,0.336,0.19,2.32042527414933e-08,"9","MX1"
1.16151532836284e-12,0.266748777899511,0.41,0.222,2.32442447511971e-08,"9","PPP4C"
1.2116974090759e-12,0.271280468226528,0.251,0.121,2.42484885504268e-08,"9","TCF12"
1.2134737659153e-12,0.311052467749268,0.259,0.128,2.42840370034969e-08,"9","AASDHPPT"
1.2152501227547e-12,0.389444078040574,0.253,0.125,2.4319585456567e-08,"9","TNPO3"
1.28208554883713e-12,0.2869444614818,0.519,0.293,2.56570960033287e-08,"9","AP2S1"
1.29496413592278e-12,0.341440991314163,0.826,0.582,2.59148222880867e-08,"9","SLC25A3"
1.32316380074826e-12,0.261592319537991,0.519,0.288,2.64791539805742e-08,"9","UBE2N"
1.33248967415511e-12,0.255267012170758,0.34,0.178,2.66657833591921e-08,"9","ERO1A"
1.34581235045061e-12,0.25715923940966,0.377,0.202,2.69323967572177e-08,"9","TXNDC12"
1.3997691894474e-12,0.253847043922971,0.434,0.236,2.80121810192213e-08,"9","RPAIN"
1.45972123277716e-12,0.263594030420231,0.536,0.307,2.92119413103364e-08,"9","GNB2"
1.48658862997308e-12,0.334161640417555,0.765,0.489,2.97496116630214e-08,"9","XRCC5"
1.48681067457801e-12,0.319404656828939,0.571,0.348,2.97540552196551e-08,"9","XAF1"
1.48725476378786e-12,0.267077103106118,0.381,0.202,2.97629423329226e-08,"9","OLA1"
1.49658063719471e-12,0.288165589516464,0.847,0.572,2.99495717115406e-08,"9","PCBP1"
1.52411416820541e-12,0.320470434211858,0.599,0.354,3.05005727341268e-08,"9","MRPL54"
1.54343204883389e-12,0.294974757900363,0.322,0.169,3.08871621612639e-08,"9","CMTM3"
1.65734093116043e-12,0.300881265171397,0.333,0.174,3.31667067143826e-08,"9","CCDC57"
1.67932334704801e-12,0.272076408891292,0.285,0.142,3.36066188211248e-08,"9","REV1"
1.72240000040347e-12,0.312355514447838,0.667,0.41,3.44686688080742e-08,"9","NDUFA2"
1.73616676590882e-12,0.328555674521888,0.294,0.151,3.47441693193673e-08,"9","EDEM1"
1.83830728417433e-12,0.442139617883098,0.702,0.436,3.67882053708968e-08,"9","SNRPG"
1.84785520218611e-12,0.25346443657663,0.336,0.174,3.69792783061484e-08,"9","SNX17"
1.89803728289917e-12,0.260520125419202,0.423,0.232,3.79835221053781e-08,"9","POLR2G"
1.95221616650088e-12,0.268229022699803,0.477,0.265,3.90677499240155e-08,"9","SS18L2"
1.99640304288096e-12,0.254416480767688,0.725,0.435,3.99520176941337e-08,"9","RWDD1"
2.1040946762696e-12,0.256329373914839,0.584,0.338,4.21071426615072e-08,"9","TMEM14B"
2.1067592115287e-12,0.273341282200385,0.397,0.216,4.21604653411123e-08,"9","ARHGEF6"
2.18491891246231e-12,0.382206632319981,0.34,0.185,4.37245972761957e-08,"9","INPP4B"
2.24487095579207e-12,0.264050782725549,0.318,0.166,4.49243575673108e-08,"9","DCUN1D1"
2.25552909682847e-12,0.284205692737135,0.59,0.343,4.51376482857313e-08,"9","SRSF6"
2.27395879903725e-12,0.259294064280746,0.283,0.142,4.55064634863334e-08,"9","PSMF1"
2.27418084364217e-12,0.344793597334046,0.804,0.535,4.55109070429671e-08,"9","HNRNPD"
2.40518716054794e-12,0.277881046847374,0.876,0.645,4.81326054568854e-08,"9","LRRFIP1"
2.42206255052224e-12,0.332148560693455,0.847,0.585,4.84703157610511e-08,"9","CLIC1"
2.43915998510147e-12,0.3155781006971,0.943,0.783,4.88124696218506e-08,"9","SUMO2"
2.490896378049e-12,0.260531489290334,0.336,0.176,4.98478183175166e-08,"9","ZBTB25"
2.69961830667853e-12,0.268213597695469,0.495,0.279,5.40247615532508e-08,"9","ELOC"
2.76667577736589e-12,0.270814432143161,0.505,0.286,5.53667156566462e-08,"9","EIF3I"
2.81175083216567e-12,0.337406574670008,0.525,0.305,5.62687576532994e-08,"9","ANXA11"
2.85127477184233e-12,0.33909121403099,0.405,0.225,5.70597107341086e-08,"9","NT5C3A"
3.14770431941724e-12,0.282453359121519,0.577,0.334,6.29918588401779e-08,"9","VDAC2"
3.19011483895792e-12,0.33578479916869,0.54,0.316,6.3840578157226e-08,"9","EIF2AK2"
3.21409565628983e-12,0.325451292700056,0.268,0.135,6.4320482273672e-08,"9","CWC27"
3.23230331389368e-12,0.935992225662709,0.691,0.449,6.46848539176403e-08,"9","TUBA1B"
3.73390207641933e-12,0.251000044764476,0.331,0.173,7.47228483533036e-08,"9","MRPS7"
3.8862246753979e-12,0.318723308470169,0.272,0.137,7.77711282040627e-08,"9","MRPL3"
3.9084291358904e-12,0.274635680862721,0.599,0.377,7.82154838674387e-08,"9","SATB1"
3.91264798338398e-12,0.271618698459206,0.481,0.273,7.82999114434801e-08,"9","PRPF8"
4.1027181651998e-12,0.308639960968397,0.312,0.163,8.21035959219785e-08,"9","TULP4"
4.13136191923513e-12,0.298637608663044,0.464,0.264,8.26768147277335e-08,"9","GTF3C6"
4.26836344047388e-12,0.322315436384452,0.251,0.125,8.54184891707632e-08,"9","WAC-AS1"
4.40492087250277e-12,0.261850480248212,0.305,0.158,8.81512765005255e-08,"9","SGTB"
4.64051019832823e-12,0.524744431817387,0.257,0.132,9.28658900889445e-08,"9","POU2F1"
5.28754817707977e-12,0.271249368956331,0.314,0.162,1.0581441411972e-07,"9","DDX1"
5.40456568387526e-12,0.269562217732139,0.784,0.495,1.08156168465712e-07,"9","NSD3"
5.47983880494485e-12,0.349076116373796,0.817,0.572,1.09662534164556e-07,"9","ARPC5"
5.75517411505189e-12,0.316693040423814,0.275,0.139,1.15172544390418e-07,"9","FBXL20"
5.92148552414073e-12,0.267527489711524,0.826,0.589,1.18500768309104e-07,"9","ARID4B"
6.039169164751e-12,0.255144288295321,0.978,0.893,1.20855853324997e-07,"9","HSP90AA1"
6.21946938395013e-12,0.367686410908502,0.466,0.266,1.2446402131161e-07,"9","TMEM256"
7.15449921528943e-12,0.297567390860583,0.566,0.328,1.43175838296372e-07,"9","GTF2A2"
7.17381709591791e-12,0.254420424119183,0.279,0.143,1.43562427723509e-07,"9","CEP135"
7.36988248206671e-12,0.25211942260757,0.671,0.414,1.47486088231119e-07,"9","TUT4"
7.4593664578515e-12,0.368394956489449,0.839,0.585,1.49276841554524e-07,"9","COX6A1"
7.57127693873372e-12,0.313224873390589,0.255,0.123,1.51516394097939e-07,"9","DTD1"
7.82507392216303e-12,0.318277323038637,0.436,0.243,1.56595379330327e-07,"9","CDC26"
7.88125120720906e-12,0.443252168697305,0.967,0.788,1.57719599158668e-07,"9","GMFG"
8.53517256871328e-12,0.315448935608684,0.453,0.254,1.7080587344509e-07,"9","HUWE1"
8.62110383081927e-12,0.295010646007962,0.331,0.176,1.72525529862355e-07,"9","ESD"
9.65827418042409e-12,0.262488439701991,0.549,0.322,1.93281382898647e-07,"9","MAX"
9.66537960778169e-12,0.278984463269043,0.255,0.128,1.93423576710927e-07,"9","UTP18"
9.94959670208573e-12,0.355904006529512,0.908,0.716,1.9911132920214e-07,"9","CORO1A"
1.06354924866991e-11,0.26958191665111,0.392,0.217,2.12837475643823e-07,"9","UBA2"
1.17752474437793e-11,0.273058406990806,0.362,0.197,2.35646251844912e-07,"9","ZNRD1"
1.2975842622609e-11,0.306129830320087,0.333,0.179,2.59672562563651e-07,"9","EBP"
1.33140165559098e-11,0.313411172202673,0.547,0.325,2.66440099316867e-07,"9","VPS29"
1.33215660724773e-11,0.405675787415038,0.588,0.358,2.66591180242415e-07,"9","ROMO1"
1.36581856935436e-11,0.28358163309849,0.27,0.138,2.73327612099195e-07,"9","ITGA6"
1.3899992268307e-11,0.268499986456025,0.294,0.152,2.78166645273359e-07,"9","CBFB"
1.39317446468112e-11,0.337812998684748,0.662,0.414,2.78802073871987e-07,"9","TXN"
1.44435574611634e-11,0.294211911379934,0.275,0.139,2.89044471912803e-07,"9","AHCYL1"
1.44604328511377e-11,0.263828514159335,0.342,0.182,2.89382182216968e-07,"9","RAMMET"
1.59647850495048e-11,0.514074242952679,0.54,0.327,3.19487278410691e-07,"9","IFI6"
1.6062040586462e-11,0.259497503117552,0.471,0.263,3.21433556216277e-07,"9","POLR2F"
1.61071156412618e-11,0.256900614794033,0.44,0.252,3.22335598212931e-07,"9","MAN1A2"
1.6479706488326e-11,0.375643998571526,0.821,0.59,3.29791886244379e-07,"9","PSMA7"
1.87110327232176e-11,0.288902899273601,0.281,0.144,3.74445186857031e-07,"9","ACTR10"
1.89059878863418e-11,0.281358632912514,0.782,0.516,3.78346629581472e-07,"9","MGAT4A"
2.02289296424851e-11,0.306738174987676,0.641,0.392,4.04821340005412e-07,"9","ZNF706"
2.02686756267667e-11,0.333748977016433,0.292,0.156,4.05616736642855e-07,"9","ICE2"
2.09496864300718e-11,0.262249127829315,0.253,0.128,4.19245124838596e-07,"9","ZNF609"
2.11775041947249e-11,0.265098888879096,0.658,0.409,4.23804213944834e-07,"9","ITGA4"
2.19877449580963e-11,0.262876516230321,0.355,0.194,4.40018752101423e-07,"9","RASSF3"
2.21167528735577e-11,0.265772633187821,0.425,0.237,4.42600458505638e-07,"9","TRAPPC2L"
2.25832685885052e-11,0.334244388901248,0.749,0.499,4.51936370993167e-07,"9","LDHA"
2.30744312545994e-11,0.253411671101234,0.266,0.135,4.61765518267043e-07,"9","ASNA1"
2.30893082431294e-11,0.324189891977181,0.854,0.62,4.62063236561505e-07,"9","SOD1"
2.68669531067189e-11,0.350309044904482,0.678,0.429,5.37661465571659e-07,"9","RBX1"
2.69049227341611e-11,0.253510252330906,0.486,0.279,5.38421313756032e-07,"9","ARF5"
2.8948843322496e-11,0.29588437230352,0.327,0.177,5.79324252569791e-07,"9","NMI"
3.14173131954476e-11,0.257546817755903,0.405,0.232,6.28723271667297e-07,"9","GOLGA8A"
3.21849213946734e-11,0.30504502535807,0.826,0.568,6.44084646950205e-07,"9","PTGES3"
3.94413390836235e-11,0.293845263095101,0.708,0.46,7.89300077741473e-07,"9","ADAR"
4.28834745491713e-11,0.258757801642958,0.497,0.294,8.58184092678016e-07,"9","PDCD5"
4.35702585122044e-11,0.254813151556648,0.444,0.254,8.71928013346235e-07,"9","PHB2"
4.47446524276529e-11,0.251239120276927,0.656,0.407,8.9542998438219e-07,"9","NIPBL"
4.51267911927289e-11,0.319365160366941,0.695,0.438,9.03077345348891e-07,"9","NDUFB10"
4.52304860232289e-11,0.272252148950853,0.453,0.261,9.05152486296856e-07,"9","PSMB7"
5.38720179577012e-11,0.26920519987446,0.27,0.141,1.07808682336952e-06,"9","PIBF1"
5.62907498391496e-11,0.362606491292831,0.739,0.498,1.12649048578106e-06,"9","SNRPF"
5.91322546483752e-11,0.356328089489561,0.534,0.327,1.18335468002329e-06,"9","COX5A"
6.06055206020528e-11,0.30787143503527,0.702,0.448,1.21283767828828e-06,"9","GNG5"
6.82622847136827e-11,0.29432885524472,0.27,0.141,1.36606484169022e-06,"9","THYN1"
7.4253270199165e-11,0.282558342422797,0.71,0.438,1.48595644322569e-06,"9","CSTB"
7.60200791205534e-11,0.314329650382847,0.721,0.461,1.52131382336052e-06,"9","POLR1D"
7.61184448805352e-11,0.292897020932247,0.595,0.355,1.52328231894927e-06,"9","SIVA1"
7.70585817377878e-11,0.32097281049886,0.749,0.482,1.54209633773661e-06,"9","ENO1"
8.1918472005782e-11,0.27329441647676,0.56,0.338,1.63935246177971e-06,"9","PRKDC"
8.31557045444242e-11,0.252229750752004,0.497,0.29,1.66411195934302e-06,"9","SSR3"
8.8378193652261e-11,0.259953777285687,0.394,0.225,1.76862441136905e-06,"9","SDF2L1"
1.06473274641417e-10,0.252128435565206,0.521,0.312,2.13074317212403e-06,"9","BUD31"
1.09709130668989e-10,0.262914435168589,0.717,0.454,2.19549912294781e-06,"9","UFC1"
1.18772325308214e-10,0.287141926484171,0.597,0.374,2.37687177406798e-06,"9","ATP5F1A"
1.22572396676901e-10,0.259424099829824,0.784,0.535,2.45291880229814e-06,"9","LY6E"
1.44873446572547e-10,0.278570168855126,0.307,0.166,2.8992074128098e-06,"9","AFTPH"
1.48555390211413e-10,0.254087599953149,0.821,0.534,2.9728904689108e-06,"9","STK17A"
1.49002366001127e-10,0.31401327675255,1,0.999,2.98183534841456e-06,"9","TMSB4X"
1.50930601350296e-10,0.270488648103251,0.983,0.878,3.02042319422213e-06,"9","ATP5MG"
1.5235590566931e-10,0.266257571874217,0.584,0.35,3.04894638425424e-06,"9","TMEM160"
1.55767843068588e-10,0.323941721462044,0.882,0.644,3.11722607548859e-06,"9","IFITM1"
1.58270285766093e-10,0.254314338375053,0.283,0.151,3.16730495875106e-06,"9","PTRHD1"
1.60466306908802e-10,0.293793261255374,0.283,0.153,3.21125173385894e-06,"9","AC008105.3"
1.71566538753609e-10,0.349392155438792,0.314,0.174,3.43338957353723e-06,"9","GADD45A"
1.91639148994227e-10,0.358479115556079,0.712,0.455,3.83508264967247e-06,"9","SUMO1"
2.13657758152408e-10,0.257576948620192,0.381,0.214,4.27571905614599e-06,"9","CHMP5"
2.16803464070381e-10,0.292782496370577,0.377,0.213,4.33867092297646e-06,"9","RHEB"
2.16927809049139e-10,0.260185956030901,0.675,0.439,4.34115931469137e-06,"9","CSNK1A1"
2.23955076705806e-10,0.309068072257181,0.547,0.338,4.4817889950366e-06,"9","ZNHIT1"
2.25437668532891e-10,0.2715856836948,0.471,0.277,4.51145862268021e-06,"9","FKBP1A"
2.28632890397762e-10,0.25586539392239,0.309,0.167,4.57540140264001e-06,"9","PHF12"
2.37562858274032e-10,0.281656715881799,0.329,0.181,4.75410791977993e-06,"9","ITPR2"
2.39795960865763e-10,0.251463534759124,0.691,0.434,4.79879676884565e-06,"9","BRK1"
2.56647147978128e-10,0.331595828764716,0.512,0.306,5.13602272533831e-06,"9","HNRNPAB"
2.81821677106109e-10,0.252652600753072,0.745,0.482,5.63981540224745e-06,"9","TAGLN2"
2.82669443407713e-10,0.25407797801309,0.675,0.428,5.65678090147514e-06,"9","SNRPB2"
2.84812839979054e-10,0.289796935565394,0.78,0.536,5.69967455366083e-06,"9","IFI16"
2.90413915138288e-10,0.267770671136087,0.277,0.147,5.81176326974742e-06,"9","TWF1"
3.01339619923624e-10,0.270911605415485,0.458,0.277,6.03040847391156e-06,"9","USP8"
3.2710323338847e-10,0.27685553416955,0.643,0.409,6.54598990657007e-06,"9","KHDRBS1"
3.33973515509456e-10,0.295380364274379,0.824,0.591,6.68347799237523e-06,"9","CLEC2D"
3.61862539932645e-10,0.2637220911111,0.708,0.451,7.24159314913209e-06,"9","PEBP1"
3.68675312500955e-10,0.322213136644511,0.913,0.701,7.3779303537691e-06,"9","FAM107B"
4.61505722526567e-10,0.308071409433759,0.804,0.555,9.23565251920166e-06,"9","NDUFB11"
4.62459182060115e-10,0.378645489868694,0.834,0.622,9.25473315138703e-06,"9","ATP5IF1"
5.45822054220935e-10,0.259404007037793,0.569,0.361,1.09229909490693e-05,"9","LGALS1"
5.78317171928688e-10,0.252540164973046,0.37,0.214,1.15732832446369e-05,"9","NDUFB6"
6.13337158839045e-10,0.309525314568075,0.545,0.33,1.2274103222687e-05,"9","GHITM"
6.50065778984299e-10,0.32108871829603,0.257,0.138,1.30091163690338e-05,"9","CMTM7"
7.95088883620565e-10,0.266643301780082,0.898,0.671,1.59113187390147e-05,"9","SMCHD1"
8.10526312733373e-10,0.324203876287227,0.996,0.954,1.62202525704203e-05,"9","HMGB1"
9.16145825868853e-10,0.292983398412391,0.767,0.509,1.83339102672875e-05,"9","RPS27L"
1.09950937243752e-09,0.289507627359891,0.937,0.767,2.20033815612197e-05,"9","SET"
1.21513443751553e-09,0.28823497312966,0.802,0.552,2.43172703635608e-05,"9","PARK7"
1.33733357721155e-09,0.306384806849816,0.736,0.497,2.67627195471576e-05,"9","DRAP1"
1.51582324470212e-09,0.291867271308699,0.588,0.366,3.03346547729788e-05,"9","MAGOH"
1.61922253383295e-09,0.318649488209495,0.527,0.32,3.24038813470651e-05,"9","RANBP1"
1.8267010126749e-09,0.319757398712932,0.431,0.253,3.65559406656502e-05,"9","POLE3"
2.03819938704441e-09,0.288694494740713,0.782,0.536,4.07884461335328e-05,"9","ATP5MF"
2.04610239862291e-09,0.265263308588599,0.834,0.605,4.09466012012416e-05,"9","NDUFB2"
2.09776862547528e-09,0.250043924853206,0.904,0.656,4.19805457330114e-05,"9","COX5B"
2.12514872366398e-09,0.287173869006724,0.656,0.429,4.25284762579636e-05,"9","MZT2A"
2.39192954332168e-09,0.377218097415021,0.821,0.599,4.78672940209535e-05,"9","COX8A"
2.42844166997713e-09,0.296215879147971,0.756,0.496,4.85979746995824e-05,"9","SNRPB"
3.64761776339151e-09,0.291123788359683,0.85,0.612,7.29961266809909e-05,"9","UQCR10"
3.99583188759323e-09,0.256266035330924,0.301,0.169,7.99645877345156e-05,"9","UBE2L6"
4.02132238619402e-09,0.255526902075562,0.322,0.183,8.04747035925146e-05,"9","HIST2H2AC"
4.13761580553285e-09,0.286943203646537,0.8,0.547,8.28019675003233e-05,"9","NEDD8"
7.58867391148499e-09,0.305613207606893,0.303,0.172,0.000151864542316638,"9","CENPX"
8.79629991068498e-09,0.267869531113886,0.819,0.595,0.000176031553812628,"9","COX7B"
9.79818604029958e-09,0.332834378513065,0.407,0.264,0.000196081299038475,"9","IFI44L"
9.91721749166175e-09,0.353045438034623,0.312,0.175,0.000198463356443135,"9","SIK3"
1.00898009947059e-08,0.26018323374299,0.83,0.637,0.000201917097506055,"9","FOXP1"
1.36230997593856e-08,0.260861441008143,0.593,0.378,0.000272625472384824,"9","TPI1"
1.47717749143794e-08,0.281374427142394,0.83,0.588,0.000295612759586561,"9","NUCKS1"
1.89258446692264e-08,0.266109132781665,0.932,0.797,0.000378744003520559,"9","CHCHD2"
2.17689415382694e-08,0.566743948314504,0.922,0.736,0.000435640058063846,"9","HMGN2"
2.69345419301459e-08,0.467249481796595,0.83,0.607,0.000539014053106079,"9","ISG20"
3.41938486414506e-08,0.294785095869341,0.556,0.353,0.000684287299012709,"9","PRDX1"
3.43183512718781e-08,0.25912325886738,0.76,0.533,0.000686778845652825,"9","NDUFB8"
6.48605562592053e-08,0.331103134752392,0.556,0.354,0.00129798945185922,"9","GLRX"
7.45925869960473e-08,0.283163212431337,0.27,0.153,0.0014927468509649,"9","RAB10"
1.21432168542768e-07,0.353731265127691,0.266,0.153,0.00243010055687787,"9","CNIH4"
1.39257313436225e-06,0.347523889184537,0.261,0.157,0.0278681735648574,"9","TNFSF10"
1.35754377479369e-05,0.313445200846025,0.272,0.175,0.271671660211713,"9","MX2"
0,4.26613030942121,0.982,0.066,0,"10","MS4A1"
0,4.31352374561972,0.967,0.057,0,"10","BANK1"
0,3.93354073447527,0.92,0.067,0,"10","CD79A"
0,3.7325861469112,0.909,0.089,0,"10","RALGPS2"
0,3.45259289077011,0.945,0.127,0,"10","HLA-DQA1"
0,3.80136346475275,0.843,0.07,0,"10","TNFRSF13C"
0,3.2891563353369,0.933,0.179,0,"10","HLA-DQB1"
0,3.42300934961168,1,0.257,0,"10","HLA-DRA"
0,2.81669353278378,0.845,0.13,0,"10","CD79B"
0,2.88390188333119,0.798,0.104,0,"10","MEF2C"
0,3.51387987777995,0.743,0.06,0,"10","TCF4"
0,3.14716060418279,0.701,0.057,0,"10","LINC00926"
0,2.91459853058989,0.723,0.089,0,"10","MARCH1"
0,2.73726870265203,0.776,0.143,0,"10","HLA-DMA"
0,2.57874002349954,0.94,0.327,0,"10","HLA-DRB1"
0,2.36243242058418,0.834,0.251,0,"10","POU2F2"
0,4.7729843340145,0.605,0.026,0,"10","IGHG3"
0,2.6343731310189,0.984,0.407,0,"10","HLA-DPA1"
0,3.06544638799749,0.661,0.091,0,"10","HLA-DMB"
0,2.8519880244243,0.676,0.109,0,"10","CCDC50"
0,3.29462805113228,0.627,0.064,0,"10","SWAP70"
0,3.94882444733804,0.588,0.032,0,"10","COBLL1"
0,4.11951826724365,0.574,0.019,0,"10","IGHG1"
0,3.30775741627098,0.596,0.042,0,"10","CD22"
0,4.70628240757559,0.57,0.021,0,"10","BLK"
0,4.60092820084977,0.574,0.033,0,"10","SCIMP"
0,2.9672504238994,0.599,0.059,0,"10","BCL11A"
0,3.41574588861488,0.568,0.048,0,"10","ADAM28"
0,3.2154212828871,0.581,0.066,0,"10","MARCKS"
0,2.98919350974048,0.59,0.09,0,"10","HLA-DQA2"
0,4.20988412086859,0.53,0.034,0,"10","CLECL1"
0,2.73626561538101,1,0.506,0,"10","HLA-DPB1"
0,4.67969002550911,0.514,0.021,0,"10","FCRL2"
0,3.16007420485826,1,0.51,0,"10","CD74"
0,2.12794440026257,0.692,0.204,0,"10","SNX2"
0,3.13612527602294,0.543,0.062,0,"10","LY86"
0,2.50246648271506,0.616,0.137,0,"10","TMEM154"
0,2.27928583019579,0.616,0.137,0,"10","CD83"
0,3.72050787577152,0.519,0.041,0,"10","GNG7"
0,1.97566888966187,0.656,0.179,0,"10","MTSS1"
0,2.37653818839273,0.594,0.124,0,"10","IFT57"
0,1.91001616113218,0.614,0.154,0,"10","STX7"
0,3.04668089733608,0.521,0.065,0,"10","CIITA"
0,3.3875959184868,0.503,0.051,0,"10","P2RX5"
0,2.34533803057216,0.55,0.101,0,"10","CXXC5"
0,3.56336424699256,0.479,0.03,0,"10","PAX5"
0,4.12980461385756,0.472,0.023,0,"10","SPIB"
0,3.18188516519664,0.661,0.213,0,"10","IGKC"
0,2.45680646830235,0.565,0.119,0,"10","SEL1L3"
0,3.19009005712441,0.53,0.086,0,"10","DAPP1"
0,2.70805280721968,0.506,0.062,0,"10","AFF3"
0,4.74635795123615,0.461,0.021,0,"10","CPNE5"
0,4.22202664641731,0.459,0.022,0,"10","CD24"
0,2.36017776088249,0.512,0.077,0,"10","IRF8"
0,1.74553685333989,0.665,0.232,0,"10","GPR183"
0,2.10274017084687,0.539,0.109,0,"10","IGHA1"
0,1.55558044526062,0.838,0.41,0,"10","EZR"
0,3.19370157764767,0.472,0.048,0,"10","BASP1"
0,4.07292282885986,0.443,0.023,0,"10","POU2AF1"
0,2.04370024563201,0.537,0.119,0,"10","CTSZ"
0,2.6514632958559,0.49,0.072,0,"10","EAF2"
0,4.16641778229236,0.435,0.018,0,"10","EBF1"
0,5.67918317948417,0.428,0.012,0,"10","AIM2"
0,6.69006576072429,0.421,0.005,0,"10","TNFRSF13B"
0,2.91166912266665,0.492,0.078,0,"10","SYK"
0,1.43100918963346,0.732,0.328,0,"10","ATP2B1"
0,1.97793563406389,0.543,0.14,0,"10","BCL2A1"
0,2.77532554406974,0.477,0.074,0,"10","CD82"
0,1.69286488619066,0.761,0.362,0,"10","HERPUD1"
0,1.86104283655084,0.579,0.18,0,"10","PLEKHO1"
0,2.50556625842631,0.49,0.096,0,"10","NFKBID"
0,3.07484550116729,0.428,0.036,0,"10","JCHAIN"
0,1.87734757055674,0.51,0.12,0,"10","TPD52"
0,4.98546685625898,0.41,0.02,0,"10","FCRL5"
0,2.85385387861113,0.461,0.074,0,"10","PHACTR1"
0,1.93262859476762,0.552,0.165,0,"10","SYPL1"
0,1.67557491849507,0.548,0.173,0,"10","TMEM156"
0,4.05369856369868,0.401,0.026,0,"10","ARHGAP24"
0,3.73160440110688,0.404,0.03,0,"10","OSBPL10"
0,3.1693922504692,0.415,0.042,0,"10","GAPT"
0,5.72991641500984,0.377,0.006,0,"10","IGHG2"
0,2.13612478255777,0.517,0.15,0,"10","ADK"
0,0.765620877384604,0.701,0.335,0,"10","COTL1"
0,1.68408363940859,0.574,0.211,0,"10","MEF2A"
0,5.47873420626822,0.373,0.012,0,"10","PPP1R14A"
0,2.94228524117214,0.404,0.044,0,"10","PDLIM1"
0,2.02339206734691,0.479,0.12,0,"10","ZDHHC21"
0,2.42992142031123,0.439,0.081,0,"10","HVCN1"
0,3.95268838682997,0.435,0.077,0,"10","IGLC2"
0,4.87226641193126,0.368,0.012,0,"10","TLR10"
0,3.28007931976746,0.39,0.036,0,"10","CD40"
0,1.17924643469483,0.752,0.398,0,"10","RNASET2"
0,1.76194465608232,0.545,0.192,0,"10","UBE2J1"
0,1.04940816075188,0.847,0.494,0,"10","MTPN"
0,1.30607857427838,0.63,0.28,0,"10","MIS18BP1"
0,1.81751311587423,0.49,0.141,0,"10","TTN"
0,1.377407463824,0.508,0.159,0,"10","SKAP2"
0,1.39217565298602,0.623,0.274,0,"10","NCOA3"
0,3.46068034602674,0.373,0.026,0,"10","HLA-DOB"
0,1.34909815021936,0.508,0.162,0,"10","LYN"
0,3.42769121891419,0.366,0.025,0,"10","BLNK"
0,2.0842197099288,0.443,0.104,0,"10","ORAI2"
0,3.49472858724101,0.364,0.027,0,"10","PKIG"
0,1.26811970730603,0.736,0.4,0,"10","SNX3"
0,2.2571330208972,0.45,0.115,0,"10","SMIM14"
0,4.64904086762511,0.348,0.013,0,"10","CDK14"
0,2.20929585678144,0.43,0.095,0,"10","STRBP"
0,2.08589910724104,0.419,0.086,0,"10","IGHM"
0,2.3731000805147,0.415,0.083,0,"10","CTSH"
0,1.06346585402086,0.783,0.453,0,"10","PRDM2"
0,1.15153575694654,0.849,0.519,0,"10","EVI2B"
0,1.72344785257641,0.472,0.144,0,"10","PHTF2"
0,4.06053955785579,0.368,0.041,0,"10","IGLC3"
0,1.63576913951194,0.497,0.172,0,"10","SYNGR2"
0,1.44341484198913,0.499,0.175,0,"10","SP140"
0,3.14106503356929,0.364,0.04,0,"10","BTK"
0,1.35913008111668,0.623,0.299,0,"10","PTPN1"
0,1.111217465636,0.796,0.473,0,"10","PRKCB"
0,1.38024140724572,0.554,0.232,0,"10","RAB11FIP1"
0,3.84731875894474,0.344,0.023,0,"10","WDFY4"
0,2.84648697565578,0.35,0.03,0,"10","FCRL1"
0,2.36376026008,0.404,0.086,0,"10","MIR29B2CHG"
0,6.23984180598652,0.324,0.006,0,"10","LINC01781"
0,3.66321768603916,0.344,0.026,0,"10","RASGRP3"
0,3.04481079643008,0.35,0.032,0,"10","VPREB3"
0,1.13501288325793,0.616,0.301,0,"10","FCMR"
0,1.92278928119652,0.428,0.115,0,"10","RHOQ"
0,1.0989867049313,0.486,0.173,0,"10","NCF1"
0,1.39281164092323,0.392,0.079,0,"10","CYBB"
0,0.980643803526816,0.789,0.477,0,"10","REL"
0,1.27097253000661,0.53,0.22,0,"10","PTPN6"
0,1.56384493968819,0.455,0.146,0,"10","UVRAG"
0,1.22761856347378,0.537,0.229,0,"10","PARP1"
0,1.80899210420844,0.443,0.137,0,"10","GGA2"
0,1.10089119761554,0.579,0.273,0,"10","MAP3K1"
0,3.22933430058004,0.328,0.024,0,"10","LINC02397"
0,1.0081203150176,0.608,0.305,0,"10","TRIM38"
0,0.978718734097839,0.647,0.345,0,"10","BIRC3"
0,2.73161532680488,0.353,0.052,0,"10","GRK3"
0,1.5274585579343,0.47,0.169,0,"10","DNAJC10"
0,1.86778227042027,0.421,0.121,0,"10","SMARCB1"
0,1.98223044057605,0.373,0.075,0,"10","PLCG2"
0,3.33696600963168,0.326,0.029,0,"10","FCGR2B"
0,4.03093036132148,0.319,0.023,0,"10","TBC1D9"
0,3.96808859772415,0.313,0.017,0,"10","CD19"
0,2.19435718057613,0.399,0.104,0,"10","LRMP"
0,1.81509885616315,0.406,0.113,0,"10","SMC6"
0,2.10024818557169,0.397,0.104,0,"10","FAM3C"
0,2.29214880286158,0.364,0.072,0,"10","CYSLTR1"
0,1.44540793390435,0.466,0.175,0,"10","WASHC4"
0,3.97562820089557,0.306,0.015,0,"10","FCRLA"
0,1.61939767339342,0.417,0.128,0,"10","TCF3"
0,2.15650157283313,0.379,0.091,0,"10","DAAM1"
0,1.12543441972952,0.581,0.295,0,"10","CHCHD10"
0,3.2215842288452,0.317,0.032,0,"10","FGD2"
0,3.72188548455481,0.308,0.023,0,"10","FAM30A"
0,1.60573782753322,0.419,0.134,0,"10","TSPAN3"
0,1.85704414833262,0.43,0.146,0,"10","RHOB"
0,1.03548644110377,0.701,0.418,0,"10","GRB2"
0,1.48992438316602,0.424,0.147,0,"10","DRAM2"
0,0.824045182812235,0.605,0.329,0,"10","ARID5B"
0,1.00405246823436,0.585,0.31,0,"10","ITSN2"
0,1.06916240263609,0.528,0.255,0,"10","PMAIP1"
0,2.22779245009063,0.348,0.075,0,"10","CAPG"
0,0.802991101380515,0.581,0.309,0,"10","PPM1K"
0,0.815321738626193,0.537,0.266,0,"10","SHOC2"
0,2.60829984907478,0.328,0.058,0,"10","DDAH2"
0,0.851852780573347,0.647,0.378,0,"10","SP110"
0,0.906669981247578,0.616,0.347,0,"10","UPF2"
0,1.69411485224181,0.421,0.153,0,"10","TP53INP1"
0,1.66915605280939,0.37,0.102,0,"10","FCHSD2"
0,1.56319930302176,0.381,0.114,0,"10","CAMK1D"
0,1.456746306076,0.424,0.157,0,"10","FAM96A"
0,1.74735389964357,1,0.733,0,"10","CD37"
0,1.04015028886175,0.488,0.225,0,"10","PLP2"
0,8.19997339105127,0.264,0.001,0,"10","SSPN"
0,2.30408786046904,0.324,0.061,0,"10","BCL7A"
0,0.971646685074032,0.532,0.269,0,"10","ZFAND6"
0,0.755539396825411,0.723,0.46,0,"10","ISCU"
0,1.47347194854065,0.397,0.135,0,"10","PIKFYVE"
0,0.729529632387536,0.789,0.528,0,"10","TCEA1"
0,1.77279018230919,0.366,0.105,0,"10","BCAS4"
0,2.35889546212435,0.282,0.021,0,"10","IGHG4"
0,3.19041751070386,0.29,0.029,0,"10","SEMA4B"
0,3.52937263008628,0.29,0.03,0,"10","CD86"
0,2.62125668939783,0.295,0.036,0,"10","FAM129C"
0,0.761836593842142,0.621,0.364,0,"10","TMEM243"
0,0.894292979008197,0.86,0.606,0,"10","SMAP2"
0,0.946655995262096,0.497,0.245,0,"10","ZCCHC7"
0,1.87654115479899,0.35,0.098,0,"10","CYB561A3"
0,1.27789379134191,0.399,0.148,0,"10","TRAF5"
0,1.19619218568766,0.437,0.186,0,"10","ACBD3"
0,3.30955213795234,0.282,0.031,0,"10","KYNU"
0,1.44467801421034,0.35,0.099,0,"10","LAT2"
0,1.00489384415206,0.483,0.232,0,"10","NT5C"
0,0.629283698559082,0.67,0.42,0,"10","JMJD1C"
0,3.23008761898458,0.275,0.025,0,"10","HLA-DOA"
0,4.05018356722954,0.266,0.016,0,"10","IGHA2"
0,0.542253102982466,0.685,0.436,0,"10","IKZF3"
0,1.9354133352886,0.344,0.095,0,"10","ANXA4"
0,0.982193886285561,0.459,0.211,0,"10","PHKB"
0,2.14028129485949,0.315,0.067,0,"10","METTL7A"
0,0.797186993029421,0.51,0.263,0,"10","PPP3CA"
0,1.2906753876278,0.428,0.181,0,"10","VOPP1"
0,1.77289699887357,0.37,0.124,0,"10","FCRL3"
0,0.900418397733821,0.494,0.248,0,"10","PARP15"
0,2.17711462629785,0.304,0.058,0,"10","SETBP1"
0,0.954908288569268,0.541,0.296,0,"10","GDI2"
0,2.74931606572029,0.288,0.044,0,"10","ALOX5"
0,2.76800122514078,0.284,0.042,0,"10","NCF4"
0,0.764376199295458,0.57,0.328,0,"10","CMTM6"
0,0.892058392222546,0.816,0.575,0,"10","LTB"
0,1.46815351942864,0.306,0.073,0,"10","TLE1"
0,2.48755647748055,0.273,0.042,0,"10","HHEX"
0,1.16578309241822,0.39,0.16,0,"10","ANKRD13A"
0,2.16999681247226,0.286,0.056,0,"10","TMED8"
0,0.563152738590755,0.654,0.425,0,"10","IER5"
0,1.02026507996845,0.488,0.259,0,"10","MKNK2"
0,1.67558177426923,0.346,0.119,0,"10","RASGEF1B"
0,0.674463905549718,0.843,0.617,0,"10","SLC25A6"
0,0.961228830260716,0.395,0.171,0,"10","PRKD3"
0,0.523462635327699,0.805,0.582,0,"10","PPP1R15A"
0,0.954448853438398,0.435,0.212,0,"10","AIDA"
0,1.29266790493706,0.373,0.15,0,"10","DMXL1"
0,1.2537766847599,0.346,0.123,0,"10","SNX10"
0,1.20885741635358,0.37,0.148,0,"10","KIAA0040"
0,0.54592793766245,0.734,0.513,0,"10","MOB1A"
0,2.31031239363636,0.264,0.045,0,"10","ADAM19"
0,1.6096924968186,0.317,0.098,0,"10","SCPEP1"
0,0.749717907439396,0.45,0.231,0,"10","AC004687.1"
0,2.28808844057283,0.273,0.055,0,"10","BMP2K"
0,0.65301021741404,0.51,0.292,0,"10","ATP2B1-AS1"
0,0.824789752339412,0.446,0.228,0,"10","APPL1"
0,0.973333337395266,0.902,0.684,0,"10","LAPTM5"
0,0.868836227118563,0.701,0.483,0,"10","TAGLN2"
0,0.826924338237896,0.486,0.268,0,"10","MBD4"
0,2.91655882888875,0.279,0.062,0,"10","MPP6"
0,1.59095563537671,0.302,0.086,0,"10","PXK"
0,1.85152098967253,0.293,0.077,0,"10","QRSL1"
0,0.736723261482936,0.639,0.424,0,"10","ZBTB20"
0,0.791806980006906,0.452,0.238,0,"10","CSNK1G3"
0,1.20354069283608,0.328,0.114,0,"10","RHBDF2"
0,0.641916690663045,0.69,0.477,0,"10","RPL22L1"
0,2.64745790639481,0.253,0.041,0,"10","ACP5"
0,2.05161427661829,0.475,0.263,0,"10","RGS2"
0,1.55375343898436,0.344,0.132,0,"10","HSPA4"
0,0.630047173021853,0.758,0.546,0,"10","ZFP36L1"
0,2.16161732476674,0.264,0.054,0,"10","CCDC141"
0,1.74150876342337,0.279,0.069,0,"10","TFEB"
0,1.48433778645084,0.304,0.095,0,"10","ARHGAP17"
0,1.04257632703869,0.37,0.161,0,"10","BACH1"
0,0.822521059419943,0.435,0.227,0,"10","CNPY3"
0,0.643059038745973,0.59,0.382,0,"10","UBE2I"
0,0.887598846335083,0.468,0.262,0,"10","B4GALT1"
0,0.759365426444806,0.461,0.256,0,"10","ODC1"
0,1.57623896109016,0.299,0.094,0,"10","CHPT1"
0,1.1501630763543,0.373,0.168,0,"10","YWHAH"
0,0.434038251802494,0.876,0.672,0,"10","SMCHD1"
0,1.28723837622486,0.315,0.113,0,"10","HSH2D"
0,2.25004979940233,0.268,0.067,0,"10","LYPLAL1"
0,0.823434816318144,0.406,0.206,0,"10","DENND4A"
0,0.893150459745628,0.386,0.186,0,"10","LMO4"
0,0.564294097465119,0.437,0.237,0,"10","RAPGEF1"
0,1.27778116988572,0.328,0.128,0,"10","TBC1D22A"
0,1.35587540154787,0.299,0.099,0,"10","P2RY10"
0,0.689027627818022,0.501,0.302,0,"10","NIN"
0,1.37923387347645,0.319,0.12,0,"10","SPINT2"
0,0.798249057691435,0.918,0.72,0,"10","KLF6"
0,0.857673875411038,0.399,0.202,0,"10","LSM10"
0,1.4838266747212,0.302,0.105,0,"10","KDM4B"
0,1.00402302583576,0.348,0.153,0,"10","TCOF1"
0,0.97857962185624,0.43,0.237,0,"10","AC103591.3"
0,1.67184559899638,0.299,0.106,0,"10","NR4A1"
0,1.53206978491404,0.277,0.084,0,"10","IFNGR2"
0,1.31543215661714,0.377,0.185,0,"10","PELI1"
0,0.777002991844412,0.41,0.218,0,"10","RERE"
0,1.80100378688325,0.264,0.073,0,"10","RNF141"
0,0.592211623081074,0.882,0.692,0,"10","UQCRH"
0,0.97360010505507,0.39,0.2,0,"10","ELOVL5"
0,0.827373300632915,0.397,0.208,0,"10","SINHCAF"
0,0.796191096836593,0.441,0.253,0,"10","DBNL"
0,0.993684394685952,0.353,0.165,0,"10","AFTPH"
0,0.776119581151648,0.373,0.186,0,"10","UGCG"
0,1.44614320936834,0.286,0.099,0,"10","NBPF14"
0,1.0600118110347,0.315,0.132,0,"10","CHD7"
0,0.934817842383621,0.344,0.161,0,"10","WDR11"
0,1.04017249231665,0.33,0.148,0,"10","PLEKHF2"
0,0.655500866079137,0.341,0.161,0,"10","RIC3"
0,1.38830590102464,0.275,0.096,0,"10","LINC01215"
0,2.07266446633169,0.255,0.077,0,"10","GPR18"
0,0.815589023630958,0.616,0.44,0,"10","GABARAPL2"
0,1.3792049751707,0.266,0.091,0,"10","AMFR"
0,1.67458394123069,0.255,0.081,0,"10","TOR3A"
0,1.3818550944554,0.302,0.128,0,"10","OTUD1"
0,0.846494176147147,0.322,0.152,0,"10","CCDC6"
0,0.686474238797936,0.348,0.179,0,"10","RABEP1"
0,1.08659289350787,0.277,0.11,0,"10","TLE3"
0,0.854372446900107,0.348,0.183,0,"10","NUDT4"
0,0.936899566628765,0.266,0.102,0,"10","PIK3AP1"
0,0.775508957669363,0.333,0.169,0,"10","RB1"
0,1.0749526849764,0.266,0.106,0,"10","NOC3L"
0,0.775430638301812,0.33,0.17,0,"10","LMBRD1"
0,0.99726550922242,0.293,0.133,0,"10","A1BG"
0,0.929376623204841,0.286,0.128,0,"10","PHF6"
0,1.12156943254666,0.266,0.11,0,"10","PLPP5"
0,1.01613417654584,0.266,0.11,0,"10","VEGFB"
0,1.02824237844662,0.275,0.12,0,"10","DUSP22"
0,0.403604264399688,0.911,0.759,0,"10","NAP1L1"
0,1.04311050265808,0.279,0.129,0,"10","NIPA2"
0,1.00797054277556,0.259,0.111,0,"10","NUP88"
0,0.3894067569271,0.922,0.776,0,"10","HSP90AB1"
0,0.77858977606257,0.279,0.135,0,"10","AKAP11"
0,1.07550303799323,0.251,0.108,0,"10","NFKB2"
0,0.250372013155925,0.253,0.112,0,"10","GRN"
0,0.962037843547594,0.257,0.117,0,"10","DPYSL2"
0,0.530024083344907,0.978,0.842,0,"10","MT-ND4L"
0,0.594260929270163,0.951,0.816,0,"10","ARPC3"
0,0.587338865282484,0.98,0.877,0,"10","OAZ1"
0,0.329671536674573,0.958,0.864,0,"10","PNISR"
0,0.707093553301568,1,0.919,0,"10","CD52"
0,0.425573619587087,0.982,0.927,0,"10","EEF1B2"
0,0.365610474472132,0.996,0.954,0,"10","RPS5"
0,0.664249868576678,0.998,0.957,0,"10","JUND"
0,0.352343204530174,1,0.967,0,"10","RPL23"
0,0.352600144479169,0.998,0.974,0,"10","RPS20"
0,0.458775650415236,0.998,0.977,0,"10","RPL8"
0,0.258660000047745,1,0.98,0,"10","RPS21"
0,0.269944879762513,1,0.987,0,"10","RPL29"
0,0.250395925358462,1,0.988,0,"10","RPL7A"
0,0.410432984514314,0.998,0.988,0,"10","RPL12"
0,0.301846581920685,1,0.991,0,"10","FAU"
0,0.522433008457402,1,0.992,0,"10","RPS8"
0,0.282889007923874,0.998,0.99,0,"10","RPL23A"
0,0.25115043494724,1,0.992,0,"10","RPL18"
0,0.752067755044963,1,0.992,0,"10","RPS11"
0,0.394526026346003,1,0.993,0,"10","RPS23"
0,0.336105963448598,1,0.993,0,"10","RPL39"
0,0.295106318801079,1,0.993,0,"10","RPLP2"
0,0.276635906925239,1,0.993,0,"10","RPS2"
0,0.30500670095928,1,0.993,0,"10","RPL18A"
0,0.355126049825166,1,0.995,0,"10","RPL11"
0,0.280502425993606,0.998,0.993,0,"10","RPL27A"
0,0.312661827901168,1,0.995,0,"10","RPL41"
0,0.432303352871687,1,0.995,0,"10","RPL13A"
0,0.385314314707395,1,0.996,0,"10","PTMA"
0,0.352933946725511,1,0.996,0,"10","RPS18"
0,0.36940106705489,1,0.997,0,"10","RPLP1"
0,0.305743938973119,1,0.999,0,"10","MT-CO3"
0,0.428520748136171,1,0.999,0,"10","MT-ND3"
0,0.371666563780302,1,0.999,0,"10","MT-ND4"
2.22044604925031e-16,0.441542751869679,0.914,0.732,4.44355663375973e-12,"10","ZFAS1"
2.22044604925031e-16,0.927988717914896,0.31,0.159,4.44355663375973e-12,"10","EEA1"
2.22044604925031e-16,0.279909598426594,0.976,0.953,4.44355663375973e-12,"10","RACK1"
4.44089209850063e-16,0.554396737087339,0.479,0.28,8.88711326751945e-12,"10","MAP4K4"
4.44089209850063e-16,0.389320554945246,0.92,0.755,8.88711326751945e-12,"10","TRA2B"
1.11022302462516e-15,0.541968135914577,0.736,0.529,2.22177831687986e-11,"10","DDX21"
1.11022302462516e-15,0.881791359911811,0.264,0.129,2.22177831687986e-11,"10","TMEM131"
1.55431223447522e-15,0.567026164020699,0.63,0.436,3.11048964363181e-11,"10","UCP2"
1.55431223447522e-15,0.655561856037544,0.481,0.294,3.11048964363181e-11,"10","ARL4A"
1.99840144432528e-15,0.807179089903364,0.35,0.196,3.99920097038375e-11,"10","IFNAR1"
1.99840144432528e-15,0.294474132407831,0.978,0.919,3.99920097038375e-11,"10","RPL4"
2.44249065417534e-15,0.395789663950183,0.92,0.8,4.8879122971357e-11,"10","EEF2"
2.66453525910038e-15,0.715221002444468,0.641,0.436,5.33226796051167e-11,"10","TSTD1"
2.88657986402541e-15,0.827743381284154,0.388,0.226,5.77662362388764e-11,"10","KDM6B"
3.77475828372553e-15,0.835366840119007,0.297,0.159,7.55404627739154e-11,"10","KCNQ1OT1"
4.21884749357559e-15,0.723461670054661,0.408,0.235,8.44275760414348e-11,"10","MAP3K8"
5.10702591327572e-15,0.839894575751285,0.251,0.122,1.02201802576474e-10,"10","ACADM"
9.10382880192628e-15,0.79776821815591,0.293,0.153,1.82185821984149e-10,"10","CYB5R4"
1.13242748511766e-14,0.624324676742699,0.483,0.297,2.26621388321746e-10,"10","SH3BP5"
1.37667655053519e-14,0.458255569821041,0.443,0.257,2.75500511293103e-10,"10","CHD9"
2.1094237467878e-14,0.857611097434238,0.266,0.136,4.22137880207174e-10,"10","BCL10"
2.1538326677728e-14,0.620214687201228,0.346,0.188,4.31024993474693e-10,"10","STAT6"
2.37587727269783e-14,0.620258256059616,0.472,0.292,4.75460559812291e-10,"10","PARP14"
5.86197757002083e-14,0.533517127266825,0.565,0.366,1.17309895131257e-09,"10","SNHG7"
7.0832228971085e-14,0.748718747873579,0.676,0.513,1.41749456616935e-09,"10","CRIP1"
1.01918473660589e-13,0.753145953693907,0.297,0.159,2.03959249489571e-09,"10","KIF20B"
1.4299672557172e-13,0.308088662575584,0.938,0.843,2.86165047214126e-09,"10","YWHAZ"
1.59650070941098e-13,0.46475935470095,0.608,0.393,3.19491721967324e-09,"10","ZNF706"
2.30926389122033e-13,0.388282126639736,0.652,0.441,4.62129889911012e-09,"10","BOD1L1"
3.23296944770846e-13,0.651345940457206,0.377,0.223,6.46981845875416e-09,"10","TANK"
3.99014155050281e-13,0.610498801924533,0.308,0.167,7.98507127086623e-09,"10","PWP1"
4.36317648677687e-13,0.5015638910979,0.388,0.222,8.73158878533786e-09,"10","LPGAT1"
1.27275967543028e-12,1.02362054679973,0.257,0.137,2.54704666247108e-08,"10","LY9"
1.36735067712834e-12,0.322831451098899,0.836,0.695,2.73634217506924e-08,"10","CALM2"
1.38533629012727e-12,0.31084714018382,0.896,0.794,2.77233498380269e-08,"10","RIPOR2"
2.16893170090771e-12,0.512480924012182,0.488,0.319,4.3404661198565e-08,"10","MT-ATP8"
2.25153229393982e-12,0.391980777538089,0.785,0.608,4.50576642663236e-08,"10","ISG20"
2.26685337167964e-12,0.541983240148121,0.461,0.293,4.5364269674053e-08,"10","CDC40"
2.37876385256186e-12,0.729101009998373,0.315,0.178,4.7603822217468e-08,"10","MOB3A"
2.71893618730701e-12,0.675402014723322,0.253,0.132,5.44113509803879e-08,"10","NR1H2"
4.25215418431435e-12,0.469696502570543,0.716,0.542,8.50941095364988e-08,"10","MTDH"
4.27724522467088e-12,0.662561909276428,0.284,0.154,8.55962314361136e-08,"10","ERGIC1"
4.3980374897501e-12,0.767617505488167,0.275,0.152,8.80135262448789e-08,"10","TNIP2"
6.12287998080774e-12,0.41294871776855,0.714,0.528,1.22531074175924e-07,"10","LSM7"
8.88600304449483e-12,0.58073933495784,0.392,0.235,1.7782669292643e-07,"10","ARHGAP25"
9.70223901219924e-12,0.429955588052673,0.723,0.533,1.94161207112131e-07,"10","SMDT1"
1.12136966379239e-11,0.6527998583771,0.364,0.218,2.24408497118134e-07,"10","IQSEC1"
1.17357235041027e-11,0.37681301823119,0.455,0.28,2.34855298764103e-07,"10","OFD1"
1.62236890588474e-11,0.455369858719615,0.31,0.178,3.24668465445654e-07,"10","PPP1R14B"
1.75157666149062e-11,0.414280037753932,0.725,0.539,3.50525521497502e-07,"10","MYCBP2"
1.96371807703599e-11,0.641679834901348,0.406,0.258,3.92979261576443e-07,"10","PDCD6IP"
2.03248529118127e-11,0.271686426560165,0.807,0.586,4.06740956471197e-07,"10","CLIC1"
2.19642082299742e-11,0.562151623220321,0.277,0.151,4.39547735098245e-07,"10","PTRHD1"
3.59074991962416e-11,0.617943947075614,0.435,0.275,7.18580873915187e-07,"10","MRPL52"
4.42479386464356e-11,0.357569593728098,0.747,0.554,8.8548974819247e-07,"10","SH3BGRL"
4.97843988256363e-11,0.885308333559833,0.262,0.148,9.96285389298635e-07,"10","MYC"
5.0001558449253e-11,0.521210896466136,0.35,0.208,1.00063118768645e-06,"10","GALNT1"
6.31421581687164e-11,0.612016208217706,0.313,0.182,1.26360086927235e-06,"10","MARF1"
6.32689456381286e-11,0.355542442770895,0.559,0.368,1.26613814011023e-06,"10","RBM26"
6.6339156390427e-11,0.555372244636972,0.295,0.167,1.32757919768522e-06,"10","TMEM134"
7.14952541613911e-11,0.389255144146704,0.769,0.627,1.43076302627776e-06,"10","PLAC8"
7.8103523648565e-11,0.264348843195526,0.967,0.902,1.56300771525508e-06,"10","PPIA"
8.23581203235335e-11,0.488099668949934,0.448,0.287,1.64815070391455e-06,"10","PABPC4"
1.01162189736215e-10,0.393965318431971,0.417,0.257,2.02445774100113e-06,"10","ASAH1"
1.01243902150827e-10,0.410954773039956,0.765,0.595,2.02609296984235e-06,"10","ERP29"
1.01561203891265e-10,0.65474374278429,0.277,0.156,2.032442812272e-06,"10","TBC1D5"
1.22825305481911e-10,0.459633707973703,0.523,0.355,2.457980013304e-06,"10","RASGRP2"
1.35041755555676e-10,0.411155747099609,0.43,0.27,2.70245561218019e-06,"10","DGKD"
1.48390189025349e-10,0.453315144360318,0.412,0.261,2.96958446277529e-06,"10","TAGAP"
1.49960710515984e-10,0.748153976814646,0.253,0.142,3.00101373884587e-06,"10","LYSMD2"
2.60963695097871e-10,0.445403732430956,0.761,0.582,5.2224054662986e-06,"10","SEC62"
3.04857916688661e-10,0.712918245132013,0.31,0.188,6.10081662877349e-06,"10","BORCS5"
3.26810800643784e-10,0.470748036777827,0.253,0.139,6.54013774248341e-06,"10","RPS6KA5"
6.02945915417763e-10,0.688766974019642,0.293,0.173,1.20661536593403e-05,"10","TFRC"
6.12670358890455e-10,0.554077098521995,0.297,0.175,1.22607592221158e-05,"10","SNAP23"
6.82780276761719e-10,0.295855794116976,0.92,0.823,1.36637988985555e-05,"10","YBX1"
7.39794892012924e-10,0.418602789420324,0.687,0.504,1.48047753789626e-05,"10","HSPE1"
7.66737562329922e-10,0.448434355454968,0.33,0.197,1.53439520973464e-05,"10","ARL14EP"
9.25537868567972e-10,0.400167540309831,0.463,0.302,1.85218638257822e-05,"10","MBD2"
1.39514622077286e-09,0.594001907735041,0.262,0.151,2.79196661701064e-05,"10","ST3GAL5"
1.41931466579592e-09,0.414489780581071,0.466,0.312,2.8403325091908e-05,"10","CSK"
1.84708626171926e-09,0.359701487402256,0.481,0.323,3.69638902695257e-05,"10","EBLN3P"
1.89144078177605e-09,0.40585409214609,0.361,0.221,3.78515129249024e-05,"10","NGLY1"
2.49940290686368e-09,0.61696961682504,0.266,0.155,5.00180509721559e-05,"10","TCP11L2"
2.7928794832377e-09,0.83039853720985,0.652,0.54,5.58911042185528e-05,"10","CIB1"
2.81871459506533e-09,0.33772352118095,0.483,0.322,5.64081164764474e-05,"10","ABI1"
2.91187030043716e-09,0.418444746993125,0.483,0.325,5.82723484523484e-05,"10","RHOH"
3.25253890487431e-09,0.303947796386697,0.681,0.514,6.50898085643448e-05,"10","LSP1"
3.81106191049696e-09,0.38335966302225,0.368,0.233,7.62669709528652e-05,"10","PDE4B"
4.87262230564056e-09,0.389083441281585,0.388,0.244,9.75109175804789e-05,"10","SMARCC1"
6.19433060400354e-09,0.453205872622984,0.381,0.246,0.000123960944047319,"10","DNAJC15"
1.15196914229898e-08,0.325386868647141,0.47,0.304,0.000230532064756872,"10","EPS15"
1.18812406579849e-08,0.300271989846229,0.805,0.666,0.000237767388047594,"10","LIMD2"
1.22956671511076e-08,0.425397697263749,0.328,0.202,0.000246060891027966,"10","PRMT1"
1.40978424489901e-08,0.429503278934528,0.353,0.227,0.000282126023089191,"10","AL121944.1"
1.7663170703841e-08,0.276752256808399,0.397,0.249,0.000353475372125267,"10","PYCARD"
1.77623675767791e-08,0.475430489520453,0.284,0.171,0.000355460499946503,"10","USP12"
1.78291326147217e-08,0.543314712404099,0.324,0.205,0.000356796601885812,"10","CPEB4"
2.04887586896518e-08,0.34971159775202,0.488,0.332,0.000410021038897312,"10","FAM204A"
2.32674040034908e-08,0.616295458869542,0.437,0.316,0.000465627288917858,"10","PTP4A1"
2.36333941305844e-08,0.369161939396092,0.488,0.333,0.000472951483341255,"10","RNASEH2B"
2.59184687045888e-08,0.508562155451251,0.275,0.166,0.000518680395716231,"10","ST8SIA4"
2.62521788751968e-08,0.569037893089334,0.273,0.167,0.000525358603650439,"10","WDFY2"
3.0009456475355e-08,0.346328016066898,0.452,0.302,0.000600549242984805,"10","TRIM44"
3.00407261288882e-08,0.318583739290156,0.324,0.197,0.000601175011291311,"10","MAP4"
3.0605774803405e-08,0.475835453496171,0.266,0.159,0.000612482765365741,"10","RILPL2"
3.82401323939519e-08,0.404882903296073,0.576,0.422,0.000765261529467764,"10","EIF1B"
4.26079540538638e-08,0.429827164526916,0.392,0.26,0.000852670376525921,"10","PGLS"
4.29556958891908e-08,0.375752049123142,0.432,0.286,0.000859629386134486,"10","CNTRL"
4.45439654050972e-08,0.450859060778396,0.284,0.177,0.000891413835686805,"10","AC245014.3"
4.53906316977282e-08,0.409134442717752,0.29,0.177,0.000908357321534936,"10","LTA4H"
6.25291833866726e-08,0.303560834158998,0.31,0.189,0.00125133401793409,"10","ATP2A3"
8.01626729440841e-08,0.50935484105686,0.348,0.23,0.00160421541095701,"10","CHMP4B"
9.54540368969248e-08,0.458251725277294,0.302,0.191,0.00191022618638126,"10","ITGAE"
9.58878716428302e-08,0.331675414459701,0.35,0.223,0.00191890808731632,"10","USP48"
1.02193770334935e-07,0.41129882473441,0.277,0.17,0.00204510173194272,"10","ARHGAP5"
1.14693923025655e-07,0.258058846327835,0.37,0.235,0.00229525478758941,"10","PTK2B"
1.2318665820743e-07,0.479338274464307,0.304,0.197,0.0024652114040471,"10","ZBTB10"
1.37501320107702e-07,0.31237827714274,0.51,0.354,0.00275167641799534,"10","LAMTOR5"
1.54733772017579e-07,0.262940488433323,0.361,0.231,0.00309653224561579,"10","MRPL42"
1.59874459226828e-07,0.447361455114378,0.264,0.163,0.00319940767804727,"10","POLK"
1.7397478457859e-07,0.393010336117383,0.359,0.239,0.00348158338898674,"10","C4orf48"
1.96000995655865e-07,0.414158350753038,0.426,0.291,0.00392237192506517,"10","UBE2N"
2.04849403884211e-07,0.350927402959875,0.279,0.171,0.00409944627053083,"10","HCG18"
2.04883970011949e-07,0.324742646269917,0.277,0.171,0.00410013800787912,"10","NPIPB5"
2.08021744052544e-07,0.468162929847747,0.373,0.25,0.00416293114197952,"10","ST6GAL1"
2.08192862505285e-07,0.310357789739653,0.594,0.44,0.00416635556445577,"10","DYNLL1"
2.12649876374371e-07,0.572618954609837,0.388,0.276,0.00425554932600392,"10","ZNF331"
2.26036470873936e-07,0.300892418685196,0.656,0.491,0.00452344185512921,"10","SNU13"
2.2791299358893e-07,0.440396849559306,0.253,0.153,0.00456099482770167,"10","FBXW11"
2.31195605771006e-07,0.358159247553664,0.341,0.222,0.00462668646268938,"10","SAMD9L"
2.75702686014512e-07,0.327758621620649,0.488,0.346,0.00551736215252241,"10","ANP32E"
3.64686226106414e-07,0.26758295287463,0.483,0.335,0.00729810075684156,"10","DOCK2"
3.76570614912808e-07,0.358758724662155,0.346,0.226,0.00753593114563511,"10","CTDNEP1"
3.89253711041704e-07,0.444866071407625,0.288,0.182,0.00778974526536658,"10","NAA50"
4.1811160333971e-07,0.544731124706809,0.255,0.16,0.00836724940603428,"10","C7orf50"
4.26385083907022e-07,0.459907706384555,0.29,0.191,0.00853281829914732,"10","MX1"
4.97282883760164e-07,0.405070219640985,0.31,0.202,0.0099516250698084,"10","EPRS"
5.39868495463836e-07,0.332947735589292,0.264,0.163,0.0108038483312223,"10","CDS2"
5.53101797029498e-07,0.339878476725923,0.397,0.268,0.0110686731621543,"10","TMEM256"
6.63671668066357e-07,0.360542135012197,0.313,0.203,0.0132813974213439,"10","VPS35"
7.17716125198109e-07,0.390434777635213,0.335,0.226,0.0143629350974646,"10","COQ7"
7.4656906323689e-07,0.344717199725064,0.49,0.359,0.0149403400934967,"10","PPP1CC"
8.28108686734552e-07,0.387622559390504,0.333,0.22,0.0165721110389319,"10","S1PR4"
8.68704888690175e-07,0.319815647175067,0.344,0.226,0.0173845222324678,"10","RABGGTB"
1.020933324547e-06,0.299246557047913,0.488,0.348,0.0204309176908346,"10","PRKAR1A"
1.02558446712919e-06,0.264275011426651,0.435,0.299,0.0205239963561894,"10","ADD1"
1.07672390114999e-06,0.43021058641059,0.521,0.394,0.0215473987098136,"10","IDI1"
1.51868351938589e-06,0.295189663408536,0.357,0.237,0.0303918945899504,"10","FAM214A"
1.61046083246852e-06,0.405588319386195,0.253,0.161,0.03222854217936,"10","R3HDM4"
1.89807923378638e-06,0.39338588094581,0.282,0.182,0.037984361626533,"10","RAB3GAP2"
1.96694422172072e-06,1.49871372661302,0.279,0.198,0.0393624877650751,"10","HSPB1"
2.01398647758921e-06,0.460620326994883,0.268,0.174,0.0403038973895153,"10","CTR9"
2.2588351598074e-06,0.350715406052884,0.519,0.385,0.0452038092180658,"10","EIF3D"
2.32794701315875e-06,0.408680581069114,0.417,0.299,0.0465868756273329,"10","ARPP19"
2.46215394250626e-06,0.3088261180173,0.69,0.561,0.0492726246974353,"10","EIF5"
2.74320425641683e-06,0.324112854072855,0.399,0.276,0.0548970035794136,"10","ANXA2"
3.05468589600899e-06,0.334202243943614,0.468,0.342,0.0611303741509319,"10","COX17"
3.19582870567103e-06,0.298107279041848,0.457,0.33,0.0639549240578887,"10","RABGAP1L"
3.23811652158668e-06,0.410201372430907,0.284,0.186,0.0648011878299926,"10","DEGS1"
3.25101047948806e-06,0.268656019577559,0.397,0.269,0.065059221715515,"10","RNASEH2C"
3.27532364474692e-06,0.312604839610488,0.359,0.245,0.0655457767786753,"10","SP140L"
3.30234909218241e-06,0.305144472697408,0.282,0.181,0.0660866100327544,"10","CYBC1"
3.3291051102502e-06,0.399748419995481,0.304,0.201,0.0666220514663269,"10","OSER1"
3.49533062227181e-06,0.261242657125459,0.424,0.299,0.0699485564129034,"10","PCMTD1"
3.5478854427673e-06,0.304609435514633,0.259,0.164,0.0710002834806591,"10","TULP4"
3.64184029466585e-06,0.349737576329651,0.264,0.17,0.0728805079768531,"10","PAFAH1B2"
4.09919068777853e-06,0.302476447721454,0.392,0.27,0.082033004043824,"10","PNPLA8"
4.11827128554698e-06,0.336230592970709,0.537,0.401,0.0824148449663662,"10","WSB1"
4.37013270837561e-06,0.379455447325854,0.335,0.232,0.0874550957600126,"10","HIPK2"
4.96342260603022e-06,0.298337998493355,0.703,0.555,0.0993280131918768,"10","UBXN1"
5.42230726474635e-06,0.359096370662393,0.259,0.168,0.108511212982104,"10","NUMB"
6.36352211169644e-06,0.319271967761691,0.379,0.264,0.127346804499269,"10","VASP"
6.58152115251553e-06,0.274155107453899,0.809,0.715,0.131709401304141,"10","NFKBIA"
7.36658857292127e-06,0.253925503444,0.973,0.929,0.147420170521301,"10","UBC"
7.79167725961649e-06,0.3727495753192,0.266,0.177,0.155927045319445,"10","ADPGK"
7.93232444418202e-06,0.302312024425816,0.59,0.454,0.15874167677697,"10","PEBP1"
8.90283363186306e-06,0.394399929527958,0.271,0.179,0.178163506640844,"10","CORO7"
8.93556675474194e-06,0.36433072963694,0.341,0.238,0.178818561895896,"10","TMED5"
9.08861196502464e-06,0.407210647785825,0.268,0.176,0.181881302644073,"10","CHMP2B"
9.57443318561069e-06,0.275145146566615,0.579,0.436,0.191603556910441,"10","DDT"
9.93005240479405e-06,0.328808955358088,0.293,0.198,0.198720208724739,"10","LYRM2"
1.05898423352624e-05,0.299984116951105,0.357,0.247,0.211923924813271,"10","NDUFB5"
1.14735631453478e-05,0.275582963802025,0.357,0.245,0.229608945664699,"10","FNIP1"
1.26482422786456e-05,0.302835691349596,0.37,0.258,0.253116624480255,"10","LAPTM4A"
1.27954792481511e-05,0.308005494604351,0.288,0.193,0.256063130713999,"10","FAM13B"
1.33686663716936e-05,0.345450811562237,0.443,0.328,0.267533751430333,"10","RCSD1"
1.36154528431742e-05,0.395700384079462,0.308,0.211,0.272472442297603,"10","RSRC1"
1.36538102499806e-05,0.37368057596442,0.29,0.194,0.273240050722611,"10","LSM2"
1.41355714098346e-05,0.380309789420071,0.295,0.201,0.282881055053609,"10","HMGA1"
1.52326309237338e-05,0.38713388208444,0.315,0.22,0.304835410045762,"10","RGS19"
1.54567973529307e-05,0.277685280632881,0.375,0.261,0.309321428626849,"10","BLOC1S2"
1.67667965718099e-05,0.387586363442214,0.264,0.175,0.33553713299506,"10","AKT2"
1.69726693650674e-05,0.294822711531286,0.255,0.168,0.339657059333728,"10","SECISBP2L"
1.79145012750848e-05,0.264742452600017,0.313,0.214,0.358504999516996,"10","CREB1"
1.89191568908953e-05,0.301545852121043,0.565,0.435,0.378610167700597,"10","CDK13"
1.95476353808122e-05,0.284851482728247,0.419,0.303,0.391187279240813,"10","KPNA4"
2.09258754906294e-05,0.377022561239486,0.264,0.178,0.418768620318476,"10","OXA1L"
2.29358969541238e-05,0.321949853918464,0.251,0.165,0.458993169845925,"10","HPS1"
2.30557170590728e-05,0.324276165753033,0.31,0.212,0.461391009786166,"10","ARL5A"
2.76551439888362e-05,0.36788818506941,0.259,0.175,0.553434741504589,"10","NDUFAF3"
3.05948470116224e-05,0.395190943965733,0.262,0.177,0.612264078396588,"10","SIK3"
3.16040595944589e-05,0.323778710865031,0.304,0.21,0.632460440604311,"10","ZNF33A"
3.30262716421448e-05,0.267465365537448,0.286,0.193,0.660921748102601,"10","SIPA1"
3.67031782579907e-05,0.288015119614083,0.448,0.337,0.734504003298911,"10","HSPD1"
3.93823102742275e-05,0.304881183600495,0.324,0.226,0.78811879320784,"10","DARS"
4.19757049701097e-05,0.327237382107476,0.259,0.174,0.840017807861836,"10","ELMO1"
5.05889322319764e-05,0.287072842391704,0.288,0.201,1,"10","LYPLA1"
6.7206482389226e-05,0.297075998912991,0.35,0.251,1,"10","MED13L"
6.86169335104569e-05,0.273415423521713,0.745,0.614,1,"10","RHOA"
9.30377022980711e-05,0.284675922948883,0.468,0.355,1,"10","PRDX1"
0.000113862909332907,0.403546619725162,0.279,0.199,1,"10","SKIL"
0.000158965427026869,0.266521019564669,0.251,0.173,1,"10","USP10"
0.000166835764680018,0.292283171126192,0.341,0.248,1,"10","ASXL1"
0.000224483374580142,0.414320806467578,0.443,0.345,1,"10","RGS1"
0.000233979247026728,0.286665609077594,0.268,0.191,1,"10","EIF4E"
0.000241446440124582,0.537708296314947,0.623,0.533,1,"10","NR4A2"
0.000376547252182391,0.633419231714386,0.251,0.181,1,"10","CAMK2D"
0.000498711861595336,0.25048141110839,0.39,0.295,1,"10","ALG13"
0.00085960308362476,0.490438688602727,0.803,0.751,1,"10","EMP3"
0.000992561804971093,0.336865111218238,0.634,0.545,1,"10","ITGB1"
0.00106069518461172,0.306758429482351,0.366,0.285,1,"10","AC007952.4"
0,4.97537676333728,1,0.045,0,"11","VCAN"
0,5.46896775370624,0.988,0.044,0,"11","IRAK3"
0,4.61105945639868,0.982,0.041,0,"11","CD14"
0,5.54853472785486,0.971,0.039,0,"11","S100A12"
0,6.82944746212566,0.959,0.028,0,"11","NLRP3"
0,4.53050874608582,0.988,0.06,0,"11","FCN1"
0,4.22225000346254,0.988,0.061,0,"11","MNDA"
0,4.9291635533442,0.965,0.041,0,"11","CSTA"
0,4.60276464164662,0.971,0.049,0,"11","CLEC7A"
0,7.10600645184562,0.953,0.033,0,"11","IL1B"
0,6.62881463452669,0.942,0.022,0,"11","CD163"
0,6.44197311612272,0.982,0.066,0,"11","CXCL8"
0,5.88084457184611,0.953,0.038,0,"11","ACSL1"
0,3.90402183818939,1,0.089,0,"11","CST3"
0,4.54220012322196,0.965,0.054,0,"11","SLC11A1"
0,5.0174958429139,0.959,0.051,0,"11","PLAUR"
0,5.59446540507857,0.953,0.046,0,"11","ETS2"
0,5.39356269546015,0.971,0.074,0,"11","IER3"
0,5.56934947575356,1,0.106,0,"11","S100A8"
0,5.02122584506758,1,0.108,0,"11","LYZ"
0,4.47617078798913,0.936,0.044,0,"11","SERPINA1"
0,4.59470202846557,0.924,0.043,0,"11","MS4A6A"
0,3.7718205153539,1,0.12,0,"11","LST1"
0,7.95302066112113,0.889,0.016,0,"11","EREG"
0,4.66740534403868,0.918,0.05,0,"11","CD302"
0,5.48928436728273,0.901,0.033,0,"11","MAFB"
0,4.15976970226966,0.988,0.121,0,"11","CEBPD"
0,4.20510830084984,0.906,0.045,0,"11","CSF3R"
0,4.52321074694812,0.906,0.045,0,"11","CD68"
0,4.15574921521283,0.906,0.054,0,"11","CFD"
0,6.60040767688895,0.877,0.028,0,"11","THBS1"
0,5.07792017434185,0.883,0.036,0,"11","C5AR1"
0,3.79862227989459,0.953,0.108,0,"11","GRN"
0,3.8251737705117,0.918,0.079,0,"11","CYBB"
0,4.23911527610806,0.906,0.071,0,"11","MARCKS"
0,5.56477900545161,0.865,0.03,0,"11","TLR2"
0,5.37026317878861,1,0.167,0,"11","S100A9"
0,5.72212711067369,0.854,0.023,0,"11","CLEC4E"
0,5.85529836444864,0.86,0.03,0,"11","G0S2"
0,4.03510951961407,0.883,0.054,0,"11","SPI1"
0,4.20240130895846,0.871,0.047,0,"11","NCF2"
0,5.15127245265655,0.854,0.031,0,"11","FPR1"
0,4.40667406275636,0.918,0.097,0,"11","AHR"
0,3.1391228797461,0.982,0.163,0,"11","TYMP"
0,7.88034666290245,0.83,0.016,0,"11","CXCL2"
0,4.33590017799353,0.86,0.049,0,"11","LRRK2"
0,4.88462916872693,0.953,0.145,0,"11","CCL3"
0,3.25644641505717,0.988,0.181,0,"11","FCER1G"
0,5.89736380125714,0.83,0.024,0,"11","RNF144B"
0,4.2726325610067,0.854,0.049,0,"11","DMXL2"
0,4.25418950511843,0.947,0.142,0,"11","BCL2A1"
0,3.92705415964978,0.854,0.052,0,"11","MPEG1"
0,5.25321941703913,0.825,0.027,0,"11","AC245128.3"
0,3.4977917091065,0.901,0.104,0,"11","RNF130"
0,3.06362773484263,0.918,0.122,0,"11","FGL2"
0,3.906167291571,0.965,0.174,0,"11","SAMSN1"
0,3.41030801067529,0.924,0.134,0,"11","STXBP2"
0,4.04162843520792,0.848,0.058,0,"11","CFP"
0,3.5922857175565,0.865,0.077,0,"11","KLF4"
0,3.35011805941905,0.924,0.137,0,"11","FCGRT"
0,6.06326109107973,0.813,0.028,0,"11","PLBD1"
0,3.89278751903464,0.825,0.043,0,"11","CLEC12A"
0,3.37025330755744,0.924,0.146,0,"11","MXD1"
0,2.9818735528367,0.918,0.142,0,"11","CD83"
0,3.6135358787005,0.918,0.142,0,"11","KLF10"
0,4.7401254260706,0.994,0.224,0,"11","SOD2"
0,3.54499523079186,0.895,0.128,0,"11","CTSB"
0,4.39561335972851,1,0.237,0,"11","NAMPT"
0,4.15244351347223,0.801,0.039,0,"11","LILRB2"
0,3.1111592515877,0.86,0.105,0,"11","CCDC88A"
0,3.81824379534884,0.836,0.082,0,"11","IFNGR2"
0,4.49530322057545,0.842,0.089,0,"11","DUSP6"
0,3.44663704232074,0.994,0.242,0,"11","AIF1"
0,4.3891054948838,0.801,0.049,0,"11","TIMP2"
0,3.29550127132608,0.848,0.097,0,"11","LGALS3"
0,5.34120168366175,0.813,0.066,0,"11","CCL3L1"
0,3.66862091836887,0.836,0.09,0,"11","BLVRB"
0,3.35459131914244,0.977,0.233,0,"11","TKT"
0,5.4704643081162,0.76,0.017,0,"11","RNASE2"
0,3.51669953742139,0.83,0.091,0,"11","GCA"
0,2.80489480650226,0.889,0.15,0,"11","IFITM3"
0,4.22053098030449,0.772,0.036,0,"11","CPVL"
0,3.4543213385187,0.848,0.118,0,"11","RASGEF1B"
0,2.4572960424736,0.977,0.25,0,"11","PTPRE"
0,2.8355366018363,0.871,0.149,0,"11","RTN3"
0,4.57689709838504,0.749,0.031,0,"11","PLXDC2"
0,3.08746751252649,0.918,0.201,0,"11","APLP2"
0,4.32631411166368,0.754,0.041,0,"11","KCTD12"
0,2.62820356134988,0.965,0.254,0,"11","ASAH1"
0,5.02289080166286,0.737,0.028,0,"11","CD93"
0,3.73539097802967,0.772,0.064,0,"11","STX11"
0,5.21839110963814,0.731,0.025,0,"11","RBP7"
0,2.74001983398195,0.953,0.247,0,"11","NPC2"
0,3.96375622377199,0.754,0.052,0,"11","RNASE6"
0,7.16656513743035,0.708,0.008,0,"11","AQP9"
0,2.60701046996751,1,0.3,0,"11","TYROBP"
0,5.3916661954697,0.719,0.021,0,"11","CDA"
0,4.12240376962862,0.743,0.045,0,"11","FCGR2A"
0,4.72847063165215,0.731,0.035,0,"11","ALDH2"
0,3.0653752044113,0.772,0.077,0,"11","PHACTR1"
0,3.15871553756368,0.789,0.097,0,"11","SCPEP1"
0,2.97922517409202,0.883,0.191,0,"11","AGFG1"
0,3.96684126306468,0.731,0.039,0,"11","TNFAIP2"
0,1.31457729072626,0.959,0.268,0,"11","HLA-DRA"
0,2.62354785914628,0.901,0.212,0,"11","AP1S2"
0,4.16647299200456,0.737,0.049,0,"11","BCL6"
0,4.00350274807641,0.725,0.038,0,"11","MS4A7"
0,3.22072443749293,0.795,0.109,0,"11","UBE2D1"
0,2.93540396271614,0.842,0.156,0,"11","RILPL2"
0,3.08231290703801,0.819,0.134,0,"11","NUP214"
0,3.81419981706537,0.731,0.047,0,"11","IGSF6"
0,5.04203148015636,0.708,0.028,0,"11","CD300E"
0,6.0462451932135,0.702,0.023,0,"11","PTGS2"
0,5.28146695270271,0.702,0.024,0,"11","MGST1"
0,2.34985755074417,0.889,0.212,0,"11","TIMP1"
0,2.46354681383628,0.93,0.253,0,"11","VSIR"
0,2.58376849426706,0.93,0.256,0,"11","ANXA5"
0,2.86147343958031,0.825,0.151,0,"11","GLUL"
0,2.74622308113336,0.901,0.23,0,"11","IRS2"
0,4.36060218769114,0.702,0.031,0,"11","TREM1"
0,2.41838494058484,0.766,0.098,0,"11","MARCH1"
0,2.84384777029213,0.801,0.136,0,"11","FOXO3"
0,4.25442316189235,0.702,0.04,0,"11","RAB31"
0,3.10629312131707,0.953,0.292,0,"11","ATP2B1-AS1"
0,4.29377315254025,0.696,0.035,0,"11","CD36"
0,2.46558843505234,0.906,0.247,0,"11","PYCARD"
0,2.62694907698877,0.83,0.174,0,"11","LTA4H"
0,3.55641985810357,0.749,0.094,0,"11","SAP30"
0,2.72279934006596,0.778,0.123,0,"11","CTSZ"
0,2.51491397713277,0.906,0.252,0,"11","GPCPD1"
0,2.81520187091973,0.982,0.331,0,"11","BRI3"
0,2.46063923899843,0.977,0.328,0,"11","C1orf162"
0,2.459860285477,0.977,0.328,0,"11","CTSD"
0,2.95733864746675,0.982,0.335,0,"11","PSAP"
0,2.38473470925207,0.953,0.309,0,"11","H2AFY"
0,2.79881356898934,0.982,0.338,0,"11","COTL1"
0,4.42771556502976,0.678,0.036,0,"11","TRIB1"
0,2.52375582783494,0.871,0.23,0,"11","PDE4B"
0,2.40506724061467,0.877,0.239,0,"11","TALDO1"
0,3.24909627128471,0.737,0.102,0,"11","SGK1"
0,2.01891656195745,0.807,0.173,0,"11","ITGAM"
0,4.16087162510348,0.667,0.033,0,"11","AC020656.1"
0,2.31323596539043,0.871,0.237,0,"11","PIM3"
0,2.25461555393591,0.789,0.156,0,"11","FGR"
0,2.17620460142461,0.795,0.164,0,"11","LYN"
0,2.4582912727349,0.959,0.328,0,"11","SDCBP"
0,2.52549295733514,0.754,0.123,0,"11","JAML"
0,3.24137153568887,0.971,0.342,0,"11","NFKBIZ"
0,2.42530282472227,0.789,0.161,0,"11","PPT1"
0,4.18401110046256,0.661,0.034,0,"11","LRP1"
0,5.7410957816865,0.643,0.017,0,"11","FAM198B"
0,2.312522616671,0.795,0.171,0,"11","DPYD"
0,3.08707631606521,0.708,0.085,0,"11","CTSH"
0,5.20290778934543,0.643,0.021,0,"11","TLR4"
0,3.68356282723468,0.678,0.056,0,"11","TNFSF13B"
0,2.20792293957109,0.982,0.36,0,"11","LGALS1"
0,3.04813999658791,0.708,0.088,0,"11","GRINA"
0,2.46217474194666,0.737,0.117,0,"11","PECAM1"
0,2.25536884270157,0.883,0.264,0,"11","HIF1A"
0,5.14795132528479,0.637,0.018,0,"11","ANPEP"
0,5.43608518344469,0.637,0.02,0,"11","JDP2"
0,3.87146365586151,0.661,0.044,0,"11","SLC43A2"
0,3.25827841909813,0.702,0.086,0,"11","LY96"
0,2.03464092426613,0.889,0.273,0,"11","ANXA2"
0,2.23271286750973,0.901,0.287,0,"11","QKI"
0,2.64612324172248,0.977,0.363,0,"11","ZFAND5"
0,2.49998902725908,0.766,0.152,0,"11","ADA2"
0,2.11814429083497,0.842,0.232,0,"11","GABARAP"
0,2.27823356169373,0.842,0.234,0,"11","MAP3K8"
0,4.70968022577539,0.637,0.029,0,"11","C19orf38"
0,2.46820086330558,0.743,0.136,0,"11","NFIL3"
0,2.96171045218442,0.713,0.107,0,"11","NINJ1"
0,2.54609243260766,0.778,0.175,0,"11","NCF1"
0,2.49098313017393,0.731,0.132,0,"11","ADAM17"
0,2.06093719397044,0.883,0.285,0,"11","CSGALNACT2"
0,5.3706558269586,0.614,0.016,0,"11","CYP1B1"
0,1.9623528052658,0.86,0.263,0,"11","RGS2"
0,8.63560040630698,0.602,0.006,0,"11","CXCL3"
0,5.48576126538633,0.614,0.018,0,"11","LUCAT1"
0,2.57450484596701,0.719,0.123,0,"11","SNX10"
0,4.46140764087613,0.626,0.031,0,"11","SLC7A7"
0,2.85364252564666,0.754,0.16,0,"11","ANKRD28"
0,3.01563607375257,0.661,0.068,0,"11","LY86"
0,2.54605432174066,0.947,0.355,0,"11","SERPINB1"
0,3.12944656743665,0.667,0.076,0,"11","CAPG"
0,4.99616795328487,0.608,0.019,0,"11","SLC24A4"
0,4.00594167533695,0.626,0.037,0,"11","HCK"
0,2.52113619682192,0.772,0.184,0,"11","PELI1"
0,1.7877311905178,0.825,0.237,0,"11","C4orf48"
0,2.96483124725241,0.772,0.185,0,"11","AC020916.1"
0,2.27728409817206,0.801,0.215,0,"11","EVI2A"
0,2.37394878206097,0.743,0.157,0,"11","ATP13A3"
0,2.28327189851976,0.982,0.397,0,"11","CD55"
0,2.27786634349619,0.86,0.275,0,"11","CTNNB1"
0,1.66312947881546,0.906,0.322,0,"11","ARRB2"
0,2.96833310075563,0.667,0.083,0,"11","RASSF2"
0,5.12749987997204,0.608,0.024,0,"11","ICAM1"
0,1.95810787670232,0.789,0.206,0,"11","ZYX"
0,4.04278716823471,0.637,0.054,0,"11","PFKFB3"
0,2.10612886922228,0.918,0.336,0,"11","ATP6V0B"
0,3.12556830552104,0.643,0.061,0,"11","CPPED1"
0,1.81101590048835,0.854,0.272,0,"11","TMEM167A"
0,4.01057028125838,0.614,0.032,0,"11","PILRA"
0,2.99023089734991,0.708,0.127,0,"11","OTUD1"
0,4.29639605234853,0.608,0.028,0,"11","LILRB3"
0,3.50524644139062,0.637,0.058,0,"11","CREG1"
0,4.6511503220824,0.602,0.023,0,"11","BST1"
0,2.38881036590041,0.743,0.165,0,"11","PLK3"
0,3.55180081968007,0.608,0.03,0,"11","APOBEC3A"
0,4.16456649062056,0.608,0.033,0,"11","TGFBI"
0,2.13105280511743,0.842,0.267,0,"11","PNPLA8"
0,1.92763087321016,0.959,0.384,0,"11","VMP1"
0,2.55085969629803,0.906,0.332,0,"11","ATP2B1"
0,2.64867252137616,0.614,0.04,0,"11","NRGN"
0,3.45808494324613,0.643,0.07,0,"11","DSE"
0,2.02500413437494,0.795,0.225,0,"11","KDM6B"
0,5.00234492524628,0.585,0.018,0,"11","SIRPA"
0,2.98092097881916,0.994,0.428,0,"11","S100A11"
0,2.07755160249041,0.754,0.191,0,"11","AZIN1"
0,2.20596625552308,0.719,0.156,0,"11","MAP2K3"
0,2.3933609493224,0.673,0.111,0,"11","THEMIS2"
0,1.94977174750615,0.749,0.187,0,"11","TET2"
0,4.57927829003511,0.585,0.023,0,"11","ASGR1"
0,2.12559641321568,0.743,0.183,0,"11","AGTRAP"
0,2.22617964261747,0.947,0.387,0,"11","CEBPB"
0,1.87818080336399,0.766,0.207,0,"11","PER1"
0,3.01189295261711,0.62,0.061,0,"11","TBXAS1"
0,1.98577783693088,0.737,0.179,0,"11","IFNGR1"
0,2.45889596375067,0.673,0.115,0,"11","MEGF9"
0,3.19733204172964,0.637,0.08,0,"11","EAF1"
0,1.66726458564168,0.813,0.256,0,"11","LAPTM4A"
0,1.90923779691016,0.86,0.303,0,"11","METTL9"
0,3.55217517770314,0.614,0.058,0,"11","PGD"
0,1.63817201712863,0.766,0.213,0,"11","GLIPR2"
0,0.977297405059677,0.889,0.336,0,"11","HLA-DRB1"
0,2.82934676573639,0.62,0.068,0,"11","METTL7A"
0,2.80452900654475,0.643,0.092,0,"11","RIPK2"
0,2.04628417992318,0.713,0.162,0,"11","SKAP2"
0,4.76492454914506,0.573,0.022,0,"11","CREB5"
0,2.32792172059237,0.702,0.151,0,"11","HSBP1"
0,1.85094352562786,0.965,0.415,0,"11","PLEK"
0,3.20140497066434,0.62,0.07,0,"11","PPIF"
0,2.44169522912834,0.667,0.118,0,"11","CTSA"
0,2.53423201226627,0.83,0.282,0,"11","AC007952.4"
0,1.60089140398768,0.86,0.312,0,"11","MYADM"
0,1.7851690010766,0.906,0.359,0,"11","GLIPR1"
0,1.81299911655151,0.953,0.406,0,"11","RAC1"
0,8.71565728640915,0.55,0.004,0,"11","IL1R2"
0,1.98225018934693,0.801,0.265,0,"11","IVNS1ABP"
0,2.37754339512826,0.649,0.114,0,"11","OGFRL1"
0,2.91346068836123,0.608,0.074,0,"11","EGR1"
0,1.7762213387785,0.801,0.267,0,"11","PKM"
0,2.58762905621061,0.614,0.082,0,"11","SNX18"
0,1.91127800077395,0.708,0.178,0,"11","PTGER2"
0,1.74965411857085,0.807,0.277,0,"11","FKBP1A"
0,3.90964272515212,0.567,0.037,0,"11","EMILIN2"
0,1.83536819747674,0.743,0.217,0,"11","RAB1A"
0,1.8000973439911,0.684,0.158,0,"11","TCIRG1"
0,4.09268943515097,0.556,0.03,0,"11","PRAM1"
0,3.82247594630618,0.561,0.036,0,"11","TMEM170B"
0,2.39910582839013,0.626,0.101,0,"11","CHP1"
0,4.40462841180862,0.55,0.025,0,"11","OSCAR"
0,2.81299823453834,0.596,0.072,0,"11","GAS7"
0,2.19110714081577,0.684,0.161,0,"11","GNAQ"
0,2.19355632834724,0.667,0.145,0,"11","ZNF281"
0,3.61399800145374,0.55,0.028,0,"11","RAB32"
0,4.22308890691593,0.55,0.029,0,"11","CLEC4A"
0,1.99121716279533,0.988,0.468,0,"11","ZEB2"
0,1.77709633948684,0.813,0.294,0,"11","ARL4A"
0,1.57490532036159,0.813,0.294,0,"11","AP2S1"
0,1.64762320952852,0.784,0.266,0,"11","CAPZA2"
0,2.15344528684675,0.661,0.143,0,"11","ATP6V0D1"
0,4.36888488437893,0.544,0.028,0,"11","HBEGF"
0,2.44049157714648,0.626,0.11,0,"11","ATP6V1B2"
0,1.58034595012741,0.754,0.238,0,"11","RHOG"
0,1.77760490756703,0.702,0.188,0,"11","PICALM"
0,2.74897100394233,0.596,0.082,0,"11","GNS"
0,3.4779427043154,0.567,0.053,0,"11","BASP1"
0,2.40877195703104,1,0.487,0,"11","TSPO"
0,1.57562571732679,0.725,0.214,0,"11","GBP2"
0,1.52236998266622,0.865,0.354,0,"11","GLRX"
0,1.35733352109921,0.778,0.268,0,"11","LYST"
0,2.54954111516234,0.632,0.124,0,"11","SLC25A37"
0,3.42134209081425,0.55,0.042,0,"11","SLC31A2"
0,2.16710781359665,0.655,0.147,0,"11","MAP2K1"
0,2.35855550713466,0.632,0.124,0,"11","IL17RA"
0,1.55493323734983,0.743,0.236,0,"11","TMED5"
0,3.49108465153658,1,0.493,0,"11","CTSS"
0,4.56585847554411,0.532,0.025,0,"11","SLC15A3"
0,2.35396779447717,0.637,0.13,0,"11","ARL5B"
0,1.56167913817408,0.836,0.33,0,"11","CMTM6"
0,1.96646760920288,0.702,0.196,0,"11","UBE2J1"
0,1.55491106435876,0.725,0.219,0,"11","H2AFJ"
0,1.6775860819906,0.696,0.192,0,"11","YBX3"
0,4.71759319951958,0.526,0.022,0,"11","AC015912.3"
0,1.80812615343164,0.731,0.228,0,"11","CNPY3"
0,1.66926642056069,0.696,0.194,0,"11","CASP1"
0,3.69060032624631,0.532,0.032,0,"11","ZNF385A"
0,2.01207298158093,0.661,0.162,0,"11","BACH1"
0,1.59956158512074,0.725,0.227,0,"11","PLP2"
0,4.46655946390747,0.52,0.023,0,"11","FGD4"
0,1.79281316003195,0.678,0.182,0,"11","ETF1"
0,1.83254264814747,0.661,0.166,0,"11","NUMB"
0,1.80790753434824,0.678,0.184,0,"11","NCOA4"
0,2.23187215343868,0.596,0.102,0,"11","SLC36A4"
0,3.97784097548453,0.526,0.033,0,"11","MIR222HG"
0,2.74123092509967,0.585,0.093,0,"11","MFSD1"
0,4.87713092199333,0.509,0.019,0,"11","AC096667.1"
0,1.41740661854184,0.754,0.264,0,"11","BNIP3L"
0,1.35651276755633,0.842,0.352,0,"11","CARD16"
0,1.2571304301765,0.702,0.216,0,"11","METRNL"
0,2.10254775520997,0.602,0.118,0,"11","RHOQ"
0,1.568918246428,0.655,0.171,0,"11","CUX1"
0,1.40081181142854,0.784,0.301,0,"11","MBD2"
0,1.52630239064477,0.713,0.23,0,"11","ZDHHC20"
0,4.60882149242836,0.503,0.02,0,"11","CD33"
0,2.5293089121983,0.719,0.237,0,"11","GPR183"
0,1.41131095226134,0.93,0.449,0,"11","GNG5"
0,3.22185867445733,0.532,0.051,0,"11","RXRA"
0,1.66170749695283,0.719,0.238,0,"11","NFKB1"
0,2.71188313969586,0.573,0.094,0,"11","ELL2"
0,1.98691514969416,0.608,0.129,0,"11","ZBTB43"
0,1.14305623191377,0.842,0.364,0,"11","ACAP2"
0,1.20826660801899,0.784,0.307,0,"11","CAPNS1"
0,1.33454711112581,0.713,0.236,0,"11","RAB11FIP1"
0,3.81984525134963,0.509,0.032,0,"11","LMO2"
0,4.32264941766541,0.503,0.027,0,"11","RBM47"
0,1.20622941383653,0.86,0.384,0,"11","CHMP1B"
0,0.891095461282,0.819,0.344,0,"11","MYO1F"
0,1.52969295908558,0.789,0.315,0,"11","BNIP2"
0,4.26754317575832,0.497,0.023,0,"11","SLC8A1"
0,4.22447940565079,0.497,0.025,0,"11","NPL"
0,1.39199437417746,0.731,0.259,0,"11","PGLS"
0,1.36559324277675,0.871,0.4,0,"11","RTN4"
0,4.06126063984873,0.503,0.032,0,"11","TFEC"
0,2.2727172519336,0.573,0.102,0,"11","C9orf72"
0,1.44357889442187,0.632,0.161,0,"11","RIN3"
0,5.2897368213923,0.485,0.015,0,"11","IL1RN"
0,1.52998047667406,0.702,0.232,0,"11","FBXL5"
0,1.72175525251429,0.626,0.156,0,"11","PLEC"
0,1.74869262422889,0.684,0.215,0,"11","TPP1"
0,1.60211996733036,0.749,0.281,0,"11","UPP1"
0,1.53956485411255,0.731,0.263,0,"11","GABARAPL1"
0,1.41687957554677,0.708,0.241,0,"11","FOSL2"
0,1.64366836290928,0.637,0.172,0,"11","COMT"
0,8.10709949283337,0.468,0.005,0,"11","CCL20"
0,3.61062696360983,0.509,0.046,0,"11","CKAP4"
0,1.21549026342334,0.713,0.252,0,"11","SOCS3"
0,4.67767122298917,0.48,0.019,0,"11","LILRA5"
0,1.28584422973245,0.737,0.276,0,"11","CHMP2A"
0,1.95950534576587,0.503,0.043,0,"11","RGS18"
0,3.05352700311348,0.515,0.055,0,"11","ATF3"
0,1.44364601742881,0.596,0.136,0,"11","AOAH"
0,2.58740559088554,0.544,0.086,0,"11","THAP2"
0,2.36216535817647,0.556,0.099,0,"11","SOAT1"
0,3.82697452513878,0.485,0.028,0,"11","CCR1"
0,1.83493670250404,0.608,0.151,0,"11","LAMP2"
0,4.27555977797029,0.474,0.017,0,"11","CLU"
0,1.25460682006314,0.836,0.379,0,"11","MIDN"
0,1.80346222441751,0.637,0.181,0,"11","NABP1"
0,1.58951779883628,0.632,0.176,0,"11","PURB"
0,1.95983466978974,0.573,0.117,0,"11","LGALS9"
0,1.4514333462624,0.749,0.294,0,"11","PTEN"
0,5.70177043402797,0.468,0.013,0,"11","RETN"
0,2.03373292835175,0.538,0.084,0,"11","SYK"
0,2.23761924415302,0.567,0.113,0,"11","CRTAP"
0,2.15261791837729,0.977,0.523,0,"11","EVI2B"
0,3.10468970556858,0.52,0.067,0,"11","CDKN1A"
0,1.38052354760987,0.813,0.36,0,"11","ATP6AP2"
0,4.38675429903558,0.474,0.022,0,"11","HNMT"
0,1.8887610035632,0.567,0.116,0,"11","ZNF267"
0,5.31711915665406,0.462,0.013,0,"11","QPCT"
0,1.07309224579546,0.871,0.422,0,"11","JMJD1C"
0,1.41089960523911,0.772,0.324,0,"11","PPP1R15B"
0,1.83039229212734,0.836,0.389,0,"11","CCL4"
0,2.39377884056385,0.532,0.086,0,"11","VIM-AS1"
0,1.48576104579102,0.62,0.174,0,"11","MGAT1"
0,1.47590212534829,0.649,0.204,0,"11","CPEB4"
0,1.44876838695473,0.614,0.169,0,"11","HIPK3"
0,1.01853185254003,0.819,0.374,0,"11","CKLF"
0,2.88418924481747,0.491,0.047,0,"11","DOCK5"
0,1.13964880357235,0.713,0.269,0,"11","TPM4"
0,2.25370884073038,0.544,0.101,0,"11","GRASP"
0,1.10181169483571,0.865,0.422,0,"11","EIF1B"
0,1.64167690046815,0.608,0.165,0,"11","CTBS"
0,1.97048776611449,0.579,0.136,0,"11","PLSCR1"
0,3.39876114074805,0.48,0.038,0,"11","CR1"
0,1.27319127118011,0.749,0.308,0,"11","GNB2"
0,1.89985407425547,0.561,0.121,0,"11","ATG16L2"
0,2.7944972102333,0.532,0.092,0,"11","CCL4L2"
0,1.53848941939188,0.614,0.175,0,"11","ADPGK"
0,1.75572573014652,0.585,0.146,0,"11","EHBP1L1"
0,1.12817922978042,0.702,0.263,0,"11","VASP"
0,1.78024902512125,0.515,0.077,0,"11","RASSF4"
0,1.29023374250356,0.947,0.509,0,"11","NDUFB1"
0,1.74977937087313,0.585,0.147,0,"11","PRNP"
0,1.09436606438899,0.661,0.224,0,"11","AGTPBP1"
0,3.41894622989289,0.474,0.037,0,"11","ZFHX3"
0,1.46908189737014,0.62,0.184,0,"11","ATG3"
0,1.77833204594198,0.561,0.126,0,"11","MYD88"
0,3.70785402982024,0.468,0.033,0,"11","CD86"
0,1.43775586057625,0.661,0.226,0,"11","HSD17B11"
0,0.880267051835441,0.678,0.243,0,"11","PTPN12"
0,2.52185940496486,0.526,0.091,0,"11","LACTB"
0,0.574106398033555,0.953,0.518,0,"11","CD74"
0,1.74317129749164,0.561,0.127,0,"11","PSEN1"
0,1.28179572021124,0.848,0.414,0,"11","IRF2BP2"
0,2.14781924529258,0.538,0.106,0,"11","MAPK6"
0,3.07869506849288,0.485,0.053,0,"11","SULT1A1"
0,2.95956132342165,0.491,0.06,0,"11","LDLR"
0,2.52539598027057,0.988,0.557,0,"11","MCL1"
0,1.37945579606749,0.696,0.265,0,"11","RNF149"
0,3.73378812891964,0.462,0.032,0,"11","MCTP1"
0,3.27224522111796,0.468,0.038,0,"11","ENTPD1"
0,1.48795699222729,0.632,0.202,0,"11","SEC22B"
0,0.941588341508608,0.766,0.336,0,"11","IL10RA"
0,7.27147254404651,0.433,0.004,0,"11","TNFAIP6"
0,4.29276151458809,0.444,0.016,0,"11","F13A1"
0,3.92240100934366,0.45,0.022,0,"11","SMIM25"
0,1.49715367451172,0.596,0.17,0,"11","ATOX1"
0,1.67234475728346,0.602,0.177,0,"11","CSRNP1"
0,2.80164349072866,0.485,0.06,0,"11","PLXNC1"
0,3.06385181981102,0.988,0.564,0,"11","SAT1"
0,0.967973934492654,0.918,0.494,0,"11","CD63"
0,0.967955093077282,0.93,0.507,0,"11","USP15"
0,1.64479630965306,0.579,0.156,0,"11","NAIP"
0,1.05604713274853,0.784,0.362,0,"11","C16orf72"
0,4.73699146021407,0.439,0.017,0,"11","KCNE3"
0,1.8599269741538,0.538,0.117,0,"11","DPYSL2"
0,1.92509310381975,0.532,0.111,0,"11","PRKACA"
0,0.985079570433919,0.743,0.323,0,"11","STMP1"
0,2.65057426564967,0.48,0.06,0,"11","UNC93B1"
0,1.87575512347202,0.994,0.575,0,"11","ANXA1"
0,1.32276994593409,0.678,0.259,0,"11","PGAM1"
0,1.566938592011,0.585,0.166,0,"11","WDFY2"
0,1.38961674706795,0.678,0.26,0,"11","GSTO1"
0,3.82950380237379,0.444,0.026,0,"11","IL13RA1"
0,1.07601148959608,0.754,0.336,0,"11","LAMTOR1"
0,4.38611721186159,0.439,0.021,0,"11","SHTN1"
0,1.50408954993799,0.596,0.178,0,"11","WASHC4"
0,1.25474430430006,0.667,0.25,0,"11","MED13L"
0,0.782403918963287,0.678,0.261,0,"11","POU2F2"
0,1.47951929517171,0.608,0.191,0,"11","CDC42EP3"
0,1.81615354769493,0.544,0.128,0,"11","ATP6AP1"
0,2.60144146758467,0.485,0.069,0,"11","BCL3"
0,1.30076616897961,0.632,0.218,0,"11","LAMTOR2"
0,1.77734764127959,0.515,0.101,0,"11","LAT2"
0,1.08575934627706,0.661,0.248,0,"11","TMEM165"
0,3.07582342999811,0.45,0.038,0,"11","FES"
0,3.57405494921262,0.439,0.027,0,"11","HMOX1"
0,6.95764515181889,0.415,0.004,0,"11","FLT3"
0,1.69355105823188,0.567,0.156,0,"11","ARL8B"
0,1.44032690779619,0.614,0.204,0,"11","JARID2"
0,2.7106788028129,0.462,0.052,0,"11","CORO1C"
0,1.1518919110137,0.912,0.503,0,"11","GSTP1"
0,0.741097948776207,0.825,0.416,0,"11","TXN"
0,1.18965568231115,0.743,0.334,0,"11","USP3"
0,2.21467085609542,0.48,0.071,0,"11","APP"
0,1.08646550877432,0.725,0.317,0,"11","YWHAE"
0,0.748715002946751,0.883,0.477,0,"11","CAPZA1"
0,1.47965479436068,0.561,0.156,0,"11","SH3BP2"
0,0.965898877251833,0.62,0.215,0,"11","MEF2A"
0,3.81877773358946,0.433,0.028,0,"11","SMCO4"
0,1.13145804412478,0.684,0.28,0,"11","ATP1B3"
0,1.74074819494509,0.515,0.111,0,"11","NPTN"
0,1.6806070497908,0.988,0.584,0,"11","PPP1R15A"
0,0.80965073032504,0.702,0.3,0,"11","TNFRSF1B"
0,2.37960985451257,0.48,0.079,0,"11","SSFA2"
0,1.52768754242805,0.596,0.195,0,"11","SERPINB9"
0,1.27977073910265,0.585,0.185,0,"11","PLEKHO1"
0,4.53459831304516,0.415,0.016,0,"11","LILRA2"
0,0.944049681201602,0.649,0.251,0,"11","RNH1"
0,1.88852858597505,0.515,0.117,0,"11","PRDX3"
0,3.22327346754259,0.444,0.046,0,"11","GAA"
0,2.86397534951919,0.45,0.052,0,"11","MAFG"
0,4.10183117397174,0.415,0.017,0,"11","AL034397.3"
0,1.08934518288284,0.684,0.287,0,"11","HEBP2"
0,0.973555977920173,0.661,0.264,0,"11","GNAI3"
0,1.37592279353524,0.573,0.176,0,"11","FAR1"
0,0.766217870457809,0.819,0.423,0,"11","ENY2"
0,1.97531431820832,0.497,0.102,0,"11","MANBA"
0,1.18025652647998,0.801,0.406,0,"11","PGK1"
0,2.08072259653059,0.503,0.108,0,"11","NFKB2"
0,0.875035432857998,0.702,0.307,0,"11","TACC1"
0,0.955301468063001,0.836,0.441,0,"11","CSTB"
0,1.10862618210081,0.637,0.243,0,"11","NBPF19"
0,2.10125015907195,0.491,0.097,0,"11","OAZ2"
0,1.40238835524568,0.503,0.109,0,"11","ITGAX"
0,0.85827747455079,0.795,0.401,0,"11","WSB1"
0,0.818612863419563,0.696,0.302,0,"11","WDR26"
0,1.83598359183501,0.503,0.11,0,"11","SLC6A6"
0,1.27181333200808,0.637,0.244,0,"11","RBPJ"
0,0.912637064649571,0.772,0.379,0,"11","TPI1"
0,2.5542250570753,0.45,0.057,0,"11","MBOAT7"
0,2.31993220093419,0.48,0.088,0,"11","PQLC1"
0,1.01715680322869,0.848,0.456,0,"11","PPP1CB"
0,4.68310240129467,0.409,0.017,0,"11","NFAM1"
0,1.22600657100907,0.947,0.555,0,"11","SH3BGRL"
0,1.08695192501224,0.965,0.574,0,"11","ARPC5"
0,0.787295278902456,0.871,0.48,0,"11","REL"
0,1.21230952217837,0.737,0.346,0,"11","MAP3K2"
0,1.17152609207961,0.626,0.235,0,"11","PTK2B"
0,1.33313093271601,0.55,0.159,0,"11","FAM96A"
0,1.25270225367857,0.544,0.154,0,"11","HLA-DMA"
0,0.937406412894027,0.626,0.236,0,"11","MAPRE1"
0,1.69182471733816,0.538,0.149,0,"11","RHOB"
0,0.928334620619974,0.912,0.524,0,"11","HCLS1"
0,2.97274664046813,0.439,0.051,0,"11","SLC16A6"
0,1.5339971326318,0.526,0.138,0,"11","PTTG1IP"
0,4.14145952539906,0.409,0.021,0,"11","IL18"
0,1.29479102137126,0.842,0.454,0,"11","SLC2A3"
0,3.00562447205172,0.427,0.04,0,"11","MGST2"
0,1.07767780298591,0.585,0.198,0,"11","SLCO3A1"
0,2.04739692005497,0.48,0.094,0,"11","ATP11A"
0,0.692426200797339,0.749,0.363,0,"11","RAB5IF"
0,2.90286630448209,0.427,0.041,0,"11","TMEM91"
0,1.40916633283515,0.602,0.217,0,"11","EHD1"
0,0.98982708236511,0.591,0.207,0,"11","ARHGAP26"
0,1.49871933808218,0.515,0.133,0,"11","STX10"
0,1.33246239337226,0.538,0.157,0,"11","YTHDF3"
0,4.37518150467627,0.398,0.018,0,"11","CSF2RA"
0,0.730609953838789,0.883,0.503,0,"11","TMBIM4"
0,1.90802967508312,0.48,0.1,0,"11","SPTLC2"
0,1.63960481606961,0.526,0.146,0,"11","BID"
0,3.47542568688759,0.409,0.029,0,"11","LRRC25"
0,4.90901229811184,0.392,0.013,0,"11","B3GNT5"
0,0.947197560702676,0.737,0.358,0,"11","ATP6V1F"
0,0.927341781083281,0.854,0.475,0,"11","BLOC1S1"
0,1.74577846512687,0.485,0.107,0,"11","NR4A1"
0,1.07467640667401,0.661,0.284,0,"11","KLF9"
0,0.893191572646547,0.731,0.354,0,"11","CELF1"
0,1.00229347221717,0.854,0.477,0,"11","MAP1LC3B"
0,1.02577131146514,0.871,0.494,0,"11","ROCK1"
0,1.06803784549155,0.596,0.219,0,"11","RGS19"
0,0.860355569538267,0.696,0.319,0,"11","REEP5"
0,4.65225073163792,0.392,0.017,0,"11","CD1D"
0,1.90859523987944,0.497,0.122,0,"11","MTMR6"
0,0.896702611512211,0.778,0.404,0,"11","SNX3"
0,1.52834993723928,0.538,0.164,0,"11","MDM2"
0,1.06108030038517,0.936,0.563,0,"11","ACTR3"
0,0.767789362524902,0.731,0.358,0,"11","CD46"
0,1.99966155558013,0.462,0.089,0,"11","HEXB"
0,1.66337913254959,0.491,0.119,0,"11","NOTCH2"
0,2.37987288840136,0.439,0.067,0,"11","FAM49A"
0,2.37345732514541,0.444,0.072,0,"11","RELT"
0,3.47146693369815,0.398,0.026,0,"11","SIRPB1"
0,2.5011072580099,0.427,0.056,0,"11","RNF19B"
0,1.11715265457228,0.947,0.576,0,"11","PCBP1"
0,0.793417894395234,0.673,0.303,0,"11","MGST3"
0,5.45731764170684,0.38,0.01,0,"11","CLEC4D"
0,2.98454605983086,0.409,0.04,0,"11","MPP1"
0,2.00800163028978,0.48,0.111,0,"11","TLE3"
0,0.966088167759609,0.789,0.421,0,"11","GRB2"
0,1.01328505183085,0.591,0.223,0,"11","TANK"
0,4.11211922375274,0.386,0.018,0,"11","STAB1"
0,2.05445948230936,0.444,0.077,0,"11","RARA"
0,5.86520286015312,0.374,0.007,0,"11","FPR2"
0,1.7411190758278,0.491,0.124,0,"11","MAFF"
0,2.26127676292819,0.439,0.073,0,"11","UBXN11"
0,2.9496228373501,0.415,0.049,0,"11","MSRB1"
0,1.23379022168213,0.544,0.179,0,"11","BAZ2B"
0,4.84823569244647,0.38,0.015,0,"11","PTAFR"
0,0.640961480583697,0.953,0.588,0,"11","CLIC1"
0,0.726567965949407,0.819,0.454,0,"11","CAP1"
0,4.31131739588309,0.386,0.022,0,"11","ZEB2-AS1"
0,2.84330044533769,0.421,0.057,0,"11","VNN2"
0,0.874220146041038,0.713,0.349,0,"11","NOP10"
0,0.932216010116393,0.585,0.224,0,"11","PTPN6"
0,2.10697377238342,0.444,0.083,0,"11","MIR22HG"
0,0.852288398377322,0.801,0.441,0,"11","CSNK1A1"
0,1.02289809013969,0.556,0.196,0,"11","TIMM8B"
0,1.14431486430563,0.556,0.196,0,"11","CWC25"
0,1.64491120611964,0.485,0.125,0,"11","AZI2"
0,1.75599295815053,0.456,0.096,0,"11","CHPT1"
0,2.00839944484078,0.474,0.116,0,"11","ABHD5"
0,2.028370889838,0.45,0.092,0,"11","PNP"
0,5.9027978123992,0.363,0.006,0,"11","MARC1"
0,0.917460107948953,0.655,0.299,0,"11","GDI2"
0,1.79705111224574,0.462,0.106,0,"11","TMEM205"
0,2.4062420369875,0.409,0.053,0,"11","CTNNA1"
0,1.23307856313795,0.509,0.153,0,"11","CYB5R4"
0,1.01973923141434,0.579,0.223,0,"11","HOOK3"
0,4.68900143019076,0.368,0.012,0,"11","HOMER3"
0,1.5384858803251,0.544,0.189,0,"11","EIF4E"
0,0.993362624618561,0.556,0.201,0,"11","PRKAG2"
0,1.65349394650623,0.468,0.113,0,"11","LIPA"
0,1.7762611420146,0.456,0.101,0,"11","NBPF14"
0,0.846148598795467,0.573,0.218,0,"11","LIMS1"
0,1.48482892196174,0.901,0.546,0,"11","HMGB2"
0,1.00646320824345,0.567,0.212,0,"11","SNX2"
0,3.46179608309296,0.386,0.031,0,"11","TTYH3"
0,1.35386292333219,0.439,0.084,0,"11","IRF8"
0,1.06490887398654,0.556,0.202,0,"11","UBE2R2"
0,1.08391305943299,0.515,0.161,0,"11","LEPROT"
0,4.82181361922167,0.368,0.014,0,"11","WDFY3"
0,0.891451408936104,0.947,0.593,0,"11","IQGAP1"
0,0.969342447196414,0.556,0.203,0,"11","PARVG"
0,1.14523021231895,0.953,0.6,0,"11","ARPC1B"
0,1.79386125983301,0.439,0.086,0,"11","DENND3"
0,1.61091229422382,0.474,0.121,0,"11","PDXK"
0,2.7832406462022,0.409,0.057,0,"11","MID1IP1"
0,1.14513411054915,0.52,0.168,0,"11","AP1G1"
0,0.912193504656657,0.836,0.485,0,"11","ENO1"
0,1.05830132143433,0.965,0.614,0,"11","RHOA"
0,1.68945223510883,0.503,0.152,0,"11","PLIN2"
0,0.825681140517298,0.579,0.228,0,"11","GNA13"
0,1.15694935296006,0.579,0.229,0,"11","CHMP4B"
0,1.70669211883132,0.462,0.113,0,"11","PLD3"
0,2.18727893433994,0.421,0.072,0,"11","PHC2"
0,2.58489740725273,0.415,0.066,0,"11","DENND5A"
0,1.45552090080768,0.883,0.534,0,"11","GADD45B"
0,1.51103173192742,0.491,0.143,0,"11","ASAP1"
0,4.29539095119693,0.363,0.015,0,"11","LILRB4"
0,0.983126563616168,0.702,0.355,0,"11","PRDX1"
0,1.81043787915163,0.48,0.133,0,"11","NRIP1"
0,1.82867408428948,0.45,0.104,0,"11","ACSL4"
0,5.01455977989628,0.357,0.011,0,"11","FCAR"
0,1.76020336693287,0.462,0.117,0,"11","CAT"
0,0.786377573829359,0.526,0.181,0,"11","MMP24OS"
0,4.97222260005668,0.357,0.012,0,"11","HK3"
0,1.06296682862393,0.561,0.217,0,"11","SAT2"
0,2.63252836888562,0.392,0.048,0,"11","GAPT"
0,0.78409974377128,0.901,0.557,0,"11","CFLAR"
0,0.864536522646621,0.608,0.264,0,"11","FAM120A"
0,1.92799540866374,0.415,0.071,0,"11","LTB4R"
0,1.46295501864052,0.468,0.125,0,"11","SNX27"
0,1.22492747569718,0.509,0.166,0,"11","OS9"
0,0.922498440782436,0.561,0.219,0,"11","RUNX1"
0,2.3809437670674,0.404,0.062,0,"11","RNPEP"
0,0.921430290332361,0.532,0.19,0,"11","FAM200B"
0,2.70211902347124,0.386,0.044,0,"11","NCF4"
0,2.16344746394806,0.415,0.073,0,"11","BLVRA"
0,1.81804996440342,0.427,0.085,0,"11","ITPRIP"
0,5.06147127020926,0.351,0.009,0,"11","MCEMP1"
0,0.940429672857524,0.673,0.332,0,"11","ATP5PB"
0,3.35888473748152,0.374,0.033,0,"11","KYNU"
0,1.01602461540187,0.889,0.548,0,"11","ZFP36L1"
0,0.790285237620958,0.825,0.484,0,"11","GPX4"
0,1.47704350499174,0.462,0.122,0,"11","ADIPOR1"
0,1.73753849975345,0.462,0.122,0,"11","OXSR1"
0,2.66044807041585,0.386,0.046,0,"11","NUDT16"
0,4.38833623473407,0.357,0.017,0,"11","LINC00937"
0,1.10076179397862,0.497,0.157,0,"11","ACADVL"
0,1.00900962333184,0.918,0.579,0,"11","LAMTOR4"
0,2.54561503935651,0.398,0.059,0,"11","PLEKHG2"
0,2.52268822902363,0.392,0.054,0,"11","RP2"
0,4.00434171412142,0.357,0.019,0,"11","EGR3"
0,0.972029975717157,0.567,0.229,0,"11","MYO9B"
0,2.77679495062247,0.38,0.043,0,"11","QSOX1"
0,7.35708315234133,0.339,0.002,0,"11","DNAAF1"
0,4.03459268632774,0.357,0.02,0,"11","CXCL16"
0,2.44849194445659,0.398,0.062,0,"11","MTF1"
0,2.34839189358097,0.398,0.062,0,"11","TOM1"
0,0.996806723653076,0.596,0.26,0,"11","CLTA"
0,1.62690011532123,0.439,0.104,0,"11","IRAK1"
0,4.88727419543356,0.345,0.01,0,"11","SGMS2"
0,1.08268372571127,0.532,0.198,0,"11","SKIL"
0,1.11494034001593,0.526,0.192,0,"11","FAM91A1"
0,1.83520995926442,0.421,0.087,0,"11","VAMP3"
0,3.72327678227093,0.357,0.023,0,"11","ADAM9"
0,2.42177268316353,0.386,0.053,0,"11","SLC16A3"
0,4.0528576043959,0.351,0.018,0,"11","LPCAT2"
0,0.841947453417991,0.561,0.229,0,"11","CTDSP1"
0,2.26960099657649,0.392,0.06,0,"11","HDAC9"
0,0.92346478028479,0.561,0.23,0,"11","SPAG9"
0,0.96685225121893,0.544,0.214,0,"11","RHEB"
0,2.2437762264819,0.392,0.062,0,"11","NAPRT"
0,0.836242492126598,0.772,0.442,0,"11","SEC11A"
0,1.38354247448328,0.474,0.144,0,"11","FNDC3B"
0,2.03535988027961,0.409,0.079,0,"11","TRMT1"
0,3.45313618185659,0.357,0.027,0,"11","PLXNB2"
0,1.57273112751622,0.45,0.121,0,"11","UBE2E1"
0,1.04575799682977,0.532,0.203,0,"11","COL4A3BP"
0,3.10731593600736,0.368,0.04,0,"11","ATP6V0A1"
0,0.942499764749295,0.637,0.309,0,"11","RIOK3"
0,0.936250318509456,0.807,0.48,0,"11","VAPA"
0,0.948422626056377,0.614,0.287,0,"11","PABPC4"
0,0.51481011951409,0.444,0.117,0,"11","MEF2C"
0,1.03617704082303,0.509,0.182,0,"11","TRIM8"
0,1.34557855537597,0.462,0.135,0,"11","SPG21"
0,3.47129973878188,0.351,0.024,0,"11","CLIC4"
0,3.939441136612,0.345,0.018,0,"11","SMARCD3"
0,0.798621129205354,0.561,0.235,0,"11","PPP4R2"
0,1.92845590820208,0.444,0.118,0,"11","KLF7"
0,2.00619038319258,0.398,0.072,0,"11","ATP6V1A"
0,3.49481707681407,0.351,0.025,0,"11","RAB3D"
0,1.23741376057752,0.509,0.184,0,"11","NUP58"
0,3.46202169461826,0.351,0.026,0,"11","ZNF467"
0,0.779037666227939,0.538,0.214,0,"11","BHLHE40"
0,0.962499975219281,0.532,0.208,0,"11","TM9SF2"
0,1.57700351073724,0.404,0.08,0,"11","CALHM6"
0,2.46004285080029,0.368,0.044,0,"11","GSN"
0,1.82228604135288,0.415,0.091,0,"11","JAK2"
0,1.6839004872205,0.988,0.664,0,"11","CD44"
0,1.06951703114599,0.45,0.127,0,"11","CCDC88B"
0,2.1895153171047,0.404,0.081,0,"11","P2RX4"
0,2.47177013726387,0.368,0.045,0,"11","SERPINB8"
0,1.11940511534076,0.491,0.168,0,"11","TXNDC17"
0,1.45378875885017,0.45,0.128,0,"11","TMEM33"
0,1.7033402984306,0.404,0.082,0,"11","SGMS1"
0,1.54930785430393,0.556,0.235,0,"11","RGCC"
0,2.85226784972842,0.368,0.047,0,"11","ALOX5"
0,1.40104086087154,0.45,0.129,0,"11","SHKBP1"
0,2.63826417720649,0.351,0.03,0,"11","IFI30"
0,0.851000456014834,0.532,0.212,0,"11","ERP44"
0,0.74359414400816,0.532,0.212,0,"11","RAD23B"
0,1.19675029574858,0.468,0.149,0,"11","PPP3R1"
0,1.80702286759214,0.392,0.073,0,"11","TET3"
0,0.970877089983491,0.52,0.201,0,"11","CMIP"
0,3.27700413274929,0.345,0.026,0,"11","ARHGEF40"
0,1.09710447386349,0.924,0.606,0,"11","ID2"
0,2.00077841219229,0.491,0.173,0,"11","TFRC"
0,1.32822585717237,0.497,0.179,0,"11","AKIRIN2"
0,2.00816337360463,0.392,0.075,0,"11","IMPDH1"
0,1.31795995276131,0.474,0.157,0,"11","TNFSF10"
0,4.10932531139876,0.333,0.017,0,"11","PYGL"
0,1.30587790103948,0.433,0.117,0,"11","PEPD"
0,1.46346150015509,0.444,0.129,0,"11","OTULINL"
0,1.62887555675015,0.386,0.071,0,"11","HAVCR2"
0,8.64945542476266,0.316,0.001,0,"11","ADAMTS2"
0,1.12605545341498,0.468,0.154,0,"11","HADHB"
0,1.01592911262989,0.468,0.155,0,"11","TNIP1"
0,4.27681107160303,0.327,0.014,0,"11","MEFV"
0,1.39211720543806,0.415,0.102,0,"11","NFKBID"
0,0.952897996108004,0.561,0.249,0,"11","RAB7A"
0,3.53528170089082,0.339,0.027,0,"11","DOK3"
0,1.58756592041096,0.404,0.093,0,"11","PITPNA"
0,4.58772469043316,0.322,0.011,0,"11","HLX"
0,1.12140371922021,0.433,0.122,0,"11","ZFYVE16"
0,2.98105681772764,0.345,0.034,0,"11","FBP1"
0,1.30238257314318,0.462,0.152,0,"11","CNIH4"
0,1.66746868187933,0.404,0.094,0,"11","SPOPL"
0,1.42783580398913,0.444,0.134,0,"11","SERTAD2"
0,1.56309554323103,0.427,0.117,0,"11","THAP9-AS1"
0,1.17829134752594,0.444,0.134,0,"11","TRPS1"
0,1.29701874740419,0.444,0.134,0,"11","ACTN1"
0,1.74344487058368,0.404,0.095,0,"11","EHD4"
0,1.2735163403534,0.485,0.176,0,"11","UBR4"
0,4.19779585097285,0.322,0.013,0,"11","FCGR1A"
0,1.37467849153308,0.421,0.112,0,"11","DIAPH2"
0,2.16124038668668,0.363,0.055,0,"11","AGPAT2"
0,0.823493853104917,0.936,0.629,0,"11","DAZAP2"
0,1.39160001322105,0.444,0.138,0,"11","UQCRC1"
0,1.11491331586103,0.48,0.175,0,"11","MRPL23"
0,0.992715479501564,0.48,0.175,0,"11","SNAP23"
0,1.1423100435264,0.977,0.672,0,"11","SERP1"
0,1.40582918123181,0.439,0.135,0,"11","FAM45A"
0,1.10922565101488,0.433,0.129,0,"11","CPD"
0,1.79592083904082,0.392,0.089,0,"11","SQOR"
0,1.05446157878002,0.427,0.124,0,"11","NBEAL2"
0,4.5147192684084,0.316,0.013,0,"11","DAPK1"
0,0.958840889307017,0.468,0.166,0,"11","EIF4E2"
0,0.859744395701906,0.404,0.102,0,"11","HLA-DMB"
0,1.15895829098862,0.965,0.663,0,"11","ATP5MPL"
0,1.31621253413652,0.456,0.155,0,"11","AHCTF1"
0,2.70525210410544,0.333,0.032,0,"11","ARHGAP24"
0,2.14481402470786,0.357,0.056,0,"11","GRK3"
0,1.7346006196647,0.988,0.687,0,"11","ZFP36"
0,2.08130555049953,0.357,0.057,0,"11","CAMKK2"
0,0.914666217525685,0.942,0.642,0,"11","CAST"
0,4.05200288008546,0.316,0.017,0,"11","ADAP2"
0,2.10141581886249,0.357,0.059,0,"11","NQO2"
0,3.50237819955841,0.316,0.019,0,"11","DRAM1"
0,1.36526097789661,0.392,0.096,0,"11","ZC3H12A"
0,0.927752530709618,0.444,0.148,0,"11","CD4"
0,1.5247040766296,0.392,0.096,0,"11","LILRB1"
0,2.37022410979413,0.345,0.049,0,"11","SPECC1"
0,1.06341566126719,0.468,0.173,0,"11","PLEKHB2"
0,1.89198457288317,0.556,0.261,0,"11","AREG"
0,1.41672675252302,0.398,0.103,0,"11","PIK3AP1"
0,1.06431666374789,0.474,0.179,0,"11","HACD4"
0,1.47397797482023,0.982,0.687,0,"11","LAPTM5"
0,1.92520456264086,0.357,0.063,0,"11","PAK1"
0,1.07209080385595,0.45,0.157,0,"11","GRPEL1"
0,1.55671232583539,0.38,0.087,0,"11","TNF"
0,2.40741354736617,0.339,0.046,0,"11","ODF3B"
0,1.76963883119571,0.368,0.075,0,"11","FKBP15"
0,1.81183287674048,0.368,0.075,0,"11","ITGA5"
0,3.98399457320167,0.31,0.017,0,"11","IMPA2"
0,3.42538354079839,0.322,0.03,0,"11","SLC2A6"
0,1.13903504689425,0.988,0.696,0,"11","ITGB2"
0,2.0901398925138,0.351,0.059,0,"11","EIF4EBP1"
0,1.47947347639637,0.409,0.117,0,"11","GCH1"
0,1.8015379375315,0.374,0.082,0,"11","RCOR1"
0,0.922700097297079,0.474,0.182,0,"11","KDELR1"
0,0.946464102726823,0.444,0.153,0,"11","RAB10"
0,0.783199197067625,0.906,0.615,0,"11","GNAI2"
0,1.07098105518726,0.433,0.142,0,"11","NCOR2"
0,1.09504746365099,0.462,0.171,0,"11","USP12"
0,2.41334867689514,0.339,0.049,0,"11","PLAGL2"
0,1.72038321034173,0.374,0.084,0,"11","C20orf27"
0,2.03825314932238,0.357,0.067,0,"11","SULF2"
0,1.96925740287099,0.363,0.073,0,"11","TPD52L2"
0,2.42053872741153,0.333,0.044,0,"11","KLHL2"
0,4.69491269298306,0.298,0.009,0,"11","ASGR2"
0,0.735529050416402,0.462,0.174,0,"11","RLF"
0,2.92695941455562,0.322,0.034,0,"11","GM2A"
0,1.19132341357056,0.45,0.162,0,"11","MAPK14"
0,1.19729076987398,0.386,0.098,0,"11","TBK1"
0,4.64441152980294,0.298,0.01,0,"11","CRISPLD2"
0,0.70205426690618,0.947,0.659,0,"11","COX5B"
0,2.63486113757373,0.333,0.046,0,"11","MIR181A1HG"
0,1.14617030839238,0.439,0.152,0,"11","SMS"
0,1.33964958312172,0.421,0.134,0,"11","SRA1"
0,4.45064386691381,0.298,0.011,0,"11","ADM"
0,0.990223121305959,0.427,0.141,0,"11","PHF21A"
0,1.19022506508679,0.404,0.119,0,"11","TMED7"
0,2.86847240472945,1,0.715,0,"11","NFKBIA"
0,1.18623447335261,0.421,0.136,0,"11","TMEM14C"
0,1.92593060527825,0.994,0.71,0,"11","S100A10"
0,0.859796785086503,0.924,0.64,0,"11","ATP6V0E1"
0,1.05518732907772,0.404,0.12,0,"11","ABHD2"
0,4.05479618497121,0.298,0.015,0,"11","KIF13A"
0,2.02540398901239,0.345,0.062,0,"11","ADAP1"
0,4.03743499539138,0.298,0.015,0,"11","LTBR"
0,0.912699219347686,0.433,0.151,0,"11","DRAM2"
0,1.0420058743751,0.404,0.122,0,"11","SRGAP2C"
0,2.42566844795146,0.327,0.045,0,"11","KDM1B"
0,1.23484193355459,0.392,0.11,0,"11","HGS"
0,2.1351435704767,0.333,0.051,0,"11","KIAA0930"
0,1.22486565614203,0.409,0.127,0,"11","CLIP4"
0,1.82792978720266,0.345,0.063,0,"11","APOBR"
0,0.910272984179098,0.439,0.158,0,"11","PNPLA2"
0,2.46660162322076,0.327,0.046,0,"11","HEBP1"
0,1.13133978739589,0.392,0.113,0,"11","SLC25A24"
0,1.14713553672275,0.444,0.165,0,"11","KDM7A"
0,1.36763057483112,0.38,0.101,0,"11","SLC38A10"
0,1.45214386444041,0.357,0.078,0,"11","MAPKAPK3"
0,4.38339956776962,0.292,0.013,0,"11","ALDH3B1"
0,2.38899063998694,0.316,0.038,0,"11","NACC2"
0,2.02898707385623,1,0.722,0,"11","KLF6"
0,1.95659858429541,0.351,0.073,0,"11","SH2B3"
0,2.70157803076232,0.327,0.05,0,"11","RAPGEF2"
0,0.99085466376867,0.444,0.168,0,"11","NUCB1"
0,0.888869906105722,0.433,0.157,0,"11","USP25"
0,3.49889341521117,0.304,0.028,0,"11","PADI4"
0,1.83518790697474,0.345,0.069,0,"11","ZSWIM6"
0,1.11125767137267,0.456,0.181,0,"11","RFLNB"
0,1.21302401602243,0.398,0.124,0,"11","NAGK"
0,5.28880403363596,0.281,0.007,0,"11","VNN1"
0,2.69616601644436,0.31,0.037,0,"11","GNB4"
0,1.39321493949401,0.982,0.709,0,"11","FOSB"
0,3.44628391777919,0.292,0.019,0,"11","CSF1R"
0,1.65027515140821,0.357,0.084,0,"11","SBF2"
0,4.21998776602254,0.287,0.014,0,"11","LILRA1"
0,1.17511691031109,0.392,0.12,0,"11","LRRFIP2"
0,1.12137753540771,0.409,0.137,0,"11","ATP2A2"
0,1.22732089395753,0.38,0.109,0,"11","ZNF330"
0,2.10473890988128,0.316,0.045,0,"11","BTK"
0,1.07253056457117,0.433,0.162,0,"11","NAPA"
0,1.04336986622488,0.409,0.138,0,"11","CMTM7"
0,1.1617085348231,0.409,0.138,0,"11","SAMD4B"
0,0.871712756470423,0.427,0.157,0,"11","RPN1"
0,1.21043685289065,0.38,0.11,0,"11","DCTN4"
0,4.38719105182069,0.281,0.011,0,"11","RAB20"
0,2.92045765157325,0.298,0.028,0,"11","RHOU"
0,0.893177802987897,0.971,0.702,0,"11","UBE2D3"
0,1.49498769822998,0.357,0.088,0,"11","ZMIZ1"
0,1.20932249628743,0.404,0.135,0,"11","MAP3K3"
0,1.81393200646087,0.333,0.064,0,"11","PLIN3"
0,1.05735646172446,0.409,0.14,0,"11","MICU1"
0,0.846953556009639,0.912,0.644,0,"11","ACTR2"
0,1.04836834430048,0.444,0.176,0,"11","DDX60L"
0,3.80576764040448,0.287,0.019,0,"11","SECTM1"
0,3.20335732500392,0.298,0.031,0,"11","VEGFA"
0,0.777439208674317,0.865,0.598,0,"11","COX7B"
0,2.23515438357109,0.316,0.049,0,"11","C15orf39"
0,1.24478083899658,0.38,0.113,0,"11","JOSD2"
0,1.46916683241462,0.357,0.091,0,"11","AGO4"
0,1.69235908536298,0.333,0.067,0,"11","PLCB1"
0,1.60480865931875,0.339,0.074,0,"11","KIF1B"
0,2.0153282494878,0.322,0.057,0,"11","COLGALT1"
0,1.76197514806094,0.345,0.08,0,"11","UHRF1BP1L"
0,2.94657127382934,0.292,0.027,0,"11","CYFIP1"
0,2.60643534917299,0.292,0.027,0,"11","LGALS2"
0,1.25743807280043,0.363,0.099,0,"11","CEP170"
0,1.01808144195915,0.912,0.648,0,"11","LRRFIP1"
0,1.67163495163115,0.333,0.069,0,"11","FNIP2"
0,3.96614498481394,0.281,0.017,0,"11","CHST15"
0,1.17425540659725,0.374,0.11,0,"11","B4GALT5"
0,1.16290999823809,0.374,0.11,0,"11","ERCC1"
0,3.29137863211882,0.292,0.028,0,"11","EVI5"
0,1.80205506590186,1,0.737,0,"11","TNFAIP3"
0,2.6469559516682,0.304,0.041,0,"11","RRP12"
0,2.01093794587498,0.31,0.047,0,"11","PPM1F"
0,0.978958653643974,0.971,0.709,0,"11","STK17B"
0,0.91987285798481,0.415,0.153,0,"11","NIPSNAP2"
0,5.46645523053835,0.269,0.007,0,"11","FFAR2"
0,4.00127560202892,0.275,0.014,0,"11","GPBAR1"
0,1.26459007278224,0.363,0.102,0,"11","RALGAPA2"
0,1.81374477960774,0.345,0.084,0,"11","ARAP1"
0,1.69470452851642,0.345,0.084,0,"11","TRIM25"
0,1.02295307428665,0.386,0.126,0,"11","AKR1A1"
0,1.09871950536755,0.398,0.138,0,"11","ARL8A"
0,2.43083936868838,0.298,0.038,0,"11","LONRF1"
0,2.81414740338921,0.292,0.032,0,"11","NAGA"
0,2.43290707108298,0.304,0.045,0,"11","NR4A3"
0,1.5624401549915,0.339,0.081,0,"11","NADK"
0,1.50337309661389,0.339,0.081,0,"11","TESC"
0,3.54816591702753,0.281,0.023,0,"11","ARRDC4"
0,0.929485320995818,0.392,0.135,0,"11","CARD19"
0,3.67200766819224,0.275,0.018,0,"11","GNA15"
0,1.39493217960297,0.345,0.089,0,"11","TAF13"
0,2.57414118930976,0.292,0.036,0,"11","GLB1"
0,3.97475429368777,0.263,0.007,0,"11","SPARC"
0,1.01519239732208,0.38,0.124,0,"11","HOTAIRM1"
0,1.38317502853085,0.368,0.112,0,"11","SGK3"
0,0.978468060367,0.398,0.142,0,"11","AC091271.1"
0,1.75654628795185,0.333,0.078,0,"11","TMEM127"
0,1.07676959143176,0.386,0.131,0,"11","NBN"
0,1.27010652571487,0.345,0.091,0,"11","PLEKHM2"
0,0.88558870641339,0.374,0.12,0,"11","SMIM14"
0,1.35674071358612,0.351,0.098,0,"11","ETV6"
0,5.90735073923108,0.257,0.004,0,"11","SERPINB2"
0,0.888705137922543,0.971,0.719,0,"11","ELOB"
0,1.81465402395615,0.298,0.046,0,"11","LYL1"
0,2.3545289129748,0.298,0.046,0,"11","IRGQ"
0,0.965755967668586,0.947,0.696,0,"11","CALM2"
0,0.985968292817184,0.363,0.112,0,"11","COMMD9"
0,4.3024898622371,0.263,0.012,0,"11","RASGRP4"
0,1.36273561591973,0.333,0.083,0,"11","KLF11"
0,1.12887258130063,0.368,0.118,0,"11","MYO5A"
0,2.68073671347181,0.281,0.032,0,"11","ZNF516"
0,3.64643796929837,0.269,0.02,0,"11","ADGRE2"
0,1.7028863077006,0.31,0.061,0,"11","ATG7"
0,1.79357356647606,0.316,0.067,0,"11","TRMT6"
0,0.862199966582392,0.374,0.126,0,"11","ATP6V1D"
0,1.29292146586609,0.339,0.092,0,"11","MAN2C1"
0,4.70202466508779,0.257,0.01,0,"11","MARCO"
0,1.05545226580339,0.38,0.133,0,"11","NR1H2"
0,1.13233619892266,0.339,0.093,0,"11","CPQ"
0,1.04752289325804,0.363,0.117,0,"11","FLII"
0,1.71386849027331,0.327,0.082,0,"11","ULK1"
0,1.89012981024877,0.304,0.059,0,"11","FRY"
0,1.67121235679226,0.304,0.059,0,"11","PELI2"
0,1.00239759968225,0.38,0.136,0,"11","BCL10"
0,1.37038355949795,0.322,0.078,0,"11","FEZ2"
0,1.73834582817325,0.316,0.072,0,"11","SPTSSA"
0,1.24785917404959,0.339,0.096,0,"11","TMUB2"
0,1.4396985300261,0.316,0.073,0,"11","SRGAP2"
0,3.72513409300264,0.257,0.014,0,"11","C3AR1"
0,1.28957025927556,0.351,0.109,0,"11","MTMR14"
0,0.96506133186266,0.368,0.127,0,"11","CERS2"
0,1.2466140798442,0.333,0.093,0,"11","PRCP"
0,1.65172651699701,0.298,0.058,0,"11","BMP2K"
0,1.44708934413743,0.316,0.076,0,"11","TRIOBP"
0,1.60389838686102,0.322,0.083,0,"11","FAM102B"
0,0.940967431860191,0.351,0.112,0,"11","G6PD"
0,4.35784856478676,0.251,0.012,0,"11","HCAR3"
0,2.56206954752597,0.275,0.037,0,"11","KCNQ1"
0,1.2768102181477,0.345,0.107,0,"11","IL6R"
0,1.61898335258281,0.31,0.072,0,"11","ZNF787"
0,1.84375947739236,0.281,0.044,0,"11","SCIMP"
0,2.21937452325766,0.269,0.032,0,"11","LATS2"
0,1.99470302859914,0.292,0.055,0,"11","RABGEF1"
0,1.59013609257315,0.31,0.073,0,"11","CCDC71L"
0,1.34786804107589,0.322,0.086,0,"11","DNAJC5"
0,1.04280389523253,0.333,0.098,0,"11","RHOT1"
0,0.882178840414266,0.31,0.075,0,"11","IGFBP7"
0,1.55066457749957,0.298,0.064,0,"11","INPPL1"
0,2.87762423067432,1,0.766,0,"11","VIM"
0,1.086511812051,0.357,0.124,0,"11","RREB1"
0,1.91130770307521,0.275,0.043,0,"11","TCF7L2"
0,2.06290896569863,0.275,0.043,0,"11","PLEKHO2"
0,1.17903936639491,0.333,0.101,0,"11","PSTPIP2"
0,2.0848116218855,0.287,0.055,0,"11","MSRB2"
0,1.90497990793768,0.281,0.05,0,"11","ACER3"
0,1.98626562292412,0.281,0.051,0,"11","SLC7A5"
0,1.13377478717517,0.327,0.097,0,"11","FURIN"
0,1.47317345283767,0.31,0.08,0,"11","GALNT2"
0,1.91157376952442,0.281,0.053,0,"11","ELL"
0,1.67613097890064,0.281,0.053,0,"11","IL10RB"
0,1.11773994844816,0.322,0.094,0,"11","MTHFR"
0,0.742760569049782,0.327,0.099,0,"11","CTBP2"
0,1.55278428713458,0.298,0.07,0,"11","WARS"
0,1.70972962348375,0.292,0.065,0,"11","BIN3"
0,2.11949178106657,0.287,0.06,0,"11","PHLDA1"
0,1.08842805110102,0.322,0.096,0,"11","TNRC18"
0,0.951937941794776,0.333,0.108,0,"11","BICD2"
0,1.00187036145172,0.327,0.102,0,"11","ZBTB21"
0,2.81068958019656,0.257,0.032,0,"11","SH3TC1"
0,2.30860983371171,0.263,0.038,0,"11","PRKAG2-AS1"
0,1.42980523582995,0.31,0.085,0,"11","E2F3"
0,1.32929150190919,0.31,0.085,0,"11","UBAP1"
0,1.31114030041141,0.316,0.092,0,"11","APAF1"
0,2.66766208078683,1,0.776,0,"11","SRGN"
0,1.77333021492393,0.275,0.052,0,"11","PIP4P2"
0,1.30324538550827,0.327,0.104,0,"11","MFSD14B"
0,1.21612124215013,0.327,0.104,0,"11","ARRDC1"
0,1.00952416439331,0.339,0.116,0,"11","CARS2"
0,0.99287660198672,0.31,0.087,0,"11","HVCN1"
0,1.65813306408913,0.977,0.754,0,"11","GAPDH"
0,1.41036464107074,0.269,0.047,0,"11","SOX4"
0,0.902076478557729,0.982,0.76,0,"11","LCP1"
0,2.51629905608353,0.257,0.036,0,"11","IL1RAP"
0,1.30505789830293,0.31,0.089,0,"11","YWHAG"
0,0.77489688065207,0.971,0.75,0,"11","EMP3"
0,1.63537653592393,0.298,0.077,0,"11","MTMR3"
0,0.865928399770757,0.327,0.107,0,"11","GSR"
0,1.79286820372997,0.275,0.057,0,"11","SLC12A7"
0,1.80383976299582,0.269,0.051,0,"11","RNF24"
0,1.25103681990204,0.304,0.086,0,"11","MAP3K11"
0,2.01964905662068,0.994,0.776,0,"11","DUSP1"
0,1.94414888670603,0.263,0.046,0,"11","PLXND1"
0,1.73815451706108,0.275,0.058,0,"11","SLC44A1"
0,1.85177782494463,0.275,0.059,0,"11","BEST1"
0,1.631686096287,0.275,0.059,0,"11","RELB"
0,2.66708464241329,0.257,0.043,0,"11","SLC39A8"
0,1.2933963753339,0.31,0.096,0,"11","PPP1R9B"
0,2.0010663467667,0.263,0.05,0,"11","TP53INP2"
0,1.66372360304961,0.275,0.063,0,"11","RALB"
0,1.85153600898259,0.275,0.063,0,"11","PIGA"
0,1.00261708668861,0.304,0.092,0,"11","COP1"
0,1.18285055427541,0.304,0.092,0,"11","MIR29B2CHG"
0,2.28483977176623,0.251,0.039,0,"11","SNX30"
0,2.05162572490183,0.251,0.04,0,"11","NFKBIE"
0,1.20124742504961,0.304,0.093,0,"11","NANS"
0,1.14490318363445,0.292,0.081,0,"11","SNN"
0,1.27153833840681,0.287,0.076,0,"11","TSEN34"
0,1.60916610703526,0.257,0.047,0,"11","DOT1L"
0,1.31849781600471,0.292,0.082,0,"11","CCNG2"
0,1.47657585696623,0.275,0.066,0,"11","TTC7A"
0,1.24773892186283,0.281,0.072,0,"11","ARPC1A"
0,1.12056649848201,0.298,0.089,0,"11","PXK"
0,2.14428343255968,0.251,0.042,0,"11","FUCA2"
0,1.17142015313715,0.287,0.079,0,"11","SPNS1"
0,1.22792872551954,0.292,0.084,0,"11","ZNF524"
0,1.67281559923962,0.263,0.056,0,"11","ASPH"
0,1.56689484868769,0.275,0.068,0,"11","ALDOA"
0,1.33754369453606,0.275,0.069,0,"11","MOB1B"
0,1.2538471508799,0.275,0.069,0,"11","ITPK1"
0,1.28445298280158,0.287,0.083,0,"11","MTX1"
0,1.70363033448476,0.251,0.048,0,"11","NBPF26"
0,1.53784746790352,0.263,0.06,0,"11","RRAS"
0,1.66633682291127,0.251,0.05,0,"11","ID1"
0,1.18841290543874,0.275,0.075,0,"11","ADRB2"
0,1.03094283914745,0.292,0.092,0,"11","GUSB"
0,1.7144384971176,0.251,0.052,0,"11","MFN2"
0,1.17305646114463,0.269,0.07,0,"11","SIL1"
0,1.2014497353754,0.275,0.077,0,"11","RPRD1B"
0,1.34182821410224,0.269,0.072,0,"11","CDK19"
0,1.35313572392105,0.269,0.072,0,"11","SLC11A2"
0,1.48093380716325,0.251,0.055,0,"11","PAPSS1"
0,1.6049349480421,0.263,0.067,0,"11","MPP7"
0,1.025688084155,0.281,0.087,0,"11","GGA3"
0,1.2838519398723,0.275,0.083,0,"11","OSBPL11"
0,1.10895119266407,0.269,0.077,0,"11","DHRS4L2"
0,1.08520779358215,0.269,0.078,0,"11","DHX57"
0,1.23431608454614,0.269,0.08,0,"11","SPIDR"
0,1.34121150049494,0.263,0.074,0,"11","REEP3"
0,1.26343692129383,0.251,0.062,0,"11","FUOM"
0,1.26635136836569,0.257,0.07,0,"11","DGAT1"
0,1.57262949726604,0.263,0.076,0,"11","RNF141"
0,1.16344317029543,0.257,0.073,0,"11","DEF8"
0,0.810374746892287,0.93,0.75,0,"11","HNRNPC"
0,1.43720186507287,0.251,0.071,0,"11","HPS5"
0,1.10476548734483,0.994,0.817,0,"11","ARPC3"
0,0.63899409420333,0.982,0.812,0,"11","ATP5MC2"
0,0.783310550713703,0.994,0.828,0,"11","CCNL1"
0,1.29097122256456,1,0.836,0,"11","FOS"
0,1.432342144805,0.994,0.831,0,"11","S100A4"
0,1.4698862478504,0.994,0.878,0,"11","OAZ1"
0,2.382482509227,1,0.889,0,"11","S100A6"
0,0.906736216548541,1,0.889,0,"11","CYBA"
0,2.73559105854624,1,0.9,0,"11","NEAT1"
0,0.929096587315854,0.994,0.9,0,"11","SH3BGRL3"
0,1.1109051008581,0.977,0.891,0,"11","PNRC1"
0,0.560007008185265,1,0.919,0,"11","PABPC1"
0,0.610068343525071,1,0.951,0,"11","SERF2"
0,2.64648533788119,1,0.955,0,"11","FTH1"
0,1.38590340446604,0.994,0.954,0,"11","H3F3A"
0,0.473217734423211,1,0.966,0,"11","ATP5F1E"
0,2.66082504252966,1,0.971,0,"11","FTL"
0,0.951210349767592,1,0.98,0,"11","ACTB"
0,0.515673463792478,1,0.999,0,"11","MT-ND1"
0,0.428734432673581,1,0.999,0,"11","MT-ND2"
0,0.717513962453225,1,0.999,0,"11","MT-CO1"
2.22044604925031e-16,0.694414832624148,0.684,0.316,4.44355663375973e-12,"11","MYO1G"
2.22044604925031e-16,0.766774200075037,0.766,0.402,4.44355663375973e-12,"11","ATP5F1C"
2.22044604925031e-16,0.885955155448717,0.614,0.284,4.44355663375973e-12,"11","SLA"
2.22044604925031e-16,0.768770454585253,0.889,0.561,4.44355663375973e-12,"11","EIF5"
2.22044604925031e-16,0.783604274374761,0.52,0.213,4.44355663375973e-12,"11","TUT7"
2.22044604925031e-16,0.652455674985369,0.901,0.609,4.44355663375973e-12,"11","SMAP2"
2.22044604925031e-16,0.67757667007701,0.45,0.17,4.44355663375973e-12,"11","YWHAH"
2.22044604925031e-16,1.13682040753532,0.433,0.172,4.44355663375973e-12,"11","ACSL3"
2.22044604925031e-16,0.853416739250131,0.398,0.145,4.44355663375973e-12,"11","RNF11"
2.22044604925031e-16,0.829817974163248,0.398,0.145,4.44355663375973e-12,"11","RYBP"
2.22044604925031e-16,0.82153346257071,0.363,0.127,4.44355663375973e-12,"11","NFIC"
2.22044604925031e-16,1.08427483950949,0.345,0.123,4.44355663375973e-12,"11","YPEL2"
2.22044604925031e-16,1.06371236244471,0.339,0.118,4.44355663375973e-12,"11","DNAJC4"
2.22044604925031e-16,0.634111328867076,0.936,0.717,4.44355663375973e-12,"11","COX6B1"
2.22044604925031e-16,1.16473485177522,0.275,0.086,4.44355663375973e-12,"11","WWP2"
2.22044604925031e-16,0.926980435478249,0.269,0.082,4.44355663375973e-12,"11","SRGAP2B"
4.44089209850063e-16,0.956816158143573,0.573,0.261,8.88711326751945e-12,"11","TAGAP"
4.44089209850063e-16,0.719822492541443,0.45,0.172,8.88711326751945e-12,"11","CCPG1"
4.44089209850063e-16,0.85486465813851,0.368,0.132,8.88711326751945e-12,"11","ARF3"
4.44089209850063e-16,0.880716728475922,0.363,0.129,8.88711326751945e-12,"11","STX12"
4.44089209850063e-16,1.15589493074297,0.251,0.076,8.88711326751945e-12,"11","CLCN7"
6.66133814775094e-16,0.764995652803766,0.643,0.307,1.33306699012792e-11,"11","NCKAP1L"
6.66133814775094e-16,0.614628164724137,0.585,0.249,1.33306699012792e-11,"11","SERPINB6"
6.66133814775094e-16,0.851375829541296,0.591,0.274,1.33306699012792e-11,"11","ZNF106"
6.66133814775094e-16,0.762769952780935,0.491,0.197,1.33306699012792e-11,"11","CLTC"
6.66133814775094e-16,0.858012255744654,0.485,0.196,1.33306699012792e-11,"11","SDHD"
6.66133814775094e-16,0.690093830790624,0.433,0.163,1.33306699012792e-11,"11","WDR11"
6.66133814775094e-16,0.670692218544159,0.415,0.151,1.33306699012792e-11,"11","PTRHD1"
6.66133814775094e-16,0.867888555685152,0.275,0.085,1.33306699012792e-11,"11","GMIP"
8.88178419700125e-16,0.730725681809929,0.813,0.437,1.77742265350389e-11,"11","PRELID1"
8.88178419700125e-16,0.943179630631117,0.398,0.15,1.77742265350389e-11,"11","PLEKHF2"
8.88178419700125e-16,0.845343735970322,0.327,0.11,1.77742265350389e-11,"11","CUEDC2"
1.11022302462516e-15,0.803816122835031,0.743,0.404,2.22177831687986e-11,"11","ARHGDIA"
1.11022302462516e-15,0.818938606783102,0.561,0.247,2.22177831687986e-11,"11","RAB5C"
1.11022302462516e-15,1.03004347968872,0.462,0.193,2.22177831687986e-11,"11","RNF13"
1.33226762955019e-15,0.805731837179572,0.404,0.151,2.66613398025584e-11,"11","WDFY1"
1.33226762955019e-15,1.06033143675404,0.281,0.091,2.66613398025584e-11,"11","C3orf58"
1.55431223447522e-15,0.70030006104718,0.673,0.317,3.11048964363181e-11,"11","HADHA"
1.55431223447522e-15,0.760787058906391,0.637,0.292,3.11048964363181e-11,"11","SSR3"
1.55431223447522e-15,0.723921960279057,0.643,0.299,3.11048964363181e-11,"11","EP300"
1.55431223447522e-15,1.01431287574737,0.281,0.09,3.11048964363181e-11,"11","TIAM1"
1.55431223447522e-15,1.10366833022489,0.281,0.092,3.11048964363181e-11,"11","RIC1"
1.77635683940025e-15,0.96400429254828,0.427,0.17,3.55484530700778e-11,"11","RAF1"
2.44249065417534e-15,0.745481999699383,0.327,0.112,4.8879122971357e-11,"11","CYB5R3"
2.66453525910038e-15,0.890421786758503,0.439,0.176,5.33226796051167e-11,"11","CHMP2B"
2.88657986402541e-15,0.398474315957422,0.988,0.954,5.77662362388764e-11,"11","PFDN5"
3.99680288865056e-15,0.832932014700119,0.567,0.247,7.99840194076751e-11,"11","POLE4"
4.21884749357559e-15,0.817504269376204,0.304,0.102,8.44275760414348e-11,"11","AP2A1"
4.44089209850063e-15,0.918527256810076,0.725,0.382,8.88711326751945e-11,"11","LCP2"
4.44089209850063e-15,0.882116905825158,0.439,0.177,8.88711326751945e-11,"11","SYNGR2"
4.44089209850063e-15,1.03518833942288,0.345,0.129,8.88711326751945e-11,"11","SUSD6"
4.66293670342566e-15,0.886141966903676,0.298,0.1,9.33146893089543e-11,"11","HK1"
4.66293670342566e-15,1.16753304145345,0.263,0.085,9.33146893089543e-11,"11","PPP1R12C"
4.88498130835069e-15,0.809534120317054,0.38,0.141,9.7758245942714e-11,"11","HNRNPH2"
5.10702591327572e-15,0.93393208671839,0.485,0.202,1.02201802576474e-10,"11","ELOVL5"
5.32907051820075e-15,0.592533618585031,0.982,0.844,1.06645359210233e-10,"11","MT-ND4L"
5.55111512312578e-15,0.99782219287659,0.339,0.123,1.11088915843993e-10,"11","DPH3"
5.77315972805081e-15,0.915353849930753,0.322,0.112,1.15532472477753e-10,"11","EDEM3"
5.99520433297585e-15,0.78740672123068,0.579,0.266,1.19976029111513e-10,"11","VAMP5"
6.21724893790088e-15,0.702592615260706,0.854,0.482,1.24419585745272e-10,"11","VAMP8"
6.21724893790088e-15,0.774688651387565,0.637,0.308,1.24419585745272e-10,"11","ALOX5AP"
6.66133814775094e-15,0.652279877640915,0.52,0.219,1.33306699012792e-10,"11","CLIP1"
6.88338275267597e-15,0.623846508696855,0.632,0.281,1.37750255646552e-10,"11","EIF4H"
7.105427357601e-15,0.706251674932713,0.883,0.62,1.42193812280311e-10,"11","SLC25A6"
7.99360577730113e-15,0.978591259699386,0.257,0.082,1.5996803881535e-10,"11","NCSTN"
8.43769498715119e-15,0.660225542746537,0.415,0.156,1.6885515208287e-10,"11","FLOT1"
9.76996261670138e-15,0.729748926194693,0.339,0.121,1.95516491885428e-10,"11","PLCB2"
9.99200722162641e-15,0.891797048584409,0.304,0.104,1.99960048519188e-10,"11","CBWD1"
9.99200722162641e-15,0.934689191378725,0.263,0.084,1.99960048519188e-10,"11","MTCH2"
1.24344978758018e-14,0.672743325655031,0.784,0.42,2.48839171490545e-10,"11","CHD1"
1.4210854715202e-14,0.941027877787645,0.427,0.175,2.84387624560622e-10,"11","MX2"
1.4432899320127e-14,0.764231458048478,0.643,0.316,2.88831181194382e-10,"11","PTP4A1"
1.62092561595273e-14,0.683602894208311,0.93,0.612,3.2437963426446e-10,"11","AHNAK"
2.06501482580279e-14,0.838161415614116,0.287,0.096,4.13250766939655e-10,"11","KIAA0100"
2.06501482580279e-14,0.847874439975526,0.281,0.095,4.13250766939655e-10,"11","DAPP1"
2.1538326677728e-14,0.701785906921043,0.69,0.337,4.31024993474693e-10,"11","VDAC2"
2.39808173319034e-14,0.621748039428788,0.772,0.403,4.7990411644605e-10,"11","RNASET2"
2.39808173319034e-14,0.845960317112023,0.316,0.112,4.7990411644605e-10,"11","TBL1X"
2.68673971959288e-14,0.821495391785321,0.316,0.112,5.37670352684927e-10,"11","SCARB2"
2.90878432451791e-14,0.796099598917225,0.608,0.299,5.82105919022524e-10,"11","ZFC3H1"
3.30846461338297e-14,0.658339344720813,0.368,0.138,6.62089938430199e-10,"11","MAN1A1"
3.48610029732299e-14,0.753689183640125,0.333,0.121,6.97638391500277e-10,"11","AL390728.6"
3.70814490224802e-14,0.709277573593692,0.45,0.183,7.42073957837874e-10,"11","ACAA1"
3.81916720471054e-14,0.993081244738824,0.275,0.093,7.64291741006673e-10,"11","TYK2"
3.93018950717305e-14,0.942576807359826,0.263,0.087,7.86509524175472e-10,"11","TPMT"
4.2410519540681e-14,0.742846017498309,0.456,0.187,8.48719317048108e-10,"11","LGALS8"
4.32986979603811e-14,0.323845613503051,0.942,0.513,8.66493543583147e-10,"11","EFHD2"
4.70734562441066e-14,0.655268913423734,0.45,0.182,9.42034006357062e-10,"11","AP3S1"
5.41788836017076e-14,0.592111510498647,0.614,0.284,1.08422781863737e-09,"11","RAP2B"
5.46229728115577e-14,0.919959293317545,0.263,0.087,1.09311493190489e-09,"11","AP1B1"
5.81756864903582e-14,0.482441214407467,0.959,0.791,1.16421183804505e-09,"11","GMFG"
5.97299987248334e-14,0.719623883687399,0.579,0.277,1.19531673448137e-09,"11","MAP3K1"
6.21724893790088e-14,0.946299793921291,0.333,0.125,1.24419585745272e-09,"11","LAIR1"
6.77236045021345e-14,0.621363022227021,0.626,0.291,1.35528477329672e-09,"11","LAMP1"
7.34967642301854e-14,0.629453062624104,0.731,0.37,1.47081724577447e-09,"11","WTAP"
7.39408534400354e-14,0.738760639283752,0.655,0.324,1.47970435904199e-09,"11","SQSTM1"
7.48290318597356e-14,0.754022034485708,0.392,0.154,1.49747858557703e-09,"11","ZSCAN16-AS1"
7.68274333040608e-14,0.656734850044579,0.444,0.183,1.53747059528087e-09,"11","PPTC7"
7.99360577730113e-14,0.66699881190794,0.813,0.491,1.5996803881535e-09,"11","HIGD2A"
8.30446822419617e-14,0.59674890339624,0.877,0.538,1.66189018102614e-09,"11","ATP5MF"
8.68194405256872e-14,0.665334474529655,0.503,0.216,1.73743064380005e-09,"11","MKRN1"
9.45910016980633e-14,0.963840809226905,0.263,0.089,1.89295512598164e-09,"11","ZDHHC3"
9.72555369571637e-14,0.730803271890572,0.281,0.095,1.94627780558676e-09,"11","RCBTB2"
1.00586206031039e-13,0.793707619129271,0.351,0.132,2.01293115509316e-09,"11","OSTM1"
1.06581410364015e-13,0.744328043215682,0.637,0.32,2.13290718420467e-09,"11","BLOC1S6"
1.07913677993565e-13,0.598296257705822,0.596,0.275,2.15956852400723e-09,"11","CCDC69"
1.07913677993565e-13,0.814275282861919,0.368,0.142,2.15956852400723e-09,"11","PSTPIP1"
1.12354570092066e-13,0.761257829843257,0.386,0.153,2.24843965668242e-09,"11","NDUFV3"
1.20126131264442e-13,0.854110831387829,0.257,0.085,2.40396413886401e-09,"11","ARHGAP27"
1.22790666523542e-13,0.977336237640487,0.251,0.083,2.45728681846913e-09,"11","TLNRD1"
1.23234755733392e-13,0.644182948446208,0.591,0.273,2.46617393173665e-09,"11","ZFAND6"
1.26565424807268e-13,0.725062964047438,0.433,0.176,2.53282728124304e-09,"11","TMEM167B"
1.33892896769794e-13,0.638052210300142,0.813,0.472,2.67946465015712e-09,"11","ARF1"
1.3855583347322e-13,0.716928524144259,0.339,0.125,2.77277933946607e-09,"11","CS"
1.4344081478157e-13,0.297783102362981,0.538,0.231,2.87053758540878e-09,"11","HIPK2"
1.44551037806195e-13,0.73604545725471,0.468,0.2,2.89275536857758e-09,"11","LYPLA1"
1.48103751484996e-13,0.843034757262702,0.327,0.121,2.96385227471774e-09,"11","HDLBP"
1.60760293965723e-13,0.684321774636208,0.708,0.349,3.21713500284204e-09,"11","HECA"
1.765254609154e-13,0.690385452555978,0.345,0.129,3.53262752383898e-09,"11","TPGS1"
1.81854531433601e-13,0.675648982575833,0.398,0.155,3.63927288304922e-09,"11","ERGIC1"
1.82076576038526e-13,1.15834127116371,0.251,0.085,3.64371643968298e-09,"11","STARD4"
1.83408843668076e-13,0.751909844284458,0.573,0.277,3.67037777948553e-09,"11","PPP2CA"
1.84074977482851e-13,0.807619734862968,0.281,0.097,3.68370844938681e-09,"11","YIPF3"
1.85407245112401e-13,0.683627154231126,0.456,0.19,3.71036978918937e-09,"11","LRCH4"
1.90514271025677e-13,0.819426462956,0.275,0.094,3.81257159176585e-09,"11","ARHGEF2"
1.92734717074927e-13,1.00421210181251,0.257,0.087,3.85700715810344e-09,"11","PCGF3"
2.04281036531029e-13,0.724377545947008,0.409,0.166,4.08807210305895e-09,"11","CHST11"
2.07611705604904e-13,0.659756570230348,0.702,0.35,4.15472545256534e-09,"11","PSMA4"
2.26929586233382e-13,0.807852626245018,0.643,0.328,4.54131487970244e-09,"11","DNTTIP2"
2.40918396343659e-13,0.780409373103138,0.427,0.18,4.8212589476293e-09,"11","MAPKAPK2"
2.63122856836162e-13,0.57849868104738,0.947,0.633,5.26561461100528e-09,"11","CD53"
2.91544566266566e-13,0.930634053354622,0.269,0.093,5.83438986012652e-09,"11","BCL2L13"
3.37951888695898e-13,1.06312392383304,0.292,0.107,6.7630931965823e-09,"11","ILK"
3.56825680114525e-13,0.74861015922625,0.333,0.125,7.14079551045188e-09,"11","CPSF7"
4.08117983852208e-13,0.626866902116361,0.743,0.42,8.16725709285038e-09,"11","FKBP5"
4.13447054370408e-13,0.481765848512208,0.608,0.278,8.27390245206061e-09,"11","USP8"
4.36095604072761e-13,0.790123819000045,0.532,0.247,8.7271452287041e-09,"11","DNAJC15"
4.66515714947491e-13,0.86568992459845,0.351,0.137,9.33591248752919e-09,"11","FOXN2"
4.71622740860766e-13,0.546536037572288,0.602,0.276,9.43811429010566e-09,"11","BSG"
5.01154673315796e-13,0.676662197590729,0.526,0.243,1.00291073223957e-08,"11","FERMT3"
5.17808018685173e-13,0.837407589648653,0.345,0.135,1.03623740699277e-08,"11","NXF1"
5.30686605770825e-13,0.55445843886357,0.433,0.177,1.06201003546857e-08,"11","TMX1"
5.36681810103801e-13,0.941333146445511,0.31,0.115,1.07400763837973e-08,"11","ANAPC13"
5.42677014436777e-13,0.765970061777781,0.439,0.188,1.08600524129088e-08,"11","CCNY"
6.57252030578093e-13,0.643136988600753,0.836,0.531,1.31529276359288e-08,"11","DDX21"
6.95665747230123e-13,0.658844288919197,0.696,0.357,1.39216629335692e-08,"11","ATP5F1B"
7.60946861078082e-13,0.774930483621736,0.333,0.127,1.52280685838946e-08,"11","HPCAL1"
9.80326930744013e-13,0.668405357700907,0.561,0.271,1.96183025380492e-08,"11","DCP2"
9.86100090472064e-13,0.633292328149379,0.673,0.345,1.97338350105269e-08,"11","EWSR1"
9.96758231508466e-13,0.780506034924486,0.287,0.103,1.99471257289474e-08,"11","TM9SF4"
1.14241949233929e-12,0.441536886464984,0.982,0.837,2.28620988806938e-08,"11","ACTG1"
1.32627242521721e-12,0.833675366532507,0.474,0.218,2.65413637734468e-08,"11","ANKRD10"
1.33693056625361e-12,0.601714807904888,0.456,0.196,2.67546544918673e-08,"11","TMEM30A"
1.37356792606624e-12,0.57925329258769,0.62,0.298,2.74878413364377e-08,"11","PPP1R18"
1.40176759089172e-12,0.674740271263015,0.626,0.33,2.80521730289252e-08,"11","IFI6"
1.48991929904696e-12,0.651651342106627,0.456,0.197,2.98162650125278e-08,"11","FBXO9"
1.61870516990348e-12,0.666543577216271,0.532,0.245,3.23935278601084e-08,"11","FNIP1"
1.64357416565508e-12,0.692339583889349,0.713,0.369,3.28912062030895e-08,"11","ANP32A"
1.65267799445701e-12,0.751873250229848,0.439,0.187,3.30733920250736e-08,"11","RAB5A"
1.80122583515185e-12,0.565883118710228,0.667,0.337,3.60461314130589e-08,"11","SYNCRIP"
1.83630888273001e-12,0.805264959901714,0.257,0.089,3.67482133611929e-08,"11","TACC3"
1.89825932750409e-12,1.14188289263468,0.275,0.101,3.79879656620119e-08,"11","PDLIM5"
1.97530880541308e-12,0.666342476894492,0.596,0.288,3.95298798139265e-08,"11","LSM6"
2.00883754075676e-12,0.804313223528095,0.304,0.114,4.02008568656242e-08,"11","UBE2W"
2.26840768391412e-12,0.689960591872103,0.38,0.155,4.53953745704894e-08,"11","UBE2E3"
2.26862972851904e-12,0.815379930015278,0.52,0.247,4.53998181271231e-08,"11","NDUFB5"
2.29416485808542e-12,0.681361913424733,0.725,0.404,4.59108271400055e-08,"11","LENG8"
2.31148433726958e-12,0.773769603931205,0.444,0.196,4.62574245574388e-08,"11","RASSF3"
2.48512321832095e-12,0.609888098655608,0.556,0.253,4.97322858450389e-08,"11","SUPT4H1"
2.79509748679629e-12,0.63643922453269,0.591,0.282,5.59354909057674e-08,"11","MAP4K4"
2.98183699953825e-12,0.479035491260545,0.515,0.224,5.96725220347594e-08,"11","PPP4C"
2.98250313335302e-12,0.70301535184718,0.327,0.126,5.96858527046606e-08,"11","RMDN1"
3.66906505178122e-12,0.801222700346758,0.327,0.129,7.34253298162457e-08,"11","NFKBIB"
3.83293397021589e-12,0.662462650054385,0.368,0.148,7.67046746119604e-08,"11","TGIF1"
4.05497857514092e-12,0.470055187478654,0.673,0.33,8.11482312457201e-08,"11","PREX1"
4.11382039544606e-12,0.628221516011867,0.386,0.159,8.23257737536665e-08,"11","EFR3A"
4.36939373571477e-12,0.423505239619921,0.579,0.265,8.74403074391239e-08,"11","PPP3CA"
4.52815562823616e-12,0.571100804362369,0.678,0.353,9.06174504322621e-08,"11","GRK2"
4.71844785465692e-12,0.732036562228571,0.269,0.096,9.44255784673942e-08,"11","CD58"
5.08526554199307e-12,0.752156375893959,0.649,0.364,1.01766334026365e-07,"11","XRN2"
5.24247312227999e-12,0.608053895949541,0.409,0.174,1.04912372123067e-07,"11","JMJD6"
5.24491561293416e-12,0.575667649337697,0.637,0.314,1.04961251246039e-07,"11","ITSN2"
5.35349542474250e-12,0.980373437221662,0.31,0.122,1.07134150439947e-07,"11","DUSP22"
5.64104318812042e-12,0.523773442984737,0.725,0.378,1.12888556280666e-07,"11","HELZ"
6.67532695786122e-12,0.604649611661178,0.485,0.216,1.33586643080719e-07,"11","CALCOCO2"
7.2339911838526e-12,0.642144964310968,0.754,0.446,1.44766631571258e-07,"11","ATP5PD"
7.4611428146909e-12,0.776455741390935,0.339,0.137,1.49312390007594e-07,"11","BTAF1"
8.24473822547134e-12,0.631320418527619,0.468,0.209,1.64993701368132e-07,"11","DENND4A"
8.34710078834178e-12,0.725964323599633,0.778,0.506,1.67042180976296e-07,"11","H1FX"
8.64264215749699e-12,0.611784513702231,0.684,0.355,1.7295655485583e-07,"11","NAA38"
8.76854144848949e-12,0.792062067337792,0.474,0.228,1.75476051467172e-07,"11","DICER1"
8.89843754237063e-12,0.636791716743105,0.643,0.329,1.78075532097921e-07,"11","TOP1"
9.78439551602150e-12,0.526173741519726,0.433,0.187,1.95805323066622e-07,"11","VCL"
9.85322934354826e-12,0.890143060360216,0.316,0.126,1.97182825623088e-07,"11","NDRG1"
1.03077546498298e-11,0.536949283841802,0.561,0.264,2.06278786052394e-07,"11","B4GALT1"
1.06301634161809e-11,0.492928081821241,0.55,0.258,2.12730830284613e-07,"11","RAB27A"
1.13657971922976e-11,0.602302466486633,0.637,0.322,2.27452333412259e-07,"11","ADAM10"
1.16686660334153e-11,0.544287170110824,0.474,0.21,2.33513344660707e-07,"11","VMA21"
1.26267885036668e-11,1.28808051215628,0.304,0.127,2.52687291535381e-07,"11","NAF1"
1.26896271268606e-11,0.581759513557199,0.842,0.512,2.53944818062735e-07,"11","NDUFA11"
1.49624757028732e-11,0.54305175888783,0.462,0.204,2.99429063765899e-07,"11","ARF4"
1.61897162342939e-11,0.744307173507124,0.509,0.246,3.23988601280689e-07,"11","NDUFS7"
1.77300396586588e-11,0.803225638396588,0.374,0.16,3.5481355364908e-07,"11","SDHB"
1.81108461561053e-11,0.784137959442685,0.351,0.146,3.62434253275978e-07,"11","LAP3"
1.84261494950988e-11,0.490823019928769,0.784,0.418,3.68744103695917e-07,"11","FMNL1"
1.95996552321276e-11,0.565379423100491,0.836,0.516,3.92228300505337e-07,"11","MOB1A"
2.13504769419615e-11,0.748769086079048,0.298,0.115,4.27265744562533e-07,"11","PTDSS1"
2.13740136700835e-11,0.606458661637769,0.491,0.226,4.27736761565711e-07,"11","SFT2D1"
2.17241780120503e-11,0.593078523595399,0.357,0.145,4.3474425037715e-07,"11","LPCAT1"
2.21096474462001e-11,0.659971475847956,0.45,0.206,4.42458264693357e-07,"11","DNAJC3"
2.57314169971323e-11,0.619684335293962,0.474,0.217,5.14937116946612e-07,"11","AP3B1"
2.85400592048290e-11,0.470431299897064,0.327,0.13,5.71143664807039e-07,"11","TENT5A"
2.85842460812091e-11,0.708607203016893,0.409,0.184,5.72027932577157e-07,"11","GLTP"
2.91793256224082e-11,0.727565655187957,0.257,0.094,5.83936664355633e-07,"11","RPGR"
3.17703641172784e-11,0.798816141402051,0.269,0.101,6.35788526714975e-07,"11","ANO6"
3.19004822557645e-11,0.451402186771908,0.649,0.315,6.38392450902359e-07,"11","CASP4"
3.24855697897419e-11,0.791408125541802,0.339,0.141,6.50101222632316e-07,"11","AHCYL1"
3.39062111720523e-11,0.679710832773603,0.433,0.197,6.7853109797511e-07,"11","CAMTA1"
3.67053054617372e-11,0.765741203528143,0.392,0.172,7.34546572900285e-07,"11","EIF4A3"
3.72821773453325e-11,0.509757496817848,0.556,0.265,7.46090933034793e-07,"11","TRIP12"
3.7517544626553e-11,0.542267721625166,0.392,0.167,7.50801103066578e-07,"11","ST8SIA4"
3.85604881358859e-11,0.672846070948681,0.257,0.094,7.71672488575348e-07,"11","AMFR"
4.01072508537936e-11,0.731226446347692,0.398,0.175,8.02626304086118e-07,"11","RAP2C"
4.0713210580634e-11,0.702992437012697,0.327,0.134,8.14752770139648e-07,"11","KIAA0232"
4.11914946596426e-11,0.681632626617937,0.292,0.113,8.24324191128767e-07,"11","ATG4B"
4.781885998284e-11,0.701875593627492,0.404,0.178,9.56951025976593e-07,"11","OXA1L"
5.12092590554403e-11,0.724978645853828,0.287,0.111,1.02479969221747e-06,"11","SYNE3"
6.14612805094339e-11,0.693464115282258,0.596,0.309,1.22996314555479e-06,"11","TRIM38"
6.40183461797506e-11,0.926777175813085,0.251,0.094,1.28113514374917e-06,"11","EXOC3"
6.61197763207610e-11,0.695057934162249,0.591,0.304,1.32318896373107e-06,"11","PHF20L1"
6.77988776232041e-11,0.692422776033696,0.439,0.2,1.35679113899556e-06,"11","DYNC1LI2"
6.88202828058593e-11,0.528997277924087,0.275,0.103,1.37723149951086e-06,"11","WBP4"
7.45419281855675e-11,0.675970845138081,0.45,0.214,1.49173306684958e-06,"11","PSME4"
7.59969864816412e-11,0.62376364665777,0.404,0.176,1.5208516934706e-06,"11","SNX17"
7.85282949777866e-11,0.862203659576374,0.251,0.094,1.57150823909546e-06,"11","MAP3K5"
8.9121376944945e-11,0.679525467668729,0.304,0.121,1.78349699542224e-06,"11","BAG6"
8.9636742472976e-11,0.61349122784053,0.626,0.329,1.7938104903692e-06,"11","COX5A"
9.54283319032356e-11,0.634053039146843,0.456,0.21,1.90971177804755e-06,"11","TIMM13"
1.02506447774431e-10,0.725510305706841,0.292,0.116,2.05135903286191e-06,"11","USP4"
1.03046904342818e-10,0.513969919712012,0.567,0.272,2.06217464970848e-06,"11","CSNK2B"
1.05687680829192e-10,0.545206696828162,0.567,0.275,2.11502186875379e-06,"11","LRPAP1"
1.11269438107797e-10,0.614452928516187,0.632,0.333,2.22672399541324e-06,"11","IFRD1"
1.24207311102964e-10,0.775535054510324,0.31,0.127,2.48563670979252e-06,"11","UBA3"
1.33074218311435e-10,0.533861935521134,0.368,0.157,2.66308125684844e-06,"11","TSC22D2"
1.5000112263408e-10,0.46098685424864,0.942,0.791,3.00182246615321e-06,"11","TPM3"
1.67377445237094e-10,0.606770577986776,0.404,0.179,3.34955743408472e-06,"11","ERO1A"
1.84750659215638e-10,0.592681148831339,0.48,0.231,3.69723019222334e-06,"11","GPATCH2L"
1.88071558326897e-10,0.674834764781911,0.409,0.185,3.76368802523785e-06,"11","CHCHD5"
1.92317051173063e-10,0.551501785891964,0.316,0.129,3.84864882807534e-06,"11","CPT1A"
1.97405869428735e-10,0.480689603755081,0.439,0.199,3.95048625900785e-06,"11","SEC14L1"
2.08832728887387e-10,0.574717008844199,0.292,0.115,4.17916057049439e-06,"11","SLC25A11"
2.14339657134133e-10,0.528201656954636,0.678,0.363,4.28936521856826e-06,"11","CCNH"
2.17168061311668e-10,0.526351781837914,0.743,0.415,4.3459672429691e-06,"11","MRPL33"
2.18297158127712e-10,0.401900677398069,0.48,0.219,4.36856272845176e-06,"11","IQSEC1"
2.3998114606627e-10,0.54923755379997,0.585,0.298,4.8025026950782e-06,"11","ZMYM2"
2.66688893191258e-10,0.70657901587194,0.339,0.147,5.33697813054346e-06,"11","TMEM154"
2.69849254053156e-10,0.491695478702444,0.363,0.155,5.40022327211176e-06,"11","GAK"
2.70716116190783e-10,0.608106781891197,0.673,0.377,5.41757091720996e-06,"11","RAB2A"
2.76228595552652e-10,0.633964854669272,0.339,0.144,5.52788665419968e-06,"11","PPP6C"
2.7938851232534e-10,0.39727090618965,0.62,0.303,5.59112290865471e-06,"11","P4HB"
2.85444112790856e-10,0.51106815687992,0.813,0.516,5.71230758517061e-06,"11","CD164"
2.87853074709687e-10,0.459408520732388,0.538,0.259,5.76051573109027e-06,"11","PDCD6IP"
2.9301361337275e-10,0.510630076648404,0.737,0.404,5.86378843081548e-06,"11","NDUFS6"
2.97768032453405e-10,0.826190648855828,0.251,0.097,5.95893386545754e-06,"11","MMGT1"
3.12067927055182e-10,0.68900876273179,0.368,0.165,6.2451033562283e-06,"11","ATAD2B"
3.52469831099711e-10,0.772813195117826,0.415,0.2,7.05362625996742e-06,"11","RNF138"
3.62221364014204e-10,0.555466452398686,0.351,0.151,7.24877393665224e-06,"11","KIAA1468"
3.67003760715079e-10,0.51684901697749,0.38,0.166,7.34447925943016e-06,"11","C1orf43"
3.94760224509128e-10,0.899926138164303,0.251,0.098,7.89994161287666e-06,"11","NSMAF"
4.22749613093742e-10,0.509102862135173,0.76,0.434,8.46006525723197e-06,"11","NDUFB9"
4.26628510297178e-10,0.652708324231289,0.444,0.209,8.53768974806712e-06,"11","GALNT1"
4.79571049538663e-10,0.457573863553719,0.386,0.169,9.59717584336772e-06,"11","GOLPH3"
5.00489649724045e-10,0.593760865764815,0.485,0.237,1.00157988702776e-05,"11","PKN2"
5.21320098201272e-10,0.537336180363351,0.655,0.35,1.04326578052039e-05,"11","PRDX5"
5.267766223227e-10,0.689870599418968,0.257,0.1,1.05418537659219e-05,"11","ANXA4"
5.73981751017527e-10,0.605150368407257,0.462,0.223,1.14865228013628e-05,"11","ING3"
5.82891956923959e-10,0.668847871580414,0.263,0.103,1.16648338419623e-05,"11","TMEM65"
6.77880418464838e-10,0.437612918643744,0.667,0.348,1.35657429343183e-05,"11","WAS"
6.88321621922228e-10,0.488138377210384,0.497,0.233,1.37746922979076e-05,"11","UQCRC2"
7.42534034259279e-10,0.544611054620207,0.684,0.387,1.48595910935967e-05,"11","RAP1A"
7.82259146347997e-10,0.623376466776136,0.38,0.174,1.56545700367161e-05,"11","SOS2"
8.07150568604698e-10,0.565977348802699,0.363,0.159,1.61526971789172e-05,"11","GLUD1"
8.08841882360412e-10,0.573740002516364,0.439,0.209,1.61865437497966e-05,"11","NARS"
8.1734663481825e-10,0.53536803967823,0.754,0.419,1.63567408559828e-05,"11","SEM1"
8.21916312787607e-10,0.555546959930897,0.76,0.418,1.64481892515056e-05,"11","COPE"
8.67670379989249e-10,0.558977014072686,0.409,0.189,1.73638196443449e-05,"11","STAT6"
8.82640183164085e-10,0.424883557829617,0.415,0.186,1.76633953454797e-05,"11","HDGF"
8.92976359523345e-10,0.469262291701739,0.398,0.179,1.78702429067812e-05,"11","MOB3A"
9.0897001037149e-10,0.630992128655707,0.392,0.178,1.81903078475543e-05,"11","ESD"
9.14939457530295e-10,0.671056353091759,0.281,0.115,1.83097684240963e-05,"11","ITGB2-AS1"
9.33721988616298e-10,0.502910486501353,0.813,0.507,1.86856444361894e-05,"11","MINOS1"
9.62357971090455e-10,0.467535213468825,0.602,0.308,1.92587077174622e-05,"11","SYAP1"
9.73997993369835e-10,0.56054819151002,0.368,0.163,1.94916478433171e-05,"11","PTPMT1"
1.026736695664e-09,0.504720189906957,0.462,0.217,2.05470547536279e-05,"11","CCT5"
1.06146980094479e-09,0.571453495029832,0.649,0.362,2.12421336565072e-05,"11","PSMB3"
1.08844333546187e-09,0.483812026700219,0.585,0.3,2.1781928029263e-05,"11","SSR1"
1.09907771772555e-09,0.485559875250359,0.725,0.412,2.19947432871237e-05,"11","RB1CC1"
1.11681952574827e-09,0.583717041262626,0.556,0.28,2.23497923492744e-05,"11","SLIRP"
1.13681242197572e-09,0.724983502724049,0.269,0.109,2.27498901885781e-05,"11","ANKHD1"
1.14247278304447e-09,0.547477466551899,0.269,0.106,2.28631653342859e-05,"11","TNK2"
1.17019283152331e-09,0.462763694721573,0.626,0.326,2.34178989444445e-05,"11","BIRC2"
1.20845777829004e-09,0.64873776386674,0.345,0.151,2.41836570591403e-05,"11","ELMSAN1"
1.40342248933223e-09,0.475530934828252,0.901,0.651,2.80852908565166e-05,"11","SFPQ"
1.58433532959634e-09,0.615641683567303,0.556,0.299,3.1705718615882e-05,"11","SSH2"
1.61797975017919e-09,1.12615361050166,0.491,0.264,3.23790107605859e-05,"11","WDR74"
1.80562320650779e-09,0.494943689878343,0.556,0.282,3.61341316086339e-05,"11","ELOC"
1.8419037406403e-09,0.623065788969871,0.585,0.318,3.68601776576938e-05,"11","NFE2L2"
1.92971216783633e-09,0.82755171928257,0.257,0.104,3.86173999027406e-05,"11","RIT1"
2.04266270564801e-09,0.317173991567936,0.386,0.17,4.0877766065428e-05,"11","RABL6"
2.08029238280005e-09,0.782651996308401,0.292,0.126,4.16308111645947e-05,"11","TFDP1"
2.21220131102484e-09,0.432623343888034,0.333,0.143,4.42705726362291e-05,"11","SEC61A1"
2.24504770329759e-09,0.520239799323416,0.585,0.308,4.49278946383913e-05,"11","ANAPC11"
2.31833263697467e-09,0.504285260441328,0.661,0.358,4.63944727311372e-05,"11","SELENOT"
2.33087305012702e-09,0.713078019893737,0.263,0.107,4.6645431479142e-05,"11","FAM117B"
2.5727842078993e-09,0.595663918966528,0.257,0.103,5.14865575684809e-05,"11","KAT8"
2.61577803861712e-09,0.889156457959541,0.433,0.223,5.23469501088059e-05,"11","CITED2"
2.66285526961951e-09,0.450782908639615,0.316,0.135,5.32890596556257e-05,"11","ETV3"
2.712218227785e-09,0.698767213302705,0.298,0.127,5.42769111744335e-05,"11","ZNF277"
2.77138179072267e-09,0.540737137161539,0.275,0.113,5.54608923959421e-05,"11","SYMPK"
2.79787326640246e-09,0.411207208484604,0.678,0.367,5.59910398072461e-05,"11","KMT2C"
2.9021922642869e-09,0.501573323331148,0.345,0.153,5.80786715929094e-05,"11","ZFP91"
3.69010488832089e-09,0.375221575297045,0.544,0.27,7.38463790250776e-05,"11","WDR1"
4.03377309332598e-09,0.40255477570777,0.357,0.157,8.07238671436394e-05,"11","FBRS"
4.15328571534701e-09,0.501491356646748,0.526,0.265,8.31155537355244e-05,"11","ARIH1"
4.41453384958379e-09,0.455614175308657,0.275,0.113,8.83436513978708e-05,"11","UVSSA"
4.49485404452332e-09,0.979582326893199,0.48,0.257,8.99510191390007e-05,"11","TMEM107"
4.85357265489483e-09,0.494873989160862,0.439,0.211,9.71296959697554e-05,"11","TIPARP"
4.96517937875751e-09,0.549876715806875,0.251,0.1,9.93631697276953e-05,"11","GPS1"
4.9727804096733e-09,0.313762080614974,0.468,0.219,9.95152815583822e-05,"11","DECR1"
5.03989050493203e-09,0.426324679019156,0.86,0.547,0.0001008582887847,"11","BZW1"
5.46058265271654e-09,0.589008193100916,0.251,0.101,0.000109277180046163,"11","NT5C2"
5.55924395406748e-09,0.434450279041983,0.398,0.183,0.000111251590008798,"11","SAP30BP"
6.12823702894616e-09,0.387614827128862,0.491,0.239,0.000122638279423271,"11","GOLGA7"
6.17945739023185e-09,0.581471800346428,0.427,0.206,0.00012366330129332,"11","UBAC2"
6.39569575078269e-09,0.335212241048448,0.982,0.897,0.000127990663364663,"11","COX4I1"
6.49518328010856e-09,0.282137702011393,0.994,0.874,0.000129981607801533,"11","MYL6"
6.68295063732671e-09,0.528483035151309,0.287,0.121,0.000133739208154182,"11","PDPK1"
6.93748924973647e-09,0.472862880743224,0.485,0.241,0.000138833034865726,"11","PSMG2"
7.03196345597235e-09,0.976815954406511,0.251,0.105,0.000140723652680919,"11","CERS6"
7.12603509533949e-09,0.770460940112199,0.251,0.104,0.000142606214327934,"11","AK2"
7.20291160050124e-09,0.803580784955967,0.281,0.122,0.000144144666949231,"11","PSMA6"
7.20869453019191e-09,0.633000189124128,0.275,0.116,0.0001442603949382,"11","NPLOC4"
7.40617367434027e-09,0.332590220951728,0.503,0.246,0.000148212347570897,"11","KIDINS220"
7.5692381251713e-09,0.408134704983212,0.848,0.567,0.000151475593360928,"11","SEC61B"
7.81864128995835e-09,0.550949444905636,0.351,0.16,0.000156466649494647,"11","ZSWIM7"
8.02097432917037e-09,0.458695652824797,0.251,0.101,0.000160515738275357,"11","KIAA2013"
8.21540324658088e-09,0.478750536706222,0.544,0.286,0.000164406649770577,"11","MIS18BP1"
9.220026742085e-09,0.608152177988717,0.52,0.279,0.000184511175162605,"11","RAB21"
9.52274636922823e-09,0.529206614874809,0.322,0.142,0.000190569200340995,"11","PARL"
9.5583394532639e-09,0.536587926969562,0.462,0.239,0.000191281489138717,"11","AC103591.3"
9.74446057178113e-09,0.853611224033749,0.351,0.165,0.000195006144962484,"11","TWISTNB"
9.79617897911567e-09,0.506575604584375,0.263,0.109,0.000196041133730063,"11","HIVEP1"
9.99896898612462e-09,0.556465888704696,0.31,0.135,0.000200099367350326,"11","GINM1"
1.05688886531397e-08,0.457557953439871,0.836,0.549,0.000211504599726631,"11","SAMHD1"
1.09063409414745e-08,0.475025698895488,0.485,0.243,0.000218257694920787,"11","TRABD"
1.11172011596494e-08,0.718773346611306,0.287,0.126,0.000222477429606904,"11","NDEL1"
1.16208209721691e-08,0.397712108745915,0.327,0.145,0.000232555869295048,"11","PDZD8"
1.18897316436772e-08,0.379967010026841,0.924,0.727,0.000237937309653269,"11","UQCR11"
1.23056180800774e-08,0.326481953101633,0.503,0.25,0.000246260029018508,"11","FLI1"
1.27279702333283e-08,0.429140860529923,0.754,0.462,0.000254712140309366,"11","TMEM50A"
1.28862727155621e-08,0.372098270456488,0.427,0.204,0.000257880089583828,"11","HM13"
1.3348147476222e-08,0.357755890161223,0.667,0.368,0.000267123127294155,"11","HERPUD1"
1.36037539011369e-08,0.712767746620688,0.456,0.228,0.000272238323069551,"11","ANXA7"
1.39628066886388e-08,0.67786282844087,0.322,0.148,0.00027942368745304,"11","PTPRJ"
1.42456550999981e-08,0.430476151828371,0.339,0.152,0.000285084049861162,"11","RSU1"
1.55805333079684e-08,0.410294235743086,0.392,0.184,0.000311797632559063,"11","NDUFS4"
1.59390209919508e-08,0.725598770974714,0.251,0.105,0.000318971688090919,"11","RPL26L1"
1.59404698329979e-08,0.27054554880979,0.573,0.281,0.000319000682297954,"11","USF2"
1.65832039211722e-08,0.531922996705091,0.713,0.416,0.000331863076870498,"11","ATF4"
1.71032115137137e-08,0.472372208524664,0.585,0.312,0.000342269468812439,"11","TM9SF3"
1.74955618881256e-08,0.467007338275331,0.368,0.173,0.00035012118450517,"11","HEXA"
1.82387975833365e-08,0.559056235773811,0.345,0.161,0.000364994817237729,"11","SLMAP"
1.83205479675763e-08,0.388546311151504,0.292,0.126,0.000366630805927137,"11","NF1"
1.89795903438039e-08,0.403028183427671,0.38,0.179,0.000379819561960204,"11","CBX6"
1.95758944609992e-08,0.487755668598554,0.52,0.273,0.000391752799953515,"11","TMEM219"
2.0517339605064e-08,0.374817272067082,0.45,0.224,0.00041059300017654,"11","LPGAT1"
2.0576629955471e-08,0.359470830616221,0.304,0.133,0.000411779518668887,"11","STAT2"
2.06798078661308e-08,0.44565756753543,0.637,0.345,0.000413844315017009,"11","SH3GLB1"
2.18641618143778e-08,0.616456476094662,0.251,0.105,0.000437545606229328,"11","KIAA0319L"
2.18938627227772e-08,0.457362121232939,0.48,0.247,0.000438139980808216,"11","ARHGAP4"
2.24255216618729e-08,0.265447813299319,0.52,0.261,0.000448779539497401,"11","PHPT1"
2.29542551632989e-08,0.377701193618237,0.327,0.146,0.000459360554327937,"11","SNX13"
2.37605395358997e-08,0.475271278080371,0.637,0.355,0.000475495917192426,"11","LAMTOR5"
2.42017832441377e-08,0.325907042647026,0.544,0.269,0.000484326086281683,"11","RNASEH2C"
2.54760290641087e-08,0.531759003730159,0.591,0.321,0.000509826293630944,"11","EIF2A"
2.58091570337626e-08,0.430757608843223,0.392,0.185,0.000516492850559658,"11","ME2"
2.68480599974197e-08,0.361516274134823,0.392,0.188,0.000537283376668363,"11","MTSS1"
2.71614779556728e-08,0.420113721564867,0.544,0.282,0.000543555496848924,"11","STT3B"
2.76015055256096e-08,0.610368937242276,0.269,0.116,0.000552361328578499,"11","AGO1"
2.90050274909248e-08,0.468841564750969,0.52,0.281,0.000580448610148387,"11","LCOR"
2.98876137172499e-08,0.401984561074081,0.901,0.694,0.000598110925709605,"11","UQCRH"
3.04342737678098e-08,0.387570957263894,0.825,0.505,0.00060905068664141,"11","FAM49B"
3.10912651180217e-08,0.395760326829778,0.439,0.215,0.000622198397541851,"11","SPPL2A"
3.14599648554292e-08,0.578947232672898,0.292,0.131,0.00062957681668685,"11","TMEM131"
3.19292461359311e-08,0.631540801990731,0.322,0.148,0.000638968073672253,"11","GRIPAP1"
3.20112052420995e-08,0.45067590715866,0.62,0.331,0.000640608239304896,"11","HIPK1"
3.22047644107926e-08,0.358157736113979,0.392,0.185,0.000644481745388781,"11","HIST2H2AC"
3.27249713993893e-08,0.450017378927694,0.667,0.366,0.00065489212764458,"11","PJA2"
3.52529070379859e-08,0.522593254564629,0.374,0.182,0.000705481175644174,"11","NAA50"
3.58334519834358e-08,0.394150620330403,0.509,0.261,0.000717099041092517,"11","CCNK"
3.68037227360674e-08,0.401347404534229,0.363,0.168,0.00073651609939418,"11","CHCHD1"
3.70506572089369e-08,0.448233216400207,0.368,0.18,0.000741457752065244,"11","IFI44"
3.72442301443954e-08,0.437565335957102,0.678,0.401,0.00074533153364964,"11","NUFIP2"
3.78008020440745e-08,0.413364798234391,0.322,0.146,0.00075646965050602,"11","LAMTOR3"
3.92725756359624e-08,0.35311335094193,0.749,0.437,0.00078592278362688,"11","OSTF1"
3.97343877800438e-08,0.332037571060679,0.561,0.285,0.000795164568254236,"11","ERICH1"
4.10421809871053e-08,0.417615315450184,0.719,0.441,0.000821336125913952,"11","DYNLL1"
4.26821065158123e-08,0.428664364473046,0.596,0.321,0.000854154315594435,"11","IFI27L2"
4.29638473686822e-08,0.762024865303026,0.257,0.113,0.000859792513542068,"11","AKAP10"
4.4063642068437e-08,0.464590698884317,0.83,0.586,0.000881801605073562,"11","SLC25A3"
4.83644371218617e-08,0.566896968407505,0.269,0.117,0.000967869115682696,"11","PTS"
5.32672435049619e-08,0.438325418950746,0.83,0.602,0.0010659840770213,"11","COX8A"
5.35055115769012e-08,0.377830885036741,0.421,0.206,0.00107075229767695,"11","ATP6V1E1"
5.48533811706164e-08,0.404785887376202,0.795,0.499,0.00109772586398638,"11","MTPN"
5.60806894256416e-08,0.72789901072145,0.263,0.117,0.00112228675678594,"11","EPN1"
5.78261321049212e-08,0.511108975816686,0.351,0.168,0.00115721655568368,"11","AFTPH"
6.07195360657897e-08,0.373679180729394,0.515,0.263,0.00121511935574858,"11","HBP1"
6.09280028651682e-08,0.495207147899911,0.719,0.443,0.00121929119333775,"11","SLC25A5"
6.11822348339786e-08,0.289676786356417,0.444,0.217,0.00122437888349758,"11","SERTAD1"
6.17841440231359e-08,0.345668024991709,0.485,0.246,0.001236424290191,"11","CCT6A"
6.43806901123867e-08,0.423523394585486,0.655,0.362,0.00128838637052908,"11","SERINC1"
6.69999760116724e-08,1.04998643018613,0.257,0.117,0.00134080351994559,"11","INSIG1"
6.94386994570806e-08,0.460270006949733,0.304,0.138,0.0013896072535351,"11","DENND4B"
7.05242260146122e-08,0.671158279656622,0.263,0.115,0.00141133081100442,"11","DCTN6"
7.13516172812234e-08,0.53369701421218,0.257,0.111,0.00142788856503184,"11","SLC35E1"
7.78734052797603e-08,0.45867276680275,0.333,0.155,0.00155840258645856,"11","PQBP1"
7.93552203948167e-08,0.49881342248557,0.251,0.107,0.00158805667054107,"11","DESI1"
9.60151689266553e-08,0.563870914515838,0.269,0.12,0.00192145556056023,"11","ZRANB1"
9.61653565667575e-08,0.291338491265886,0.538,0.279,0.00192446111561395,"11","CSNK1D"
9.74375735651734e-08,0.512731428742833,0.257,0.112,0.00194992072218625,"11","IFNAR2"
9.76797844831623e-08,0.358927948496604,0.421,0.208,0.00195476784707704,"11","BTF3L4"
1.10058964386539e-07,0.666088071573128,0.263,0.117,0.00220249999530342,"11","MPHOSPH6"
1.10390387719761e-07,0.523482411552556,0.269,0.119,0.00220913243904786,"11","ADNP2"
1.14361935921181e-07,0.458312564291621,0.392,0.198,0.00228861106165468,"11","IFNAR1"
1.17538607957712e-07,0.428924740213762,0.327,0.153,0.00235218262244974,"11","VHL"
1.24775576981762e-07,0.488499005124531,0.538,0.3,0.00249700884655901,"11","CHCHD10"
1.26132475797291e-07,0.650940724863343,0.292,0.136,0.0025241631056554,"11","GCHFR"
1.31291621574547e-07,0.425251713230758,0.947,0.803,0.00262740793094984,"11","HNRNPU"
1.35824031799459e-07,0.34382942292393,0.52,0.27,0.00271811052437076,"11","SHOC2"
1.44294430404202e-07,0.425083381262951,0.544,0.285,0.00288762014124888,"11","PSMB4"
1.44682224201276e-07,0.52939139097792,0.509,0.278,0.00289538067071593,"11","SNHG15"
1.45341346513561e-07,0.294491635535987,0.725,0.409,0.00290857102642939,"11","ARPC4"
1.52016334187266e-07,0.519639935627198,0.316,0.149,0.00304215087975557,"11","EIF4G1"
1.54334597546324e-07,0.643655107344511,0.257,0.114,0.00308854396609703,"11","CAPN1"
1.54553058795415e-07,0.391851552945606,0.386,0.191,0.00309291581261384,"11","GIT2"
1.54843043498332e-07,0.538546689014128,0.386,0.198,0.00309871898648861,"11","AL360012.1"
1.60418033523513e-07,0.426024271422569,0.404,0.199,0.00321028568687254,"11","ECHDC1"
1.62460960462241e-07,0.400835274015289,0.836,0.542,0.00325116874077036,"11","SRSF9"
1.84724593843555e-07,0.584641611192849,0.292,0.136,0.00369670857199722,"11","A1BG"
1.86406843738496e-07,0.419679386191335,0.556,0.305,0.00373037375689478,"11","AFF4"
1.8818610980631e-07,0.441968870018363,0.404,0.205,0.00376598042944387,"11","GIMAP2"
2.03399772358281e-07,0.326084401425249,0.778,0.469,0.00407043624443393,"11","SELL"
2.05161066135773e-07,0.373176668627642,0.731,0.426,0.00410568325550908,"11","TRAPPC1"
2.06296633775693e-07,0.518942582702537,0.327,0.158,0.00412840823511917,"11","ATF6"
2.19585950311796e-07,0.707184915034683,0.327,0.164,0.00439435403763966,"11","ANKRD13A"
2.19997025263652e-07,0.680547126553148,0.292,0.14,0.0044025804695762,"11","PANK3"
2.3836886042794e-07,0.332480642960579,0.374,0.185,0.00477023763488393,"11","PRKAR2A"
2.39583782590813e-07,0.436937440647734,0.281,0.128,0.00479455065720735,"11","TBC1D1"
2.59024802051755e-07,0.347239426771985,0.772,0.429,0.00518360433865972,"11","WDR83OS"
2.91505388272384e-07,1.08826185218142,0.339,0.178,0.00583360583010695,"11","AC245014.3"
2.94003334344595e-07,0.3586110471696,0.69,0.397,0.00588359472690403,"11","GNB1"
2.94893109709093e-07,0.378631824597468,0.368,0.184,0.00590140091149838,"11","PPM1A"
2.9914368626649e-07,0.367520080457133,0.327,0.156,0.00598646344956499,"11","CACUL1"
3.03435037762867e-07,0.448355078196649,0.579,0.337,0.00607234197571049,"11","DOCK2"
3.05050237514592e-07,0.334477036306843,0.474,0.248,0.00610466535314202,"11","RC3H1"
3.106209440773e-07,0.390714616009843,0.374,0.187,0.00621614633287493,"11","AC016831.5"
3.16461459037853e-07,0.518616687626743,0.649,0.395,0.00633302671826552,"11","PHIP"
3.25448950233564e-07,0.372674836398459,0.667,0.401,0.00651288439207409,"11","SREK1"
3.37090595881051e-07,0.422463197325139,0.585,0.325,0.00674585700477159,"11","NDUFB3"
3.42021842403284e-07,0.335018701347805,0.275,0.125,0.00684454111017452,"11","BRWD3"
3.42038352751928e-07,0.373292508414911,0.754,0.462,0.00684487151527158,"11","ATP5PO"
3.44972146626432e-07,0.377435264718842,0.363,0.18,0.00690358259828816,"11","MLXIP"
3.51351850058634e-07,0.440663143802918,0.281,0.128,0.00703125322337339,"11","NUDT22"
3.58589366866724e-07,0.375410402919075,0.316,0.15,0.00717609040973688,"11","COMMD3"
3.66122061112861e-07,0.446122692524568,0.474,0.256,0.00732683468699058,"11","DBNL"
4.00003222322809e-07,0.366348895462159,0.673,0.392,0.00800486448512405,"11","TAF10"
4.04124893105262e-07,0.445610718090125,0.602,0.357,0.00808734736082251,"11","CANX"
4.10716186616256e-07,0.402217429671058,0.415,0.214,0.00821925232656451,"11","IDH3G"
4.37808528097605e-07,0.575143818154267,0.368,0.189,0.00876142426428927,"11","FBXO11"
4.39321173884011e-07,0.346615304740674,0.263,0.118,0.00879169533176682,"11","DCTN2"
4.4659274722747e-07,0.342877369290726,0.45,0.233,0.00893721405751613,"11","SLC20A1"
4.60419300907233e-07,0.43757693775931,0.251,0.111,0.00921391104975555,"11","C12orf10"
4.69404646041838e-07,0.391494553649254,0.474,0.252,0.00939372577658926,"11","FBXW7"
4.7335950914551e-07,0.674221890549405,0.251,0.115,0.00947287049701995,"11","MVP"
4.87807683580144e-07,0.358315071306317,0.503,0.267,0.00976200736380584,"11","GTF3C6"
5.04500185849466e-07,0.338887532608646,0.509,0.274,0.0100960577192195,"11","MAPK1IP1L"
5.46332636464086e-07,0.465089141716574,0.275,0.128,0.0109332087209193,"11","UBAC1"
5.60926204817846e-07,0.36184851686198,0.351,0.172,0.0112252552108147,"11","LSM12"
5.75795769730547e-07,0.401838720354919,0.743,0.441,0.0115228249438477,"11","NDUFB10"
6.16801664632405e-07,0.286123855319105,0.789,0.478,0.0123434349126237,"11","PRKCB"
6.38524891849457e-07,0.275380727553578,0.971,0.88,0.0127781601356913,"11","ATP5MG"
6.55584893927141e-07,0.402904547894068,0.269,0.123,0.01311956489727,"11","PPP1R11"
6.56721681480121e-07,0.411818622681518,0.374,0.19,0.0131423142897802,"11","BCL7B"
7.41773905188481e-07,0.282372205221372,0.415,0.213,0.0148443793906319,"11","EIF4E3"
8.00118212795908e-07,0.41295366366658,0.468,0.258,0.0160119656744717,"11","SP3"
8.17487186388632e-07,0.342604869328957,0.86,0.584,0.0163595535740093,"11","ATP5F1D"
8.33851322878942e-07,0.28695795039369,0.474,0.252,0.0166870326734534,"11","EIF4EBP2"
8.4810973088878e-07,0.41475395606733,0.538,0.311,0.0169723719345463,"11","TUBB4B"
8.57506329499103e-07,0.321356487011606,0.409,0.208,0.017160416665936,"11","EMC3"
8.60527773483e-07,0.355401238030772,0.316,0.154,0.0172208818029418,"11","SLC12A6"
8.60797038537697e-07,0.438856810975562,0.368,0.189,0.0172262703352164,"11","POLR2E"
8.70857636225963e-07,0.353881144944256,0.398,0.204,0.017427603016154,"11","IFT20"
8.99129261489051e-07,0.357025038845193,0.433,0.227,0.0179933747809189,"11","RNF181"
9.45661504214712e-07,0.410357483645741,0.281,0.132,0.0189245780223448,"11","RTCA"
1.09355847577319e-06,0.504322413257837,0.333,0.168,0.0218842922171731,"11","ATP6V1H"
1.12233149351937e-06,0.341640631827701,0.614,0.349,0.0224600978483096,"11","PRKAR1A"
1.13952764269065e-06,0.381820855384604,0.491,0.271,0.0228042271855253,"11","TAOK1"
1.16133807170904e-06,0.393382214142525,0.263,0.122,0.0232406974910413,"11","SF3B4"
1.18866042986276e-06,0.277986686836814,0.971,0.875,0.0237874725224136,"11","ITM2B"
1.19840276013861e-06,0.399436597978004,0.275,0.13,0.0239824360358938,"11","ZMYM4"
1.33301761207072e-06,0.688505504205745,0.304,0.152,0.0266763484527592,"11","TFG"
1.34619862346419e-06,0.315932488166121,0.287,0.136,0.0269401268527654,"11","CUL4A"
1.3633714501804e-06,0.430617683567342,0.263,0.123,0.0272837894610101,"11","LARP4B"
1.37234738417646e-06,0.293516127359675,0.322,0.157,0.0274634158521394,"11","OGFR"
1.40228646183793e-06,0.312426907882913,0.257,0.118,0.0280625566743007,"11","NRAS"
1.44760420162093e-06,0.337564006893066,0.298,0.144,0.0289694552828381,"11","RLIM"
1.46310909032721e-06,0.347748877341979,0.515,0.284,0.0292797391156281,"11","UBL3"
1.48047824666264e-06,0.438537084717803,0.251,0.118,0.0296273306722128,"11","IRF7"
1.51346533883157e-06,0.404176509383667,0.333,0.168,0.0302874683606973,"11","DCUN1D1"
1.54055588486024e-06,0.44195386807046,0.263,0.124,0.0308296043678231,"11","ABTB1"
1.63134872699366e-06,0.32589607622161,0.287,0.137,0.0326465507245972,"11","CCDC47"
1.65715413280587e-06,0.271185627398318,0.719,0.427,0.0331629685057111,"11","SH3KBP1"
1.67462741762492e-06,0.414818356525462,0.304,0.149,0.0335126438815099,"11","CYC1"
1.68937548372661e-06,0.290212109179071,0.468,0.253,0.0338077821803369,"11","ATP11B"
1.71800508264042e-06,0.356041923797555,0.433,0.226,0.0343807177138,"11","CLNS1A"
1.79326673399594e-06,0.771595332579639,0.661,0.436,0.0358868538807267,"11","MT2A"
1.85312518019565e-06,0.475246903547261,0.351,0.184,0.0370847411060753,"11","SH3BP1"
1.8890348727485e-06,0.354106187312397,0.877,0.652,0.0378033658734429,"11","NDUFA1"
1.90920451625942e-06,0.286818912205721,0.526,0.285,0.0382070007793835,"11","CCT8"
1.92715994606907e-06,0.411168227098994,0.287,0.141,0.0385663248407342,"11","KCTD20"
1.95013999038096e-06,0.438185203881545,0.257,0.121,0.0390262014875038,"11","KDM3B"
1.9549874492597e-06,0.345960204563607,0.263,0.124,0.0391232088345852,"11","AP2A2"
2.03451232105856e-06,0.407796902627609,0.386,0.2,0.0407146605690238,"11","TXN2"
2.07070617719296e-06,0.362107241153044,0.673,0.4,0.0414389720179855,"11","RNF7"
2.10673688227914e-06,0.339103699332013,0.731,0.438,0.0421600184881701,"11","BRK1"
2.11366246305467e-06,0.464241768559089,0.368,0.193,0.04229861321065,"11","STXBP3"
2.11446517450753e-06,0.358881578780505,0.322,0.161,0.0423146770722447,"11","ADI1"
2.22164292873472e-06,0.345376206189749,0.31,0.153,0.0444595182898393,"11","DDRGK1"
2.35016879113203e-06,0.265388380863322,0.345,0.173,0.0470315778481343,"11","USP10"
2.35764322442655e-06,0.299120397596033,0.322,0.16,0.0471811562072242,"11","UBA1"
2.48418646164872e-06,0.261361245103538,0.345,0.173,0.0497135394705142,"11","SUCO"
2.61281022662097e-06,0.30720215761419,0.474,0.266,0.0522875582551388,"11","RIF1"
2.6223900018163e-06,0.317576684967184,0.392,0.204,0.0524792687163478,"11","KDELR2"
2.77800128811734e-06,0.488814093141203,0.392,0.212,0.0555933617778042,"11","TUBGCP2"
2.82186865763201e-06,0.388437968865845,0.345,0.179,0.0564712355765318,"11","NMI"
2.95334904110156e-06,0.431824664315358,0.398,0.214,0.0591024210105244,"11","TNKS2"
3.28774502311724e-06,0.366095256599138,0.883,0.627,0.0657943534026222,"11","ATP5MD"
3.31884915505398e-06,0.256450859202273,0.772,0.471,0.0664168092909403,"11","NDUFB7"
3.34425823345086e-06,0.358415504487069,0.392,0.204,0.0669252957678186,"11","LSM10"
3.3770016327761e-06,0.342939201778043,0.906,0.693,0.0675805566751153,"11","ATP5ME"
3.39958489292691e-06,0.32263460939723,0.749,0.476,0.0680324928772533,"11","UBE2B"
3.51567897904914e-06,0.394361622626294,0.333,0.172,0.0703557677287314,"11","TMEM147"
3.59117897308359e-06,0.31021928265215,0.485,0.263,0.0718666736093487,"11","JPT1"
3.68695108732275e-06,0.309641546167873,0.363,0.189,0.073783265159503,"11","LMO4"
3.8233452706038e-06,0.408669355960388,0.263,0.128,0.0765127855553231,"11","NAPG"
3.91550031220156e-06,0.255073595463749,0.392,0.204,0.0783569922477776,"11","TXNDC12"
3.95692746968379e-06,0.432655042689753,0.439,0.239,0.079186032523312,"11","DNM1L"
4.15366257700001e-06,0.384360975714841,0.304,0.153,0.0831230954909241,"11","EDEM1"
4.47412492854404e-06,0.339410010505241,0.31,0.155,0.0895361880700234,"11","NDUFA7"
4.47919219315196e-06,0.285913365328703,0.327,0.165,0.089637594169357,"11","NUDT1"
4.4882173950711e-06,0.270510725932454,0.532,0.298,0.0898182065101629,"11","ALKBH7"
4.58845540096675e-06,0.262651262464787,0.38,0.2,0.0918241694841466,"11","PAN3"
4.63685424101357e-06,0.469492230803977,0.251,0.118,0.0927927270711635,"11","TIMM17B"
5.0892057052998e-06,0.251731605817618,0.298,0.149,0.10184518457446,"11","BCL2L11"
5.16691153906734e-06,0.39837610360845,0.322,0.163,0.103400233719816,"11","SNX5"
5.18834754403841e-06,0.267677650926877,0.55,0.308,0.103829211051297,"11","ANXA11"
5.31503197387373e-06,0.446429695451387,0.316,0.164,0.106364419861161,"11","POLK"
5.40603325172029e-06,0.347133327737929,0.561,0.328,0.108185537433426,"11","VPS29"
5.44428952831133e-06,0.318701641113452,0.69,0.413,0.108951122040566,"11","NDUFA2"
5.57166459835834e-06,0.384775253127078,0.287,0.143,0.111500151942347,"11","MED29"
6.16515797036143e-06,0.250940214171189,0.596,0.341,0.123377141302873,"11","ZNHIT1"
6.30003067025875e-06,0.334438027196262,0.766,0.496,0.126076213773218,"11","POMP"
6.46913373314462e-06,0.300130946643442,0.398,0.212,0.12946030426769,"11","MRPS15"
7.11277809317679e-06,0.298279225420025,0.83,0.568,0.142340915200654,"11","TBCA"
7.22586011314696e-06,0.543750983745191,0.275,0.138,0.144603912584297,"11","WASHC2C"
7.4229519162472e-06,0.33345779050235,0.889,0.665,0.148548113747939,"11","TMBIM6"
7.63838696227204e-06,0.322985436307714,0.468,0.262,0.152859399888988,"11","PTBP1"
7.71386538600538e-06,0.403123712188499,0.257,0.126,0.15436987410474,"11","SSSCA1"
7.7154395154988e-06,0.380062321990992,0.281,0.141,0.154401375584162,"11","OSBPL9"
7.93198805904005e-06,0.271667541950518,0.643,0.386,0.15873494503751,"11","KIF5B"
8.23809493266658e-06,0.290489903109512,0.719,0.442,0.164860755792524,"11","UQCRQ"
8.58117060409391e-06,0.280904438485682,0.55,0.323,0.171726386129127,"11","NORAD"
8.79597740666149e-06,0.251278658083707,0.673,0.411,0.17602509986211,"11","ADGRE5"
8.81090648041649e-06,0.431336411007875,0.327,0.172,0.176323860486095,"11","LMBRD1"
8.86654294451894e-06,0.302581582551878,0.281,0.14,0.177437257405713,"11","UBP1"
9.65113504847182e-06,0.372639616325525,0.298,0.154,0.193138514590018,"11","NAAA"
9.9983754038302e-06,0.257412130398974,0.339,0.179,0.20008748858145,"11","RCC2"
1.01702753350086e-05,0.303832338786276,0.825,0.583,0.203527550004192,"11","CSDE1"
1.07123388064512e-05,0.299546165140851,0.83,0.55,0.214375324194701,"11","ATP5PF"
1.08974485995006e-05,0.29643061137968,0.848,0.571,0.218079741373206,"11","POLR2L"
1.10171955909344e-05,0.289112819221761,0.965,0.734,0.220476118165779,"11","ZFAS1"
1.11770017410251e-05,0.360549930232477,0.807,0.585,0.223674158841394,"11","CDV3"
1.16364820998971e-05,0.424630708639814,0.842,0.616,0.232869279783141,"11","NDUFA13"
1.18595971361213e-05,0.317120118346327,0.62,0.377,0.237334257888059,"11","RBMS1"
1.19868884680407e-05,0.340391530786472,0.368,0.2,0.239881612022431,"11","VPS26A"
1.27741707383056e-05,0.290308543242849,0.269,0.133,0.255636704814971,"11","COMMD1"
1.2831978374539e-05,0.280005970196564,0.924,0.742,0.256793551231274,"11","PCBP2"
1.32934082419656e-05,0.351627124697316,0.363,0.196,0.266027685738215,"11","MLF2"
1.33165816798009e-05,0.512785802589546,0.292,0.153,0.266491432576175,"11","NEK7"
1.41494503669293e-05,0.351484855361181,0.31,0.16,0.283158800742989,"11","C1orf122"
1.66158452912235e-05,0.364183988476389,0.667,0.437,0.332516295967965,"11","DDT"
1.662129943103e-05,0.350617562432187,0.404,0.229,0.332625444213772,"11","EMC10"
1.69345328751014e-05,0.384987913514211,0.316,0.169,0.338893871896529,"11","MRPS5"
1.81446531459795e-05,0.330204976959135,0.76,0.502,0.363110798757341,"11","ATP5MC3"
1.96176296098916e-05,0.392975993701142,0.322,0.172,0.39258800375315,"11","SDHC"
2.02892498453178e-05,0.262981857772616,0.55,0.32,0.406028467904499,"11","TMEM230"
2.07364043849356e-05,0.251591742566506,0.778,0.517,0.414976924551332,"11","ZNF207"
2.20857847355038e-05,0.251311013483153,0.316,0.166,0.441980724126902,"11","WBP2"
2.21020331361288e-05,0.30973860543613,0.269,0.137,0.442305887120209,"11","SCNM1"
2.38418105571458e-05,0.297333958004403,0.485,0.281,0.477122312869603,"11","SUMO3"
2.9900188233567e-05,0.274433652686423,0.749,0.482,0.598362566930143,"11","PRR13"
3.01334784686969e-05,0.286049782773708,0.292,0.154,0.603031171115561,"11","PIK3R5"
3.18069556279887e-05,0.329089510153009,0.848,0.572,0.636520796027311,"11","GPSM3"
3.2931921981838e-05,0.352950460036262,0.368,0.204,0.659033622700543,"11","WDR45B"
3.84135754596393e-05,0.354951882118756,0.304,0.164,0.768732472098302,"11","NAA20"
4.07566790541214e-05,0.376860491763033,0.567,0.357,0.815622661231077,"11","TMPO"
4.27371451006131e-05,0.264192506808244,0.404,0.227,0.855255747753469,"11","MFF"
4.42194937917417e-05,0.333788047098185,0.251,0.129,0.884920509760335,"11","NEDD9"
4.51781022270392e-05,0.277643019214426,0.327,0.176,0.904104181767509,"11","TOR1AIP2"
4.80040084802624e-05,0.264787903949828,0.339,0.184,0.960656217707012,"11","MCTS1"
5.19224542976371e-05,0.307558315538922,0.55,0.334,1,"11","GHITM"
5.42875226199335e-05,0.252742428637949,0.392,0.221,1,"11","UBR2"
5.50135586636635e-05,0.354210316201433,0.257,0.135,1,"11","OPA1"
5.76005481569553e-05,0.372983959567775,0.269,0.14,1,"11","OXR1"
7.29505474070802e-05,0.318673587366405,0.45,0.263,1,"11","PSMB7"
7.82070664542278e-05,0.341481136780198,0.421,0.245,1,"11","USP7"
8.06618407724891e-05,0.281184114755098,0.906,0.678,1,"11","BCLAF1"
8.1269053656019e-05,0.343317125258956,0.251,0.131,1,"11","UQCC2"
8.35640390424164e-05,0.301345449431297,0.415,0.245,1,"11","MAT2A"
9.38965597894192e-05,0.347337281336383,0.339,0.189,1,"11","PRKCSH"
9.43021158059665e-05,0.343237323962888,0.491,0.3,1,"11","SH3BP5"
9.71902812278991e-05,0.377941899099221,0.673,0.472,1,"11","C8orf59"
9.78881608058035e-05,0.264678939531555,0.596,0.372,1,"11","BST2"
0.000103888202455771,0.383700404282964,0.304,0.171,1,"11","PAFAH1B2"
0.000105080429220417,0.270306279586816,0.456,0.273,1,"11","IGBP1"
0.000121684768954244,0.310219175292312,0.567,0.367,1,"11","ARRDC3"
0.000124071058194675,0.252241274812253,0.702,0.458,1,"11","EIF3M"
0.000127770578700837,0.257292322726192,0.287,0.157,1,"11","SUPT6H"
0.000132058061124374,0.452511158057132,0.275,0.152,1,"11","ANAPC15"
0.000132077605627723,0.318027481979959,0.754,0.502,1,"11","DNAJA1"
0.000142447696290349,0.256313148268573,0.854,0.589,1,"11","COX6A1"
0.000159273452727815,0.316511283740294,0.83,0.616,1,"11","UQCR10"
0.000178182984225117,0.481177392971625,0.263,0.15,1,"11","MORF4L2"
0.000183511024478555,0.263502929515408,0.848,0.589,1,"11","NDUFS5"
0.000184413278007778,0.260835242391227,0.251,0.135,1,"11","TIMM10"
0.000208484293716893,0.276692106962763,0.45,0.269,1,"11","TMEM256"
0.000213970319592249,0.281734233183952,0.275,0.153,1,"11","RCOR3"
0.000214871584827581,0.294760842823749,0.83,0.581,1,"11","ELF1"
0.000238174032148875,0.401945579134726,0.48,0.308,1,"11","PTGER4"
0.000298733906692217,0.280521948692434,0.485,0.295,1,"11","FKBP8"
0.00030499421127006,0.285296935747347,0.304,0.176,1,"11","GADD45A"
0.000306525778959399,0.408561082481555,0.298,0.175,1,"11","DHX15"
0.00043500983863165,0.306076503324353,0.444,0.276,1,"11","NLRP1"
0.000470203486683252,0.261120816949917,0.304,0.176,1,"11","C18orf32"
0.000494606419386034,0.33536553916912,0.439,0.284,1,"11","SPATA13"
0.000614368512256824,0.264976931242445,0.275,0.157,1,"11","TIMM17A"
0.000797967143559619,0.297964421311945,0.251,0.143,1,"11","HAT1"
0.00106854887025309,0.343224199262847,0.626,0.446,1,"11","OSBPL8"
0,5.58088117119901,1,0.04,0,"12","LILRB2"
0,6.2978350432416,0.98,0.039,0,"12","MS4A7"
0,4.79255387196693,0.99,0.056,0,"12","SPI1"
0,6.84717619460698,0.95,0.021,0,"12","SMIM25"
0,5.69202732840531,0.97,0.047,0,"12","SERPINA1"
0,6.06835966207792,0.95,0.028,0,"12","LRRC25"
0,5.60379172310603,0.95,0.04,0,"12","TCF7L2"
0,8.04434458746401,0.92,0.013,0,"12","CDKN1C"
0,4.12032678786604,1,0.093,0,"12","CST3"
0,4.99776305575215,0.94,0.057,0,"12","CFD"
0,4.61947686559523,0.93,0.048,0,"12","CD68"
0,5.97282256744763,1,0.123,0,"12","LST1"
0,5.30295424577634,0.9,0.033,0,"12","PILRA"
0,4.7116765006648,0.9,0.039,0,"12","C5AR1"
0,3.92544771942807,0.94,0.082,0,"12","CYBB"
0,3.91344068111705,0.91,0.053,0,"12","CLEC7A"
0,3.98388425776936,0.98,0.136,0,"12","STXBP2"
0,0.669998074165736,0.95,0.111,0,"12","LYZ"
0,3.87836855387782,0.91,0.074,0,"12","MARCKS"
0,5.44026613130412,0.86,0.029,0,"12","HES4"
0,4.55935897131921,0.98,0.152,0,"12","IFITM3"
0,3.15735954131542,0.99,0.166,0,"12","TYMP"
0,3.94619424288723,0.87,0.05,0,"12","NCF2"
0,3.52434275793117,0.94,0.124,0,"12","FGL2"
0,3.93791148575648,0.87,0.06,0,"12","CFP"
0,3.41940397436672,0.97,0.166,0,"12","LYN"
0,5.6469883443064,0.82,0.027,0,"12","HMOX1"
0,4.27147864394817,0.86,0.068,0,"12","WARS"
0,0.508433989032581,0.96,0.171,0,"12","S100A9"
0,3.39306244404027,0.85,0.064,0,"12","FCN1"
0,2.99975140844878,0.83,0.045,0,"12","CSTA"
0,3.51790456644212,0.84,0.058,0,"12","SLC11A1"
0,4.88295143545638,0.81,0.03,0,"12","C19orf38"
0,3.31260469367149,0.92,0.145,0,"12","BCL2A1"
0,2.89518289503543,0.96,0.186,0,"12","MTSS1"
0,4.48851903850549,0.83,0.058,0,"12","RRAS"
0,4.7035575556099,0.81,0.039,0,"12","HCK"
0,4.03791855327927,0.95,0.184,0,"12","FCER1G"
0,3.40810595399282,0.82,0.055,0,"12","MPEG1"
0,3.69735600386467,0.81,0.049,0,"12","IRAK3"
0,3.90937788791637,0.82,0.062,0,"12","CPPED1"
0,2.92699184639369,0.91,0.152,0,"12","HSBP1"
0,2.09486820278985,0.82,0.066,0,"12","MNDA"
0,3.77110578743337,0.87,0.118,0,"12","PECAM1"
0,4.59737515250411,0.78,0.033,0,"12","LMO2"
0,4.80076069516411,0.99,0.245,0,"12","AIF1"
0,3.04884721968255,0.89,0.145,0,"12","BID"
0,2.76016089959327,0.98,0.236,0,"12","TKT"
0,3.89052094733565,0.79,0.046,0,"12","CLEC12A"
0,6.39483193857311,0.76,0.017,0,"12","CSF1R"
0,4.88441089244117,0.77,0.032,0,"12","SLC7A7"
0,3.8625783064214,0.81,0.079,0,"12","CALHM6"
0,3.09826075807937,0.98,0.249,0,"12","NPC2"
0,2.62912461954549,0.97,0.24,0,"12","NAMPT"
0,3.18706830620131,0.98,0.257,0,"12","ASAH1"
0,3.79868082347169,0.76,0.037,0,"12","MAFB"
0,4.06165291194851,0.77,0.049,0,"12","IGSF6"
0,2.79587715175824,0.93,0.215,0,"12","TIMP1"
0,3.16448929571083,0.77,0.055,0,"12","PLAUR"
0,5.64163854704117,0.73,0.017,0,"12","SIGLEC10"
0,2.79429134976041,0.96,0.249,0,"12","PYCARD"
0,2.67683966785994,0.79,0.081,0,"12","KLF4"
0,3.40027933008537,0.99,0.281,0,"12","FCGR3A"
0,2.98248992800884,0.83,0.125,0,"12","CTSZ"
0,3.04379340372161,0.82,0.117,0,"12","LGALS9"
0,2.91495678765519,0.81,0.108,0,"12","RNF130"
0,2.34938633064015,0.97,0.269,0,"12","LYST"
0,2.31343144976879,0.8,0.1,0,"12","MARCH1"
0,5.76331672098185,0.72,0.02,0,"12","LILRA5"
0,2.85854693224579,1,0.302,0,"12","TYROBP"
0,2.59686490219234,0.8,0.108,0,"12","CCDC88A"
0,2.81827547589911,0.95,0.258,0,"12","ANXA5"
0,2.85186818116365,0.79,0.1,0,"12","LGALS3"
0,2.43556581666459,0.95,0.261,0,"12","POU2F2"
0,3.40295562743273,0.74,0.053,0,"12","DMXL2"
0,2.42629767583654,0.81,0.125,0,"12","CEBPD"
0,1.84711952679889,0.88,0.204,0,"12","APLP2"
0,3.14662031851633,0.77,0.095,0,"12","LILRB1"
0,2.77978446458121,0.97,0.3,0,"12","TNFRSF1B"
0,3.73995727995474,1,0.338,0,"12","PSAP"
0,2.27873103984752,0.9,0.239,0,"12","RHOG"
0,3.67776971166243,1,0.34,0,"12","COTL1"
0,2.40104123063515,0.83,0.172,0,"12","CUX1"
0,3.01594351235269,0.71,0.053,0,"12","LRRK2"
0,2.05089426486646,0.87,0.215,0,"12","AP1S2"
0,2.15834984736408,0.85,0.196,0,"12","CASP1"
0,2.33907373248318,0.88,0.228,0,"12","SOD2"
0,2.25030033467083,0.93,0.278,0,"12","FKBP1A"
0,1.71910393309391,0.92,0.271,0,"12","HLA-DRA"
0,2.61415708200453,0.79,0.141,0,"12","FCGRT"
0,2.45502008557154,0.76,0.112,0,"12","THEMIS2"
0,3.33673129411976,0.71,0.062,0,"12","TBXAS1"
0,1.81663155227443,0.91,0.264,0,"12","RGS2"
0,2.25013710532244,0.91,0.264,0,"12","VASP"
0,2.23526971389471,0.94,0.294,0,"12","ATP2B1-AS1"
0,2.82965611168293,0.77,0.128,0,"12","RHOC"
0,2.04652761400078,0.86,0.219,0,"12","RGS19"
0,5.13549828769442,0.67,0.03,0,"12","IFI30"
0,2.36226612061892,0.79,0.152,0,"12","NAAA"
0,4.21250995171688,0.68,0.043,0,"12","SLC31A2"
0,3.11444951853774,0.72,0.083,0,"12","C20orf27"
0,2.18407267830734,0.8,0.164,0,"12","SKAP2"
0,2.0166361228673,0.9,0.266,0,"12","RNF149"
0,3.7639197715619,0.68,0.048,0,"12","FCGR2A"
0,3.44344699187232,0.67,0.039,0,"12","CPVL"
0,3.65871987484488,0.68,0.052,0,"12","RXRA"
0,3.30799805551871,0.69,0.063,0,"12","PAK1"
0,3.0174784264801,0.68,0.054,0,"12","CD302"
0,3.54332907719754,0.67,0.045,0,"12","LYL1"
0,3.59249121164519,0.68,0.056,0,"12","GRK3"
0,2.87459204941768,0.73,0.108,0,"12","NR4A1"
0,2.19219056446168,0.78,0.159,0,"12","FGR"
0,3.13646850644397,0.7,0.08,0,"12","TESC"
0,2.06984677482926,0.87,0.251,0,"12","RNH1"
0,2.22932217289689,0.92,0.302,0,"12","MBD2"
0,2.38329019298373,0.75,0.132,0,"12","CTSB"
0,2.84481008714918,0.95,0.333,0,"12","BRI3"
0,4.87471859212388,0.64,0.024,0,"12","SLC8A1"
0,2.44268821932328,0.8,0.185,0,"12","ATG3"
0,2.3095769913551,0.87,0.256,0,"12","VSIR"
0,2.30542569298995,0.79,0.177,0,"12","LTA4H"
0,1.55937966048561,0.83,0.217,0,"12","METRNL"
0,1.59524129099971,0.92,0.309,0,"12","GNB2"
0,2.04452592591896,0.72,0.112,0,"12","GRN"
0,2.13043860993285,0.97,0.362,0,"12","LGALS1"
0,2.38263800695367,0.76,0.153,0,"12","RAB10"
0,2.6854742157284,0.71,0.103,0,"12","PIK3AP1"
0,2.10937448412979,0.83,0.224,0,"12","PTPN6"
0,1.74874912275183,0.84,0.234,0,"12","GABARAP"
0,2.53503734342898,0.7,0.095,0,"12","ABI3"
0,2.83716482222514,0.69,0.085,0,"12","IFNGR2"
0,2.5054909610221,0.73,0.126,0,"12","MYD88"
0,5.17644050734266,0.62,0.019,0,"12","ADGRE2"
0,1.95863458167397,0.93,0.331,0,"12","CMTM6"
0,3.60959381865678,0.64,0.043,0,"12","SCIMP"
0,3.13772643826616,0.68,0.084,0,"12","SNX18"
0,1.97522292526521,0.78,0.186,0,"12","PLEKHO1"
0,2.32183351023528,0.75,0.156,0,"12","SH3BP2"
0,2.30447163741899,0.74,0.146,0,"12","EHBP1L1"
0,6.95607627859515,0.6,0.006,0,"12","CKB"
0,1.71340143351313,0.71,0.117,0,"12","MEF2C"
0,3.02885566440933,0.68,0.088,0,"12","LY96"
0,2.16489645265088,0.75,0.159,0,"12","TCIRG1"
0,3.52735738688625,0.63,0.042,0,"12","TNFAIP2"
0,2.30337295726245,0.68,0.093,0,"12","DUSP6"
0,2.44011489356446,0.93,0.344,0,"12","NFKBIZ"
0,1.6590430410649,0.73,0.145,0,"12","CD83"
0,1.78138540848553,0.87,0.285,0,"12","MIS18BP1"
0,1.94771595283849,0.86,0.275,0,"12","ANXA2"
0,2.06091349693149,0.97,0.389,0,"12","CEBPB"
0,2.76478676101669,0.68,0.103,0,"12","C9orf72"
0,2.22169628844409,0.62,0.044,0,"12","RGS18"
0,5.55609968888216,0.59,0.014,0,"12","CTSL"
0,2.22422572714509,0.94,0.365,0,"12","ZFAND5"
0,1.98254806399129,0.75,0.176,0,"12","SYNGR2"
0,1.61818064811461,0.78,0.208,0,"12","ZYX"
0,2.47230727848274,0.72,0.149,0,"12","RHOB"
0,4.01657783246915,0.6,0.03,0,"12","LILRB3"
0,4.81632324829161,0.59,0.021,0,"12","SLC24A4"
0,3.63205372256246,0.6,0.031,0,"12","CD300E"
0,4.2261920105018,0.6,0.031,0,"12","PRAM1"
0,3.27705273431841,0.62,0.053,0,"12","TIMP2"
0,2.69310621108235,0.65,0.084,0,"12","ARAP1"
0,1.63031930894453,0.89,0.324,0,"12","ARRB2"
0,2.39362280262705,0.69,0.126,0,"12","SNX10"
0,2.96403531240035,0.64,0.077,0,"12","MAPKAPK3"
0,4.64833224214929,0.59,0.027,0,"12","PLXNB2"
0,2.07707798179493,0.74,0.178,0,"12","SAMSN1"
0,1.62813905265081,0.9,0.339,0,"12","ATP6V0B"
0,1.35966784342639,0.85,0.289,0,"12","QKI"
0,5.20116055205561,0.58,0.019,0,"12","SECTM1"
0,2.00213613369745,0.89,0.33,0,"12","C1orf162"
0,3.26561239966341,0.99,0.43,0,"12","S100A11"
0,1.84715301053451,0.82,0.26,0,"12","PGLS"
0,5.65790643562666,0.57,0.013,0,"12","LILRA1"
0,2.94831083734784,0.63,0.074,0,"12","BLVRA"
0,4.11144338505599,0.59,0.034,0,"12","CD86"
0,1.5671279683885,0.86,0.308,0,"12","CAPNS1"
0,2.4016737145803,0.67,0.12,0,"12","NOTCH2"
0,1.83946703417952,0.66,0.11,0,"12","ITGAX"
0,2.1217791770666,0.95,0.403,0,"12","RNASET2"
0,3.44238337282525,0.59,0.043,0,"12","RAB31"
0,1.40888150906816,0.84,0.296,0,"12","AP2S1"
0,2.76202941497244,0.62,0.077,0,"12","RARA"
0,1.41850373102464,0.82,0.277,0,"12","MAP3K1"
0,3.05804372908562,0.6,0.06,0,"12","UNC93B1"
0,5.17541010924958,0.56,0.02,0,"12","CXCL16"
0,3.44781455094097,0.6,0.061,0,"12","PLXNC1"
0,4.29421427043846,0.57,0.032,0,"12","APOBEC3A"
0,1.67175023541891,0.89,0.353,0,"12","CARD16"
0,3.7514031990816,0.57,0.033,0,"12","MCTP1"
0,1.8092540696261,0.7,0.163,0,"12","WDR11"
0,2.06872979122836,0.7,0.163,0,"12","RIN3"
0,1.62807209770327,0.7,0.164,0,"12","PPT1"
0,1.93941899276117,0.69,0.154,0,"12","GLUL"
0,2.03784030944255,0.69,0.154,0,"12","ADA2"
0,1.24219883323586,0.92,0.386,0,"12","VMP1"
0,1.36372374252278,0.84,0.307,0,"12","NCKAP1L"
0,1.47707450155269,0.79,0.258,0,"12","LAPTM4A"
0,0.991471282864393,0.95,0.418,0,"12","PLEK"
0,1.11971981129283,0.87,0.338,0,"12","HLA-DRB1"
0,1.75861843661249,0.69,0.158,0,"12","MAP2K3"
0,2.86940324079526,0.61,0.079,0,"12","UNC119"
0,3.04146911800281,0.59,0.059,0,"12","TNFSF13B"
0,3.44450756886132,0.56,0.03,0,"12","RAB32"
0,2.15916531580619,0.63,0.1,0,"12","PSTPIP2"
0,1.68695120248709,0.81,0.281,0,"12","ATP1B3"
0,1.59324274460436,0.79,0.261,0,"12","GSTO1"
0,1.2052154737816,0.89,0.361,0,"12","GLIPR1"
0,1.56554036320612,0.77,0.242,0,"12","TALDO1"
0,1.28161035005042,0.67,0.143,0,"12","HLA-DQA1"
0,2.96470008642033,0.6,0.073,0,"12","RELT"
0,2.44727990413078,0.61,0.083,0,"12","GNS"
0,3.57258760109441,0.56,0.034,0,"12","KYNU"
0,1.1379501146587,0.84,0.316,0,"12","MYO1G"
0,1.59329084635925,0.93,0.407,0,"12","PGK1"
0,4.89704530736771,0.54,0.017,0,"12","CAMK1"
0,1.5037184347203,0.77,0.247,0,"12","NDUFB5"
0,2.75544513173535,0.59,0.067,0,"12","FAM49A"
0,1.68613917376273,0.93,0.409,0,"12","CTSC"
0,2.39546727398462,0.63,0.109,0,"12","NINJ1"
0,1.29162620736042,0.99,0.47,0,"12","ZEB2"
0,1.67711205076471,0.71,0.19,0,"12","TET2"
0,3.56533576544879,0.56,0.04,0,"12","HRH2"
0,2.39374683273428,0.62,0.101,0,"12","AP2A1"
0,1.45610179182701,0.83,0.312,0,"12","H2AFY"
0,1.47284090167193,0.68,0.162,0,"12","STX7"
0,1.76417836145742,0.7,0.182,0,"12","TRIM8"
0,2.36613630479223,0.64,0.122,0,"12","PDXK"
0,2.3963434588253,0.64,0.123,0,"12","NAGK"
0,1.3141343893701,0.86,0.343,0,"12","ZBTB7A"
0,2.04617869141255,0.63,0.114,0,"12","CD300A"
0,1.8336669472125,0.81,0.296,0,"12","ARL4A"
0,2.15146673912437,0.67,0.157,0,"12","TNFSF10"
0,3.32461817334943,0.56,0.047,0,"12","SLC43A2"
0,1.96937674957997,0.93,0.418,0,"12","HLA-DPA1"
0,2.11735795430748,0.63,0.118,0,"12","DPYSL2"
0,1.94400752367871,0.68,0.168,0,"12","NUMB"
0,1.58588741554414,0.81,0.299,0,"12","GDI2"
0,1.33952561348801,0.84,0.331,0,"12","SDCBP"
0,9.11499642058651,0.51,0.002,0,"12","C1QA"
0,1.66496460428812,0.71,0.203,0,"12","VPS35"
0,3.3758369714043,1,0.494,0,"12","CTSS"
0,5.60910803267461,0.52,0.014,0,"12","GPBAR1"
0,1.26386209523522,0.9,0.395,0,"12","ZNF706"
0,1.21987237427807,0.96,0.455,0,"12","CAP1"
0,1.4628595627336,0.74,0.237,0,"12","RAB11FIP1"
0,1.6476268480201,0.77,0.268,0,"12","CAPZA2"
0,2.50510520260781,0.6,0.098,0,"12","OAZ2"
0,4.41252334850199,0.53,0.029,0,"12","RNF144B"
0,1.5419421589389,0.7,0.199,0,"12","SEC14L1"
0,2.08059814839707,0.6,0.101,0,"12","NBPF14"
0,2.10251267788522,0.6,0.103,0,"12","LFNG"
0,1.17642694599374,0.85,0.353,0,"12","GRK2"
0,1.65609053281463,0.76,0.263,0,"12","JPT1"
0,3.5051119785195,0.53,0.036,0,"12","FGD2"
0,1.20268536329664,0.85,0.356,0,"12","TMPO"
0,1.25314380734542,0.83,0.336,0,"12","DOCK2"
0,2.06862815533784,0.61,0.117,0,"12","CAT"
0,1.94638694165485,0.61,0.117,0,"12","GCH1"
0,1.76698197214653,0.64,0.148,0,"12","CD4"
0,2.01379422155345,0.61,0.119,0,"12","RHOQ"
0,1.85799477135536,0.65,0.159,0,"12","RILPL2"
0,1.79374781722397,0.64,0.15,0,"12","MXD1"
0,2.11136853485758,0.93,0.441,0,"12","CSTB"
0,4.40478792329743,0.51,0.021,0,"12","P2RY13"
0,1.11901805080218,0.83,0.341,0,"12","M6PR"
0,2.15271540553755,0.64,0.153,0,"12","CNIH4"
0,1.38588261167185,0.7,0.213,0,"12","SNX2"
0,3.29002198021576,0.52,0.035,0,"12","FPR1"
0,1.19217400732058,0.84,0.357,0,"12","ATP5F1B"
0,1.5785385939084,0.76,0.278,0,"12","CTNNB1"
0,2.90599502972691,0.53,0.049,0,"12","DOCK5"
0,2.06166602721708,0.97,0.489,0,"12","TSPO"
0,1.14273372813788,0.67,0.19,0,"12","PICALM"
0,1.58004166730783,0.93,0.451,0,"12","GNG5"
0,1.27100080312262,0.9,0.422,0,"12","GRB2"
0,1.12689699142078,0.91,0.432,0,"12","RBX1"
0,1.38094313596697,0.88,0.402,0,"12","WSB1"
0,1.29360850389156,0.69,0.213,0,"12","TUT7"
0,1.98018570697404,0.57,0.094,0,"12","GCA"
0,1.5345337751523,0.75,0.274,0,"12","ZNF106"
0,3.31573865626101,0.52,0.045,0,"12","BTK"
0,5.156407740043,0.49,0.015,0,"12","CD300LF"
0,1.40883462306662,0.76,0.288,0,"12","PABPC4"
0,1.1936856666601,0.99,0.519,0,"12","CD74"
0,6.00033055935153,0.48,0.009,0,"12","MYOF"
0,1.16229000605216,0.71,0.24,0,"12","C4orf48"
0,1.35846237692661,0.68,0.212,0,"12","ERP44"
0,2.6246425809405,0.53,0.062,0,"12","RALB"
0,1.60353402537853,0.63,0.162,0,"12","LEPROT"
0,2.44327666324236,0.59,0.122,0,"12","RASGEF1B"
0,2.17425812383496,0.6,0.132,0,"12","VPS53"
0,1.53936279397984,0.66,0.193,0,"12","RNF13"
0,2.50879636069289,0.54,0.073,0,"12","SH2B3"
0,1.32591750303781,0.91,0.443,0,"12","SEC11A"
0,2.04066287212884,0.56,0.094,0,"12","BLVRB"
0,3.24149209157511,0.51,0.045,0,"12","KDM1B"
0,2.93299453780103,0.51,0.045,0,"12","HHEX"
0,1.17218097361026,0.7,0.235,0,"12","TUBB"
0,5.00952836839105,0.48,0.015,0,"12","EPB41L3"
0,1.59388179621551,0.73,0.266,0,"12","VAMP5"
0,1.41250342332052,0.63,0.167,0,"12","EIF4E2"
0,1.48403445646545,0.76,0.299,0,"12","CHCHD10"
0,4.94798482840902,0.48,0.019,0,"12","LPCAT2"
0,1.27446162742416,0.68,0.22,0,"12","ICAM2"
0,1.01195593864188,0.78,0.32,0,"12","REEP5"
0,1.09092135188399,0.78,0.32,0,"12","MT-ATP8"
0,1.52675577820199,0.96,0.5,0,"12","MTPN"
0,2.91460114758048,0.51,0.051,0,"12","KIAA0930"
0,2.4812873204794,0.54,0.082,0,"12","SRGAP2B"
0,0.996340450589,0.85,0.392,0,"12","TAF10"
0,2.1832288911419,0.57,0.112,0,"12","PRKACA"
0,2.63487211614027,0.52,0.063,0,"12","NAPRT"
0,6.77805463302833,0.46,0.004,0,"12","LINC02432"
0,0.814409205490168,0.65,0.194,0,"12","YBX3"
0,1.1613539683332,0.6,0.144,0,"12","CD79B"
0,2.15681993395245,0.55,0.095,0,"12","MFSD1"
0,1.70836817157652,0.6,0.145,0,"12","ATP6V0D1"
0,4.08197413198943,0.49,0.035,0,"12","PPM1N"
0,1.42878997325937,0.63,0.176,0,"12","MGAT1"
0,6.70076347364237,0.46,0.006,0,"12","MS4A4A"
0,1.2387242135802,0.64,0.186,0,"12","NCOA4"
0,1.12480900575281,0.67,0.217,0,"12","CCT5"
0,1.12735399920426,0.67,0.217,0,"12","MEF2A"
0,1.57229205075275,0.89,0.438,0,"12","PRELID1"
0,2.6202899983672,0.52,0.068,0,"12","STX11"
0,1.87134397337647,0.58,0.129,0,"12","PSEN1"
0,1.62523763608839,0.55,0.1,0,"12","HLA-DQA2"
0,1.08936602849477,0.68,0.23,0,"12","CNPY3"
0,1.45581923474518,0.79,0.34,0,"12","PAG1"
0,1.1475421771273,0.71,0.26,0,"12","CLTA"
0,3.80230531086756,0.48,0.03,0,"12","SLC2A6"
0,1.14270081007115,0.83,0.38,0,"12","TPI1"
0,1.02513565945633,0.86,0.411,0,"12","ADGRE5"
0,0.95966781928824,0.68,0.233,0,"12","PSMB2"
0,1.33814836405299,0.65,0.203,0,"12","UBE2R2"
0,5.14178829515607,0.46,0.013,0,"12","CDH23"
0,4.21162764154566,0.47,0.023,0,"12","JDP2"
0,2.54651363676947,0.5,0.054,0,"12","RP2"
0,2.8134628593302,0.49,0.045,0,"12","KCTD12"
0,1.0158889536429,0.85,0.405,0,"12","SNX3"
0,1.20187865850394,0.8,0.356,0,"12","PRDX1"
0,3.15764706420902,0.49,0.047,0,"12","NUDT16"
0,1.17080129070586,0.77,0.327,0,"12","VPS29"
0,2.70980328478951,0.5,0.057,0,"12","CAMKK2"
0,2.14258527644969,0.53,0.088,0,"12","CTSH"
0,1.2316318808575,0.73,0.288,0,"12","CSGALNACT2"
0,1.87943342368422,0.54,0.099,0,"12","CTBP2"
0,2.13387187204619,0.52,0.08,0,"12","SNN"
0,1.10168206425731,0.82,0.38,0,"12","MIDN"
0,1.96434003796517,0.54,0.101,0,"12","SCPEP1"
0,1.17262324606361,0.67,0.232,0,"12","FAM32A"
0,1.19576332006768,0.61,0.173,0,"12","CCPG1"
0,1.36797369943797,0.64,0.204,0,"12","PARVG"
0,3.31318227653085,1,0.565,0,"12","SAT1"
0,2.44469696443985,0.51,0.075,0,"12","FKBP15"
0,2.23843754642732,0.52,0.085,0,"12","SBF2"
0,1.88683042429973,0.57,0.135,0,"12","FAM45A"
0,1.7880412360422,0.55,0.116,0,"12","EPN1"
0,1.15447148626534,0.62,0.186,0,"12","CX3CR1"
0,1.42700819991157,0.61,0.176,0,"12","SNAP23"
0,1.31544816733324,0.63,0.198,0,"12","UBE2J1"
0,1.77298573720465,0.51,0.079,0,"12","EAF2"
0,1.51772391621717,0.93,0.5,0,"12","DRAP1"
0,1.24818572752376,0.63,0.2,0,"12","SLCO3A1"
0,1.39786370239048,0.58,0.15,0,"12","PHTF2"
0,3.57183365977942,0.46,0.031,0,"12","TTYH3"
0,1.25477056636677,0.76,0.331,0,"12","RABGAP1L"
0,2.46438304968046,0.5,0.071,0,"12","METTL7A"
0,1.47117881169683,0.6,0.172,0,"12","DYNC1LI1"
0,1.3016010893829,0.61,0.182,0,"12","SCLT1"
0,0.998564227036201,0.83,0.402,0,"12","RTN4"
0,1.67017945741575,0.54,0.113,0,"12","DIAPH2"
0,1.2345381082277,0.66,0.233,0,"12","AC004687.1"
0,1.41932909675543,0.62,0.193,0,"12","FAM91A1"
0,1.24784965457397,0.63,0.204,0,"12","COL4A3BP"
0,1.40753901871616,0.61,0.184,0,"12","ACAA1"
0,1.26747488290654,0.59,0.164,0,"12","GNAQ"
0,1.60687581589814,0.55,0.125,0,"12","SNX27"
0,1.08080207193096,0.68,0.255,0,"12","DBNL"
0,1.30373301144794,0.93,0.505,0,"12","GSTP1"
0,1.11221103883917,0.85,0.425,0,"12","ENY2"
0,1.09788334971504,0.76,0.335,0,"12","ATP2B1"
0,1.30496047352586,0.69,0.265,0,"12","GNAI3"
0,1.75900040693659,0.54,0.117,0,"12","OGFRL1"
0,5.89911918027742,0.43,0.007,0,"12","NEURL1"
0,1.61038043354199,0.56,0.138,0,"12","NUP214"
0,2.56190505427051,0.49,0.068,0,"12","SULF2"
0,4.69425477016091,0.44,0.018,0,"12","LILRA2"
0,1.10969062819897,0.68,0.259,0,"12","PDCD6IP"
0,1.54984368273669,0.55,0.129,0,"12","TENT5A"
0,1.33293411240678,0.61,0.189,0,"12","LMO4"
0,3.38528275534847,0.45,0.03,0,"12","CEBPA"
0,1.33629764114532,0.62,0.2,0,"12","LYPLA1"
0,1.09259379969436,0.86,0.441,0,"12","WASF2"
0,1.79772215331825,0.53,0.112,0,"12","SCARB2"
0,1.27243369926594,0.6,0.182,0,"12","IFNGR1"
0,4.88218514190406,0.43,0.013,0,"12","ZNF703"
0,1.10046595564467,0.62,0.203,0,"12","HM13"
0,1.68674981619883,0.57,0.153,0,"12","RTN3"
0,3.0627943642874,0.45,0.035,0,"12","PLXDC2"
0,2.4933114516306,0.5,0.086,0,"12","RASSF2"
0,2.74851171067073,0.46,0.047,0,"12","RAB24"
0,1.90804494565136,0.54,0.127,0,"12","JAML"
0,3.1418307319296,0.45,0.037,0,"12","LRP1"
0,1.60601221369334,0.53,0.117,0,"12","FLII"
0,1.08863118336031,0.61,0.197,0,"12","MPC1"
0,1.58119872515885,0.56,0.148,0,"12","PTPRJ"
0,1.68874573915237,0.6,0.188,0,"12","AC020916.1"
0,1.12730098877669,0.92,0.509,0,"12","CAPZB"
0,3.07688749131899,0.45,0.04,0,"12","EMILIN2"
0,1.36895945632652,0.56,0.151,0,"12","ST3GAL5"
0,1.66537842649926,0.52,0.111,0,"12","SLC6A6"
0,1.16507841201986,0.66,0.252,0,"12","MED13L"
0,0.979892441556987,0.61,0.202,0,"12","PPIP5K2"
0,3.92885175087304,0.43,0.022,0,"12","PTP4A3"
0,1.64483572160665,0.53,0.123,0,"12","ATG16L2"
0,1.54956932016313,0.51,0.103,0,"12","CHP1"
0,1.68364307135343,0.53,0.124,0,"12","HOTAIRM1"
0,1.14265595696333,0.78,0.374,0,"12","SPN"
0,1.51690705879741,0.93,0.524,0,"12","EVI2B"
0,3.98581638236059,0.43,0.025,0,"12","FGD4"
0,1.42768227752777,0.98,0.576,0,"12","ARPC5"
0,3.10026395222067,0.44,0.036,0,"12","TGFBI"
0,1.44154782257973,0.56,0.156,0,"12","CACUL1"
0,2.23897182767234,0.49,0.087,0,"12","DENND3"
0,2.85770366272286,0.45,0.047,0,"12","ALOX5"
0,4.12821999330173,0.42,0.017,0,"12","CHST15"
0,2.56805754171433,0.48,0.077,0,"12","OAS1"
0,1.31196444544158,0.6,0.199,0,"12","SKIL"
0,2.1141719772801,0.47,0.069,0,"12","FNIP2"
0,0.957608390693138,0.96,0.559,0,"12","MCL1"
0,3.14474373064005,0.45,0.05,0,"12","AMPD2"
0,2.75661775864473,0.44,0.043,0,"12","PLEKHO2"
0,1.9981456327403,0.48,0.084,0,"12","MIR22HG"
0,1.60921985103411,0.54,0.145,0,"12","RYBP"
0,1.09663189745027,0.92,0.526,0,"12","HCLS1"
0,1.38147002522164,0.55,0.156,0,"12","CORO1B"
0,1.01178902111109,0.58,0.186,0,"12","AGTRAP"
0,1.38759256328041,0.95,0.556,0,"12","SH3BGRL"
0,1.56233046760356,0.52,0.127,0,"12","UBAC1"
0,3.67003195492715,0.42,0.027,0,"12","NPL"
0,1.01277851921861,0.61,0.219,0,"12","LIMS1"
0,2.67376269602457,0.43,0.039,0,"12","ZFHX3"
0,2.91101232280164,0.42,0.029,0,"12","RBP7"
0,2.76021786639302,0.44,0.05,0,"12","C15orf39"
0,1.71376033410525,0.5,0.11,0,"12","PFKL"
0,1.3429651715328,0.57,0.18,0,"12","WASHC4"
0,2.08624938465134,0.48,0.093,0,"12","LACTB"
0,1.23203571680075,0.84,0.453,0,"12","TUBA1B"
0,2.98086433139627,0.42,0.035,0,"12","ARRB1"
0,1.61937979457615,0.55,0.166,0,"12","CTBS"
0,1.94167766566495,0.5,0.116,0,"12","INSIG1"
0,1.98530515987368,0.46,0.076,0,"12","RNF141"
0,4.47183698429777,0.4,0.016,0,"12","P2RX1"
0,5.58453535183322,0.39,0.007,0,"12","ADGRE1"
0,4.23238987674198,0.41,0.027,0,"12","ARHGEF40"
0,1.4556652943117,0.52,0.138,0,"12","CMTM7"
0,1.0923807290622,0.59,0.209,0,"12","CBL"
0,1.1651090484271,0.57,0.189,0,"12","STAT6"
0,8.5051071430619,0.38,0.001,0,"12","CEACAM3"
0,3.15943636727819,0.43,0.052,0,"12","ETS2"
0,2.31951375898559,0.44,0.063,0,"12","APH1B"
0,1.76228113393065,0.5,0.123,0,"12","YPEL2"
0,1.10050494349913,0.89,0.516,0,"12","HLA-DPB1"
0,1.95074190816648,0.45,0.076,0,"12","IMPDH1"
0,1.27838131093603,0.85,0.476,0,"12","BLOC1S1"
0,1.47001811774043,0.51,0.136,0,"12","MAP3K3"
0,2.65791255799302,0.44,0.067,0,"12","DENND5A"
0,1.23201856352791,0.55,0.178,0,"12","NMI"
0,3.40269459995468,0.4,0.03,0,"12","CDK2AP1"
0,12.0751357514666,0.37,0.001,0,"12","LYPD2"
0,1.98829669428787,0.46,0.091,0,"12","GRINA"
0,1.9160153528267,0.45,0.082,0,"12","CCNG2"
0,1.68097671855327,0.48,0.113,0,"12","COMMD9"
0,2.14155421487018,0.45,0.084,0,"12","ARHGAP27"
0,1.43906347799635,0.98,0.615,0,"12","GNAI2"
0,1.14828290569178,0.5,0.135,0,"12","STX10"
0,1.51130826843092,0.5,0.136,0,"12","GBP1"
0,1.44661739196331,0.47,0.106,0,"12","ILK"
0,1.3039885914608,0.49,0.126,0,"12","LPAR6"
0,3.04063423824316,0.4,0.038,0,"12","GNB4"
0,4.43640219817177,0.38,0.018,0,"12","ADAP2"
0,2.52994867444293,0.41,0.048,0,"12","PPM1F"
0,1.745042838566,0.46,0.101,0,"12","PDLIM5"
0,1.56463853901566,0.96,0.601,0,"12","ARPC1B"
0,1.44949505096699,0.98,0.621,0,"12","SLC25A6"
0,1.28495489600748,0.5,0.141,0,"12","MICU1"
0,2.14209330929527,0.44,0.082,0,"12","NADK"
0,1.10927385157979,0.98,0.622,0,"12","MSN"
0,1.91973908123633,0.45,0.092,0,"12","PHF19"
0,6.90703512325396,0.36,0.003,0,"12","FMNL2"
0,4.70390493377736,0.37,0.013,0,"12","HK3"
0,1.51918659000624,0.47,0.113,0,"12","ATP6V1B2"
0,6.60997650363669,0.36,0.004,0,"12","ICAM4"
0,1.78564536085432,0.45,0.095,0,"12","RIPK2"
0,1.14862244941513,0.5,0.145,0,"12","ASAP1"
0,2.67227929846042,0.39,0.036,0,"12","TLR2"
0,1.17616000523857,0.53,0.176,0,"12","MX2"
0,1.22174765847327,0.5,0.147,0,"12","TMEM154"
0,6.05294824258708,0.36,0.007,0,"12","C5AR2"
0,2.14701689278621,0.41,0.058,0,"12","CKS1B"
0,1.14337239625403,0.52,0.168,0,"12","WDFY2"
0,2.40894112389934,0.4,0.049,0,"12","GAPT"
0,3.5745822158619,0.38,0.029,0,"12","RBM47"
0,2.37796857992247,0.41,0.059,0,"12","EIF4EBP1"
0,3.3693197536301,0.38,0.03,0,"12","CTNND1"
0,5.15499957167021,0.36,0.011,0,"12","TNNI2"
0,1.24129271410859,0.52,0.171,0,"12","HIPK3"
0,1.7549634769297,0.43,0.081,0,"12","SVIL"
0,3.28508516922604,0.38,0.032,0,"12","NAGA"
0,1.40546619613779,0.46,0.113,0,"12","NPTN"
0,1.26824290391129,0.49,0.143,0,"12","LYSMD2"
0,1.34568033140589,0.96,0.615,0,"12","RHOA"
0,0.790909214988792,0.5,0.155,0,"12","HLA-DMA"
0,1.28797743304237,0.42,0.075,0,"12","SWAP70"
0,1.22232858623769,0.48,0.135,0,"12","CNDP2"
0,1.23005896104905,0.49,0.146,0,"12","LAP3"
0,2.22076447214965,0.4,0.057,0,"12","ATF3"
0,0.84707806947407,0.48,0.138,0,"12","AOAH"
0,3.51807833506808,0.37,0.028,0,"12","OSCAR"
0,1.41491596164604,0.46,0.119,0,"12","KLF7"
0,1.90791863020099,0.41,0.069,0,"12","ITPK1"
0,1.29788698583563,0.47,0.13,0,"12","SHKBP1"
0,1.1987052230088,0.48,0.141,0,"12","AHCYL1"
0,1.6674272860873,0.38,0.043,0,"12","NRGN"
0,2.44614331801575,0.39,0.053,0,"12","CORO1C"
0,1.26344590456786,0.49,0.153,0,"12","LAMP2"
0,1.07568906617758,0.48,0.143,0,"12","DEDD2"
0,3.45429440772136,0.36,0.025,0,"12","CDA"
0,1.25645234989959,0.47,0.135,0,"12","ADAM17"
0,4.59736936624232,0.35,0.015,0,"12","LINC00877"
0,3.4199316546762,0.36,0.025,0,"12","TLR4"
0,3.07226890166486,0.37,0.035,0,"12","ZNF385A"
0,1.32667276716476,0.49,0.156,0,"12","ERGIC1"
0,1.5047714851406,0.42,0.087,0,"12","HVCN1"
0,3.64003597141736,0.36,0.027,0,"12","SIRPB1"
0,2.85185028463895,0.37,0.038,0,"12","FAM110A"
0,1.62583946641496,0.45,0.119,0,"12","PRDX3"
0,1.27153204988492,0.46,0.129,0,"12","SNAP29"
0,1.76304377767042,0.42,0.089,0,"12","ZMIZ1"
0,3.35361640864096,0.36,0.03,0,"12","SMCO4"
0,1.54674841077267,0.43,0.1,0,"12","HK1"
0,4.57268363102554,0.34,0.012,0,"12","TLR8"
0,2.36613699728112,0.38,0.054,0,"12","CTNNA1"
0,1.07877195715281,0.97,0.645,0,"12","ACTR2"
0,1.55088441729999,0.42,0.095,0,"12","SPOPL"
0,1.21278817233763,0.45,0.129,0,"12","TMEM33"
0,1.30957102609039,0.97,0.649,0,"12","LRRFIP1"
0,2.20830060106314,0.38,0.06,0,"12","ACOT9"
0,1.63344354820939,0.4,0.081,0,"12","SH2D3C"
0,1.37519595470074,0.42,0.101,0,"12","SPTLC2"
0,0.666161307679259,0.39,0.072,0,"12","CXCL8"
0,1.90086072524982,0.42,0.102,0,"12","SLC25A13"
0,1.51079136912458,0.41,0.092,0,"12","MIR29B2CHG"
0,4.60059188890004,0.33,0.014,0,"12","SORT1"
0,1.55873632064958,0.42,0.104,0,"12","MANBA"
0,1.48490665857577,0.42,0.104,0,"12","FAM126A"
0,2.1974757378565,0.37,0.055,0,"12","SLC16A3"
0,1.18879335487102,0.44,0.126,0,"12","C11orf21"
0,1.75268172068546,0.41,0.096,0,"12","ATP11A"
0,3.05162601369965,0.34,0.027,0,"12","CHN2"
0,2.84317783623014,0.34,0.029,0,"12","EVI5"
0,2.5441009540475,0.36,0.049,0,"12","ARID3A"
0,1.20067514915195,0.44,0.13,0,"12","STX12"
0,2.40186149922481,0.36,0.05,0,"12","PLAGL2"
0,1.05971718112012,0.43,0.121,0,"12","SMIM14"
0,1.30881708867497,0.4,0.093,0,"12","CPQ"
0,1.55833911390471,0.39,0.083,0,"12","OSBPL11"
0,1.50887685574568,0.42,0.114,0,"12","LIPA"
0,3.92189108809068,0.32,0.016,0,"12","SPATA6"
0,1.26756488665907,0.38,0.077,0,"12","CHST2"
0,2.49300803053077,0.35,0.047,0,"12","SOX4"
0,4.16553224176126,0.32,0.018,0,"12","PYGL"
0,2.5666183536997,0.34,0.039,0,"12","TMEM170B"
0,3.81497661588184,0.32,0.019,0,"12","KCNE3"
0,1.58429379075436,0.39,0.09,0,"12","FRAT2"
0,2.02811578105281,0.35,0.051,0,"12","ACER3"
0,8.67869946635508,0.3,0.001,0,"12","CASP5"
0,2.12288478950407,0.36,0.061,0,"12","SIDT2"
0,1.67184815947886,0.43,0.131,0,"12","OTUD1"
0,1.40278019169339,0.42,0.121,0,"12","MRPS35"
0,1.80625474718994,0.38,0.081,0,"12","MFSD12"
0,3.08956381707233,0.33,0.032,0,"12","CLEC4A"
0,1.31989106404714,0.42,0.123,0,"12","CEPT1"
0,1.40720122769818,0.39,0.094,0,"12","VAV1"
0,6.47688604301316,0.3,0.004,0,"12","BATF3"
0,1.13731493785799,0.41,0.114,0,"12","UBE2D1"
0,3.73410131875984,0.31,0.014,0,"12","C3AR1"
0,2.61913117220428,0.33,0.035,0,"12","TREM1"
0,3.20373653109261,0.33,0.035,0,"12","FBP1"
0,1.71429561793197,0.37,0.075,0,"12","MTHFS"
0,1.75742751759352,0.33,0.036,0,"12","G0S2"
0,5.86531320271896,0.3,0.006,0,"12","SASH1"
0,1.3020736411716,0.4,0.107,0,"12","FAM117B"
0,1.29929454614126,0.41,0.117,0,"12","ABHD5"
0,1.65397268417305,0.38,0.088,0,"12","PMVK"
0,3.31190109075773,0.32,0.028,0,"12","SLC15A3"
0,1.19556093814028,0.4,0.109,0,"12","LRMP"
0,1.9638768401374,0.37,0.079,0,"12","MTHFD2"
0,3.68689621399066,0.31,0.019,0,"12","NFAM1"
0,2.05899036290133,0.35,0.06,0,"12","FRY"
0,3.55988250064928,0.31,0.02,0,"12","CBFA2T3"
0,1.29984286098573,0.38,0.092,0,"12","JAK2"
0,4.22782609289269,0.3,0.014,0,"12","DAPK1"
0,2.1182506451516,0.34,0.055,0,"12","MSRB2"
0,1.38835960117642,0.38,0.096,0,"12","P4HA1"
0,1.9859591328364,0.34,0.056,0,"12","SGPP1"
0,1.63140733569233,0.98,0.697,0,"12","CALM2"
0,1.75157513346614,0.37,0.087,0,"12","TPMT"
0,1.04901916590592,0.97,0.688,0,"12","LAPTM5"
0,1.19879539169506,0.38,0.098,0,"12","ORMDL2"
0,2.48450133407309,0.32,0.038,0,"12","RNF135"
0,1.9582973319357,0.34,0.058,0,"12","COLGALT1"
0,1.94922581135301,0.35,0.069,0,"12","CHML"
0,1.48479403315842,0.37,0.09,0,"12","MNT"
0,1.87434903640771,0.33,0.05,0,"12","ULK2"
0,1.26397655430571,0.36,0.08,0,"12","RASSF4"
0,1.52868960651422,0.37,0.092,0,"12","APAF1"
0,2.01142558851219,0.34,0.063,0,"12","RNPEP"
0,1.23056080232344,0.38,0.103,0,"12","OGDH"
0,1.63262177793007,0.36,0.083,0,"12","RCOR1"
0,0.949449779163206,0.95,0.673,0,"12","SERP1"
0,4.16720523026191,0.29,0.014,0,"12","ALDH3B1"
0,1.91060035805526,0.35,0.074,0,"12","MDM1"
0,1.83460133556465,0.33,0.056,0,"12","BASP1"
0,4.16201043139196,0.29,0.016,0,"12","MEFV"
0,3.29224541309473,0.3,0.028,0,"12","DOK3"
0,1.86780115495353,0.34,0.069,0,"12","CDKN1A"
0,2.62786621407728,0.31,0.039,0,"12","FAM214B"
0,2.91602597004908,0.33,0.06,0,"12","BEST1"
0,1.97502263060009,0.32,0.051,0,"12","MSRB1"
0,2.61823504399064,0.3,0.032,0,"12","AC147067.1"
0,1.22572890424688,0.36,0.092,0,"12","GUSB"
0,1.27504854233604,0.36,0.092,0,"12","UCHL3"
0,6.50853144772959,0.27,0.003,0,"12","TNFRSF8"
0,1.60020246258247,0.36,0.093,0,"12","NANS"
0,6.46418461684194,0.27,0.003,0,"12","PAPSS2"
0,3.7843093178741,0.29,0.023,0,"12","CD33"
0,1.53778412673995,0.34,0.074,0,"12","SRGAP2"
0,5.73165606988425,0.27,0.005,0,"12","ZDHHC1"
0,5.47313074222027,0.27,0.006,0,"12","SMPDL3A"
0,0.856889550023106,0.35,0.086,0,"12","IRF8"
0,1.396468504421,0.34,0.077,0,"12","RFK"
0,1.48439247503213,0.35,0.087,0,"12","MAP3K11"
0,2.41354855629755,0.31,0.048,0,"12","NBPF26"
0,1.68487119152503,0.35,0.088,0,"12","ADA"
0,1.67179649665119,0.33,0.069,0,"12","ALDOA"
0,1.6539299229991,0.35,0.09,0,"12","AGPAT3"
0,1.23880426141665,0.34,0.081,0,"12","PHACTR1"
0,3.47066924656838,0.28,0.021,0,"12","RBBP8"
0,1.63992563593046,0.33,0.072,0,"12","LY86"
0,2.11260235946213,0.3,0.042,0,"12","MPP1"
0,2.4126384810091,0.3,0.042,0,"12","RRP12"
0,7.76109001499117,0.26,0.002,0,"12","VMO1"
0,2.15741894385645,0.3,0.043,0,"12","NOTCH2NL"
0,1.95197697270155,0.31,0.053,0,"12","BCL6"
0,3.82609016758958,0.27,0.013,0,"12","FGD6"
0,1.8929652257626,0.32,0.064,0,"12","MTF1"
0,1.48825614713008,0.32,0.064,0,"12","LIMD1"
0,3.63422649166372,0.27,0.015,0,"12","CNTLN"
0,1.46580470325847,0.33,0.075,0,"12","TPD52L2"
0,3.82411565239063,0.27,0.016,0,"12","LILRB4"
0,1.27463396117654,0.33,0.077,0,"12","TRAK1"
0,1.41970294105293,0.34,0.088,0,"12","VAMP3"
0,1.69377830147118,0.32,0.068,0,"12","MICAL1"
0,1.79824415871302,0.31,0.059,0,"12","MSRA"
0,1.93341523013713,0.31,0.059,0,"12","IFIT2"
0,1.45676170048415,0.3,0.05,0,"12","MS4A6A"
0,1.47327514687259,0.33,0.081,0,"12","SSFA2"
0,7.95679083927685,0.25,0.001,0,"12","TMTC1"
0,2.93863766920069,0.28,0.032,0,"12","SH3TC1"
0,1.61568165014841,0.3,0.052,0,"12","IFIT3"
0,1.87702156579444,0.32,0.072,0,"12","SPTSSA"
0,1.73360290055973,0.28,0.033,0,"12","PLBD1"
0,2.2083209150313,0.29,0.043,0,"12","FUCA2"
0,4.00345526402755,0.26,0.013,0,"12","TRIQK"
0,4.58292000045407,0.26,0.013,0,"12","RASGRP4"
0,1.50045233023077,0.31,0.064,0,"12","SLC1A5"
0,1.46992603306009,0.32,0.075,0,"12","PIK3CG"
0,1.91948774131776,0.3,0.056,0,"12","SLC39A1"
0,2.81481136490882,0.27,0.027,0,"12","RAB3D"
0,1.26968721113799,0.32,0.077,0,"12","ZNF593"
0,1.82548042197908,0.31,0.067,0,"12","FEM1C"
0,1.85445135887857,0.3,0.057,0,"12","AGPAT2"
0,2.36148194892471,0.29,0.048,0,"12","GAA"
0,2.96146342723578,0.27,0.029,0,"12","CXorf21"
0,2.41000764269782,0.28,0.039,0,"12","NACC2"
0,4.68058873133037,0.25,0.009,0,"12","RIN1"
0,3.23229651668222,0.26,0.02,0,"12","DRAM1"
0,2.03975767975675,0.3,0.06,0,"12","CCSAP"
0,3.06883068374013,0.26,0.021,0,"12","SCRN1"
0,1.87316188798212,0.3,0.061,0,"12","ZDHHC7"
0,2.3272839000785,0.27,0.032,0,"12","FCHO2"
0,0.971166871966491,0.96,0.722,0,"12","PTP4A2"
0,2.36352124566826,0.27,0.033,0,"12","PPCDC"
0,1.75870661549427,0.3,0.063,0,"12","DDAH2"
0,1.57902816665781,0.31,0.075,0,"12","UBXN11"
0,3.79343690925747,0.25,0.015,0,"12","TMEM176B"
0,3.49104303944269,0.25,0.015,0,"12","ACP2"
0,3.39996745593106,0.25,0.016,0,"12","RGS12"
0,2.07421785567144,0.28,0.047,0,"12","ODF3B"
0,1.74290870498215,0.3,0.067,0,"12","DLEU2"
0,1.40777046981542,0.3,0.067,0,"12","CHSY1"
0,1.14857102778896,0.3,0.071,0,"12","PPM1L"
0,1.45831228244697,0.99,0.761,0,"12","IFITM2"
0,1.88641941414171,0.3,0.071,0,"12","DPEP2"
0,1.79448985216113,0.27,0.044,0,"12","ATP10D"
0,3.09685211924568,0.25,0.024,0,"12","KIAA0513"
0,1.29578197776408,0.29,0.064,0,"12","ALDH16A1"
0,1.81479131939699,0.26,0.035,0,"12","NLRP3"
0,3.2657824484509,0.25,0.025,0,"12","HNMT"
0,2.6059355712172,0.25,0.027,0,"12","KSR1"
0,1.31358956780618,0.99,0.767,0,"12","VIM"
0,1.55153903398243,0.28,0.058,0,"12","MID1IP1"
0,1.81007908310703,0.27,0.049,0,"12","ESRRA"
0,1.73049096432039,0.28,0.059,0,"12","USP32"
0,2.83172415027354,0.25,0.03,0,"12","PWWP2B"
0,1.99181131666942,0.26,0.041,0,"12","UBE2E2"
0,0.871786022979919,0.98,0.761,0,"12","LCP1"
0,1.0472781811207,0.97,0.751,0,"12","EMP3"
0,1.58798569149711,0.28,0.062,0,"12","PGD"
0,2.00514249103819,0.25,0.032,0,"12","AC245128.3"
0,2.33897088480201,0.26,0.044,0,"12","MCOLN1"
0,1.68604848425158,0.28,0.064,0,"12","TOM1"
0,1.7052061138242,0.27,0.054,0,"12","PACSIN2"
0,2.47964151645779,0.25,0.037,0,"12","TFE3"
0,2.03962494244288,0.25,0.04,0,"12","NFKBIE"
0,1.67634551148863,0.25,0.04,0,"12","CD36"
0,1.69266923859024,0.97,0.761,0,"12","NAP1L1"
0,2.53042900021653,0.25,0.042,0,"12","PRKCD"
0,1.53175877883722,0.26,0.053,0,"12","IL10RB"
0,1.57620087901177,0.26,0.054,0,"12","TPM1"
0,1.67669898032524,0.26,0.057,0,"12","HSPA1A"
0,1.572433059518,0.25,0.048,0,"12","AIG1"
0,1.61611587381347,0.25,0.05,0,"12","HEATR3"
0,1.56388711268642,0.25,0.053,0,"12","TLR1"
0,1.53426237576109,0.97,0.777,0,"12","DUSP1"
0,1.10028395566308,0.97,0.792,0,"12","TPM3"
0,1.31244035585084,0.99,0.825,0,"12","YBX1"
0,1.30601179562775,0.99,0.837,0,"12","FOS"
0,1.4378684518365,0.97,0.818,0,"12","ARPC3"
0,1.78670462748648,0.97,0.832,0,"12","S100A4"
0,0.854297378316774,0.98,0.855,0,"12","ARPC2"
0,1.45355529193462,0.99,0.875,0,"12","MYL6"
0,2.07682424597937,1,0.889,0,"12","S100A6"
0,0.93324692816073,1,0.89,0,"12","CYBA"
0,1.82279277575484,0.98,0.879,0,"12","OAZ1"
0,2.0769233823364,1,0.9,0,"12","NEAT1"
0,0.721037223207124,0.98,0.9,0,"12","SH3BGRL3"
0,2.89559902256963,1,0.955,0,"12","FTH1"
0,1.2403008386543,0.99,0.955,0,"12","H3F3A"
0,2.91845512009492,1,0.972,0,"12","FTL"
0,1.20927768765976,1,0.98,0,"12","ACTB"
0,0.490578262176117,0.99,0.997,0,"12","RPS19"
0,0.709414218947071,1,0.999,0,"12","TMSB4X"
0,0.610222211596223,1,0.999,0,"12","MT-ND2"
0,0.717131820204965,1,0.999,0,"12","MT-CO1"
0,0.522801022947408,1,0.999,0,"12","MT-CO2"
0,0.47566933851623,1,0.999,0,"12","MT-ND3"
2.22044604925031e-16,0.981997157145989,0.76,0.299,4.44355663375973e-12,"12","SSH2"
2.22044604925031e-16,0.956761624207561,0.86,0.408,4.44355663375973e-12,"12","RAC1"
2.22044604925031e-16,1.01657892563601,0.72,0.285,4.44355663375973e-12,"12","ERICH1"
2.22044604925031e-16,1.14397029794735,0.72,0.289,4.44355663375973e-12,"12","LSM6"
2.22044604925031e-16,1.02661055769512,0.69,0.261,4.44355663375973e-12,"12","PKN1"
2.22044604925031e-16,1.05305633522195,0.87,0.492,4.44355663375973e-12,"12","HIGD2A"
2.22044604925031e-16,0.866151775614909,0.96,0.594,4.44355663375973e-12,"12","IQGAP1"
2.22044604925031e-16,1.19800416373699,0.56,0.197,4.44355663375973e-12,"12","TIMM8B"
2.22044604925031e-16,1.111073951464,0.55,0.188,4.44355663375973e-12,"12","VCL"
2.22044604925031e-16,1.05899951470832,0.86,0.505,4.44355663375973e-12,"12","TMBIM4"
2.22044604925031e-16,1.04819544238605,0.51,0.16,4.44355663375973e-12,"12","SDHB"
2.22044604925031e-16,1.34461920440569,0.49,0.164,4.44355663375973e-12,"12","BACH1"
2.22044604925031e-16,1.2851473220746,0.43,0.126,4.44355663375973e-12,"12","WAC-AS1"
2.22044604925031e-16,1.14681076651813,0.87,0.572,4.44355663375973e-12,"12","PTGES3"
2.22044604925031e-16,1.18855937785812,0.42,0.123,4.44355663375973e-12,"12","PQLC3"
2.22044604925031e-16,1.9241453031565,0.29,0.07,4.44355663375973e-12,"12","ZSWIM6"
2.22044604925031e-16,1.29580865951072,0.27,0.061,4.44355663375973e-12,"12","SNAPC3"
2.22044604925031e-16,1.78648295677935,0.27,0.062,4.44355663375973e-12,"12","MIIP"
2.22044604925031e-16,1.37674155821814,0.26,0.057,4.44355663375973e-12,"12","MOSPD2"
2.22044604925031e-16,1.72125814624383,0.26,0.059,4.44355663375973e-12,"12","SLC35A1"
4.44089209850063e-16,0.991231223869838,0.64,0.234,8.88711326751945e-12,"12","FBXL5"
4.44089209850063e-16,1.05796442530975,0.66,0.254,8.88711326751945e-12,"12","SUPT4H1"
4.44089209850063e-16,1.08267832585884,0.65,0.248,8.88711326751945e-12,"12","POLE4"
4.44089209850063e-16,0.967419775895524,0.87,0.482,8.88711326751945e-12,"12","REL"
4.44089209850063e-16,1.47800852023457,0.59,0.215,8.88711326751945e-12,"12","ANKRD13D"
4.44089209850063e-16,0.916953601089086,0.89,0.517,8.88711326751945e-12,"12","MOB1A"
4.44089209850063e-16,1.01559707925031,0.53,0.174,8.88711326751945e-12,"12","PLEKHB2"
4.44089209850063e-16,1.02607530401989,0.43,0.126,8.88711326751945e-12,"12","PIEZO1"
4.44089209850063e-16,1.31735893858671,0.36,0.099,8.88711326751945e-12,"12","ETV6"
4.44089209850063e-16,1.70680245298134,0.29,0.071,8.88711326751945e-12,"12","DGAT1"
4.44089209850063e-16,1.30252035615234,0.27,0.061,8.88711326751945e-12,"12","PSMD10"
6.66133814775094e-16,1.00010032751118,0.79,0.356,1.33306699012792e-11,"12","NAA38"
6.66133814775094e-16,1.11427371417871,0.58,0.206,1.33306699012792e-11,"12","FAM89B"
6.66133814775094e-16,1.26052955807105,0.5,0.171,1.33306699012792e-11,"12","YWHAH"
6.66133814775094e-16,1.25825348995941,0.48,0.161,1.33306699012792e-11,"12","ADI1"
6.66133814775094e-16,1.31311093708421,0.39,0.113,1.33306699012792e-11,"12","IFI35"
8.88178419700125e-16,1.16371727611203,0.38,0.107,1.77742265350389e-11,"12","SFMBT2"
8.88178419700125e-16,0.79353522946531,0.95,0.792,1.77742265350389e-11,"12","GMFG"
8.88178419700125e-16,0.592886541013099,0.99,0.91,1.77742265350389e-11,"12","CFL1"
1.11022302462516e-15,1.0660284525694,0.62,0.23,2.22177831687986e-11,"12","CHMP4B"
1.11022302462516e-15,1.32236841370731,0.52,0.177,2.22177831687986e-11,"12","ADPGK"
1.11022302462516e-15,0.942618061909655,0.42,0.122,2.22177831687986e-11,"12","DUSP22"
1.33226762955019e-15,1.16355645551119,0.52,0.178,2.66613398025584e-11,"12","NUDT3"
1.55431223447522e-15,0.872037755571596,0.64,0.24,3.11048964363181e-11,"12","PTPN18"
1.55431223447522e-15,1.04120275209379,0.66,0.264,3.11048964363181e-11,"12","RAB8A"
1.55431223447522e-15,1.06726507585926,0.49,0.159,3.11048964363181e-11,"12","PLEC"
1.99840144432528e-15,0.543744034983144,0.99,0.907,3.99920097038375e-11,"12","PFN1"
2.22044604925031e-15,1.30310609872661,0.49,0.174,4.44355663375973e-11,"12","TFRC"
2.44249065417534e-15,0.961738161726456,0.79,0.346,4.8879122971357e-11,"12","MYO1F"
2.44249065417534e-15,0.993704754507533,0.51,0.171,4.8879122971357e-11,"12","RB1"
2.66453525910038e-15,1.03425415245372,0.61,0.228,5.33226796051167e-11,"12","DICER1"
2.88657986402541e-15,0.943003402923817,0.65,0.246,5.77662362388764e-11,"12","CCT6A"
3.33066907387547e-15,0.84927936864791,0.76,0.308,6.66533495063959e-11,"12","TACC1"
3.33066907387547e-15,0.930913225538842,0.48,0.153,6.66533495063959e-11,"12","NDUFV3"
3.33066907387547e-15,1.50919271222074,0.28,0.069,6.66533495063959e-11,"12","ZBTB7B"
3.33066907387547e-15,0.798778859541988,0.96,0.757,6.66533495063959e-11,"12","RAP1B"
3.5527136788005e-15,1.33217110559207,0.28,0.068,7.10969061401556e-11,"12","PITPNM1"
3.5527136788005e-15,1.30717722709909,0.26,0.061,7.10969061401556e-11,"12","SLC8B1"
3.77475828372553e-15,1.15544340884356,0.36,0.102,7.55404627739154e-11,"12","ING2"
3.77475828372553e-15,1.26076464160356,0.29,0.072,7.55404627739154e-11,"12","SLC12A9"
3.99680288865056e-15,1.07577333133393,0.47,0.153,7.99840194076751e-11,"12","SMS"
3.99680288865056e-15,1.01740094544384,0.41,0.121,7.99840194076751e-11,"12","PDPK1"
3.99680288865056e-15,1.13368558337295,0.32,0.084,7.99840194076751e-11,"12","KLF11"
4.44089209850063e-15,1.10350439493298,0.76,0.349,8.88711326751945e-11,"12","WAS"
4.88498130835069e-15,0.914581140337148,0.53,0.176,9.7758245942714e-11,"12","SNX17"
5.55111512312578e-15,1.57191697878358,0.27,0.066,1.11088915843993e-10,"12","ZBTB18"
5.77315972805081e-15,0.988995679272777,0.52,0.177,1.15532472477753e-10,"12","CHMP2B"
5.77315972805081e-15,0.804037694166848,0.94,0.72,1.15532472477753e-10,"12","ELOB"
7.105427357601e-15,1.00933765165378,0.75,0.356,1.42193812280311e-10,"12","GLRX"
7.7715611723761e-15,0.708709891068001,0.41,0.119,1.5552448218159e-10,"12","RFTN1"
8.21565038222616e-15,1.05808676120623,0.5,0.172,1.6441159544911e-10,"12","ATOX1"
8.21565038222616e-15,0.93176401615247,0.91,0.61,1.6441159544911e-10,"12","SMAP2"
8.43769498715119e-15,1.4571536613375,0.36,0.106,1.6885515208287e-10,"12","SIPA1L1"
8.43769498715119e-15,1.19694996295344,0.28,0.069,1.6885515208287e-10,"12","NFE2L1"
8.65973959207622e-15,0.809650277235798,0.57,0.198,1.73298708716629e-10,"12","ADCY7"
8.65973959207622e-15,0.810069372146993,0.97,0.875,1.73298708716629e-10,"12","ITM2B"
9.99200722162641e-15,1.37092128453376,0.3,0.078,1.99960048519188e-10,"12","C2CD5"
1.04360964314765e-14,1.57491141238483,0.27,0.067,2.08847161786707e-10,"12","STK40"
1.08801856413265e-14,0.866439130209213,0.9,0.457,2.17734275054227e-10,"12","PPP1CB"
1.11022302462516e-14,1.05114489052447,0.35,0.098,2.22177831687986e-10,"12","CHPT1"
1.13242748511766e-14,0.900459321245456,0.48,0.155,2.26621388321746e-10,"12","TMEM179B"
1.15463194561016e-14,1.45881083667048,0.26,0.062,2.31064944955506e-10,"12","CREG1"
1.28785870856518e-14,0.838400935212274,0.93,0.565,2.57726284758064e-10,"12","ACTR3"
1.4432899320127e-14,0.753285875019894,0.98,0.776,2.88831181194382e-10,"12","SRGN"
1.46549439250521e-14,1.11294859138605,0.3,0.078,2.93274737828142e-10,"12","GDAP2"
1.70974345792274e-14,0.722276416245711,0.46,0.147,3.42153860799499e-10,"12","KLF10"
1.82076576038526e-14,0.747797450105897,0.63,0.234,3.64371643968298e-10,"12","IRS2"
1.93178806284777e-14,1.38665172461964,0.43,0.142,3.86589427137096e-10,"12","RNASEK"
1.93178806284777e-14,0.666398561870424,0.97,0.84,3.86589427137096e-10,"12","ARHGDIB"
2.35367281220533e-14,0.85598599810164,0.9,0.477,4.71017003178531e-10,"12","TAOK3"
2.42028619368284e-14,0.915882289072069,0.44,0.139,4.8434767307981e-10,"12","PTTG1IP"
2.64233079860787e-14,1.00912653870776,0.36,0.103,5.28783239417407e-10,"12","TMA16"
2.75335310107039e-14,0.945844650701094,0.57,0.209,5.51001022586206e-10,"12","TM9SF2"
2.79776202205539e-14,0.880587625099045,0.41,0.125,5.59888135853726e-10,"12","NBEAL2"
2.8199664825479e-14,0.844704407115253,0.96,0.711,5.64331692487485e-10,"12","S100A10"
2.8421709430404e-14,0.899327227484314,0.53,0.179,5.68775249121245e-10,"12","MOB3A"
2.93098878501041e-14,0.897875437923063,0.69,0.27,5.86549475656284e-10,"12","PKM"
2.93098878501041e-14,1.27270541724926,0.77,0.436,5.86549475656284e-10,"12","MT2A"
3.06421554796543e-14,1.07238698389119,0.5,0.166,6.13210815458842e-10,"12","C1orf43"
3.17523785042795e-14,1.70692335870112,0.26,0.066,6.35428598627641e-10,"12","TOLLIP"
3.33066907387547e-14,1.02159145101333,0.51,0.18,6.66533495063959e-10,"12","HACD4"
3.44169137633799e-14,0.874191308405402,0.26,0.062,6.88751278232758e-10,"12","SETBP1"
3.44169137633799e-14,0.458544640114783,0.98,0.984,6.88751278232758e-10,"12","NACA"
3.530509218308e-14,1.33184525633411,0.28,0.072,7.06525504767797e-10,"12","SEH1L"
4.19664303308309e-14,1.10083096917818,0.3,0.079,8.39832203780588e-10,"12","TMEM127"
4.21884749357559e-14,0.928798098081791,0.76,0.351,8.44275760414348e-10,"12","PSMA4"
4.32986979603811e-14,1.68438150268148,0.28,0.073,8.66493543583147e-10,"12","ARPC1A"
4.46309655899313e-14,0.917640567407978,0.78,0.349,8.93154883385705e-10,"12","PRKAR1A"
4.86277684785819e-14,1.06380448527538,0.62,0.246,9.7313890279338e-10,"12","NDUFS7"
5.19584375524573e-14,1.12874477420313,0.32,0.089,1.03979225229978e-09,"12","DELE1"
6.30606677987089e-14,1.41279976826833,0.28,0.073,1.26197008398776e-09,"12","ZNF787"
6.59472476627343e-14,1.02663507948941,0.46,0.157,1.31973632022664e-09,"12","ADK"
7.01660951563099e-14,1.13687447562931,0.52,0.193,1.40416389626807e-09,"12","CDC42EP3"
7.26085858104852e-14,0.84093956879388,0.35,0.1,1.45304301923943e-09,"12","ANXA4"
9.28146448586631e-14,0.764543296495555,0.4,0.121,1.85740667291157e-09,"12","LRRFIP2"
1.14797060746241e-13,0.483604194574383,0.98,0.966,2.29731877965378e-09,"12","ATP5F1E"
1.20348175869367e-13,0.918258767708873,0.36,0.105,2.40840769549777e-09,"12","RPL26L1"
1.31672450720544e-13,0.873183804074942,0.47,0.155,2.63502908381952e-09,"12","MRPL18"
1.34114941374719e-13,1.16188045706114,0.35,0.105,2.68390820679087e-09,"12","MFSD14B"
1.54987134237672e-13,1.11771236532223,0.43,0.143,3.10160253036429e-09,"12","PSMC4"
1.61648472385423e-13,1.04712912582025,0.45,0.153,3.23490922937708e-09,"12","PLIN2"
1.64090963039598e-13,1.1216708405225,0.47,0.163,3.28378835234844e-09,"12","SNX5"
1.66977542903624e-13,0.981761671731205,0.47,0.161,3.34155458858731e-09,"12","NELFE"
1.70974345792274e-13,0.771222370488983,0.55,0.196,3.42153860799499e-09,"12","AGFG1"
1.73638881051374e-13,0.655087874712171,0.99,0.719,3.47486128760011e-09,"12","CORO1A"
1.90070181815827e-13,0.874434302090976,0.74,0.309,3.80368447849833e-09,"12","RIOK3"
2.24265050974282e-13,0.928815188401395,0.67,0.273,4.48799220009732e-09,"12","TBCB"
2.24487095579207e-13,0.730138127494406,0.61,0.219,4.49243575673108e-09,"12","IQSEC1"
2.35811370430383e-13,0.814063296112015,0.92,0.567,4.71905714505283e-09,"12","UTRN"
2.53574938824386e-13,1.00969905348391,0.4,0.127,5.07454167575361e-09,"12","MLX"
2.54907206453936e-13,1.40840756229423,0.27,0.071,5.10120301555617e-09,"12","SIL1"
2.68673971959288e-13,0.954559868938747,0.62,0.247,5.37670352684927e-09,"12","SNF8"
2.82662782069565e-13,0.801167016572893,0.9,0.478,5.65664759477613e-09,"12","CAPZA1"
2.83106871279415e-13,0.843357483575953,0.79,0.368,5.66553470804365e-09,"12","HERPUD1"
2.91988655476416e-13,1.00764651335998,0.63,0.261,5.84327697339404e-09,"12","PGAM1"
2.97317725994617e-13,0.893317821585873,0.41,0.13,5.94992233260427e-09,"12","TRIM14"
3.06643599401468e-13,0.78541724195802,0.48,0.161,6.13655171122218e-09,"12","FAM96A"
3.08197911635943e-13,0.959510250751867,0.82,0.485,6.1676566076585e-09,"12","GPX4"
3.17523785042795e-13,0.826576602851258,0.93,0.599,6.35428598627641e-09,"12","COX7B"
3.1952218648712e-13,1.17298620862194,0.37,0.115,6.39427799598025e-09,"12","SLC25A11"
3.2263081095607e-13,0.779668740144046,0.6,0.237,6.45648778885288e-09,"12","MAP3K8"
3.26183524634871e-13,0.959928504091841,0.73,0.35,6.52758469499304e-09,"12","NOP10"
3.30624416733372e-13,0.966566682517392,0.57,0.219,6.61645582766823e-09,"12","LAMTOR2"
3.31956684362922e-13,1.16626532770157,0.31,0.087,6.64311716747079e-09,"12","POR"
3.93463039927155e-13,1.05466100875185,0.52,0.19,7.87398235502224e-09,"12","LRCH4"
4.17221812654134e-13,0.891567994187646,0.75,0.341,8.34944291483453e-09,"12","SELPLG"
4.36095604072761e-13,0.902207180062458,0.85,0.441,8.7271452287041e-09,"12","DYNLL1"
4.38538094726937e-13,1.06219572634298,0.42,0.141,8.77602435167546e-09,"12","FOXO3"
4.43645120640213e-13,1.07151265550556,0.44,0.151,8.87822615425193e-09,"12","GPI"
4.65183447317941e-13,1.10853120606984,0.33,0.097,9.30925114772663e-09,"12","PPP1R9B"
4.66515714947491e-13,0.801460233712736,0.94,0.58,9.33591248752919e-09,"12","LAMTOR4"
4.67625937972116e-13,0.777752256433664,0.58,0.216,9.35813027069798e-09,"12","MKRN1"
4.68292071786891e-13,1.01215759144165,0.6,0.248,9.37146094059926e-09,"12","RAB5C"
4.74953409934642e-13,0.932378159095704,0.34,0.1,9.50476763961206e-09,"12","SPAST"
4.9693582582222e-13,1.05025373009996,0.7,0.315,9.94467974635427e-09,"12","MYADM"
5.46895861930352e-13,0.851226906976712,0.84,0.419,1.09444799889502e-08,"12","FMNL1"
5.55999690732278e-13,0.798817283241953,0.78,0.383,1.11266658109344e-08,"12","CDKN2D"
5.72875080706581e-13,0.864456757433694,0.61,0.246,1.14643761151001e-08,"12","RBPJ"
6.29274410357539e-13,0.875625577630309,0.71,0.304,1.25930395000751e-08,"12","MGST3"
7.96918087075937e-13,1.32175387380313,0.28,0.077,1.59479247585637e-08,"12","TSEN34"
8.05577826668014e-13,0.573364419225186,0.98,0.843,1.61212234672803e-08,"12","CDC42"
8.24895707296491e-13,1.32469629882137,0.33,0.1,1.65078128944174e-08,"12","CEP170"
8.31557045444242e-13,0.895992074751077,0.39,0.124,1.66411195934302e-08,"12","MTMR6"
8.53317416726895e-13,0.471235437857648,1,0.951,1.70765881435386e-08,"12","SERF2"
8.67084182232247e-13,0.817449802359404,0.67,0.275,1.73520886548317e-08,"12","TMEM167A"
9.04387675859653e-13,1.14594819596568,0.34,0.103,1.80986061693034e-08,"12","TM9SF4"
9.04831765069503e-13,0.840205579643142,0.42,0.137,1.81074932825709e-08,"12","SPG21"
9.16600129130529e-13,0.850166088557087,0.56,0.21,1.83430017841602e-08,"12","VMA21"
9.37472321993482e-13,1.02985715305364,0.33,0.098,1.87606961077336e-08,"12","JKAMP"
1.00031094518727e-12,0.869299430118713,0.7,0.315,2.00182226350876e-08,"12","ITSN2"
1.04516395538212e-12,1.15929796096602,0.29,0.081,2.0915821075107e-08,"12","UHRF1BP1L"
1.0653700144303e-12,0.696252881517412,0.41,0.132,2.13201847287792e-08,"12","RAP1GAP2"
1.15174536574614e-12,0.991475406647407,0.32,0.095,2.30487282593117e-08,"12","DAPP1"
1.2552181516412e-12,1.03716947237762,0.39,0.128,2.51194256506437e-08,"12","PIGBOS1"
1.25854882071508e-12,1.12764710348438,0.42,0.143,2.51860790001501e-08,"12","NCOR2"
1.41286982113797e-12,0.819392049575537,0.44,0.147,2.82743508606131e-08,"12","ZNF511"
1.43485223702555e-12,0.884902539739307,0.58,0.225,2.87142629673554e-08,"12","TANK"
1.48858703141741e-12,0.958522323820367,0.4,0.131,2.97896036727252e-08,"12","NBN"
1.50568446599664e-12,1.21309440874376,0.27,0.073,3.01317575335247e-08,"12","CNEP1R1"
1.54387613804374e-12,0.993524169518189,0.33,0.098,3.08960492745314e-08,"12","HIGD1A"
1.56963331221505e-12,0.967530565751329,0.36,0.112,3.14115018440475e-08,"12","IFNAR2"
1.62359015121183e-12,0.936313700994482,0.4,0.13,3.24912861060511e-08,"12","ATP6AP1"
1.63935531816151e-12,0.958102099240152,0.29,0.081,3.28067786270481e-08,"12","PLCG2"
1.66000546641953e-12,1.50519290946153,0.28,0.079,3.32200293939877e-08,"12","RUFY3"
1.71684888528034e-12,1.08386239146394,0.41,0.14,3.43575798922302e-08,"12","UQCRC1"
1.81477055605228e-12,1.07186024360526,0.5,0.184,3.63171883677182e-08,"12","GGA1"
1.82498460787883e-12,0.897588531769813,0.68,0.31,3.65215919728712e-08,"12","TRIM38"
2.1120882820469e-12,0.991188280014284,0.39,0.128,4.22671107003225e-08,"12","TBC1D1"
2.18580709088201e-12,0.886364934069184,0.53,0.197,4.37423715027307e-08,"12","SDHD"
2.22200036148479e-12,1.12712416941204,0.46,0.163,4.44666712340336e-08,"12","CYTH4"
2.3276935934291e-12,1.1725876714357,0.27,0.074,4.65818041917032e-08,"12","CIITA"
2.42561526420104e-12,0.906795562691659,0.81,0.444,4.85414126671913e-08,"12","SLC25A5"
2.46935805137127e-12,0.915400453035699,0.34,0.102,4.94167933240419e-08,"12","SART1"
2.57527332792051e-12,1.27637317917886,0.28,0.079,5.15363698383453e-08,"12","TAB3"
2.64566146768175e-12,0.996992473062895,0.36,0.115,5.29449772912471e-08,"12","ICA1L"
2.76312306368709e-12,0.943309321330505,0.56,0.217,5.5295618750506e-08,"12","CALCOCO2"
2.84283707685518e-12,0.923426602765826,0.39,0.128,5.68908555820258e-08,"12","CLIP4"
2.94431146130592e-12,1.17882601224618,0.25,0.066,5.8921560963654e-08,"12","PLIN3"
3.19499982026628e-12,1.17425575035562,0.31,0.092,6.39383364031687e-08,"12","RIC1"
3.26716431686691e-12,0.97274662454418,0.4,0.135,6.53824923091406e-08,"12","NRIP1"
3.45257156197931e-12,1.36264994995247,0.36,0.122,6.909286209833e-08,"12","PLCB2"
4.23527879434005e-12,0.842976706404719,0.92,0.588,8.4756399232333e-08,"12","ARL6IP4"
4.77617945193742e-12,0.857766650877805,0.7,0.319,9.55809031921717e-08,"12","YWHAE"
4.89230878031321e-12,0.833872419375402,0.49,0.177,9.79048833116281e-08,"12","TMEM208"
5.48183720638917e-12,1.01095263823297,0.35,0.11,1.0970252617426e-07,"12","MTMR14"
5.73963099270713e-12,0.770563417133576,0.56,0.214,1.14861495426055e-07,"12","DYNC1I2"
5.93725069109041e-12,1.07426196730602,0.43,0.16,1.18816260830101e-07,"12","KCNQ1OT1"
6.05493433170068e-12,0.748624377890211,0.46,0.161,1.21171345845994e-07,"12","RPS6KA1"
6.49391651563747e-12,0.376740291425841,0.98,0.738,1.29956257310937e-07,"12","CD37"
6.53366249991905e-12,1.22278840837398,0.26,0.072,1.3075165394838e-07,"12","NUBP1"
6.62137011886443e-12,0.766088170727137,0.49,0.176,1.32506858818715e-07,"12","ADRM1"
6.63535892897471e-12,0.753067315537796,0.62,0.25,1.32786802886642e-07,"12","BANF1"
6.73927580407963e-12,0.771094679535942,0.46,0.164,1.34866387391241e-07,"12","GBP4"
6.74904576669633e-12,0.336778872864818,1,1,1.35061903883127e-07,"12","MT-ATP6"
7.15760783975838e-12,0.342520523213281,1,0.999,1.43238048089245e-07,"12","MT-ND1"
7.27129467748e-12,0.889368422303062,0.3,0.088,1.4551314908573e-07,"12","SERTAD3"
7.57616192004207e-12,0.997811467102595,0.3,0.088,1.51614152343882e-07,"12","DNASE2"
7.59881046974442e-12,1.22673215305295,0.27,0.076,1.52067395120525e-07,"12","TPK1"
7.67674812607311e-12,1.41606506543763,0.28,0.079,1.53627083498975e-07,"12","TRIM27"
8.49165182614797e-12,0.914532824146356,0.36,0.116,1.69934936344873e-07,"12","AGO1"
9.52260492681489e-12,0.962504707450167,0.67,0.314,1.9056636979542e-07,"12","CSK"
9.86033477090587e-12,0.772572419611567,0.49,0.177,1.97325019435368e-07,"12","TWF2"
9.96402960140585e-12,0.742475556954018,0.88,0.496,1.99400160383334e-07,"12","POMP"
1.00697228333502e-11,1.04100521576001,0.31,0.094,2.01515293341004e-07,"12","EPS8"
1.03519415262099e-11,0.548132008843336,0.98,0.697,2.07163053822512e-07,"12","ITGB2"
1.12723164136241e-11,0.75170606884229,0.85,0.474,2.25581596069446e-07,"12","TLN1"
1.14055431765792e-11,1.09864172272479,0.27,0.076,2.28247730049702e-07,"12","CLCN7"
1.30964128430833e-11,0.627542077089928,0.9,0.549,2.62085413815782e-07,"12","SAMHD1"
1.39581679547973e-11,1.17001891660743,0.27,0.077,2.79330857111404e-07,"12","HDAC5"
1.41076039739119e-11,0.534384716776817,0.58,0.216,2.82321370725924e-07,"12","GLIPR2"
1.61146651578292e-11,0.800061847677834,0.48,0.175,3.22486679138478e-07,"12","DPYD"
1.61191060499277e-11,0.779942302367859,0.27,0.075,3.22575550271154e-07,"12","ZNF592"
1.61468616255434e-11,0.809336837792956,0.42,0.146,3.23130994850374e-07,"12","LAMTOR3"
1.70976566238323e-11,0.82299944174941,0.87,0.539,3.42158304356133e-07,"12","LY6E"
1.71305192253612e-11,0.826216645990291,0.39,0.131,3.42815950737929e-07,"12","TBC1D22A"
1.75912617805807e-11,1.22242622317621,0.26,0.073,3.52036330752981e-07,"12","HRAS"
1.80682135919596e-11,1.15091017181078,0.27,0.078,3.61581090402296e-07,"12","CYSLTR1"
1.93787208502272e-11,1.03186359642125,0.35,0.114,3.87806961654746e-07,"12","SLC25A24"
2.02409200511511e-11,0.94312352809324,0.38,0.129,4.05061292063635e-07,"12","NEDD9"
2.05204742087517e-11,0.636149441423902,0.96,0.739,4.10655729865539e-07,"12","HMGN2"
2.24908980328564e-11,1.01201799503974,0.33,0.106,4.50087851433523e-07,"12","ACSL4"
2.26751950549442e-11,0.733709403482738,0.52,0.198,4.53776003439543e-07,"12","CLTC"
2.3573143437261e-11,0.753320736048095,0.81,0.426,4.71745746466468e-07,"12","DOCK8"
2.37878605702235e-11,0.740498425712709,0.94,0.718,4.76042665731313e-07,"12","COX6B1"
2.43220998896732e-11,0.829855609493482,0.67,0.296,4.86733862992139e-07,"12","PTEN"
2.44844144958734e-11,0.884770565508842,0.46,0.17,4.89982102891418e-07,"12","UBE2L6"
2.46875853093798e-11,1.32548107464829,0.26,0.075,4.94047957211308e-07,"12","PHC2"
2.63902233399449e-11,1.17653524790439,0.26,0.074,5.28121149478977e-07,"12","REEP3"
3.06030756291875e-11,0.859952343626371,0.43,0.155,6.12428749491301e-07,"12","CNPPD1"
3.24738014256809e-11,0.956352799446231,0.28,0.082,6.49865714130726e-07,"12","METTL21A"
3.3726355042063e-11,0.913147762331879,0.53,0.217,6.74931817101765e-07,"12","TPP1"
3.66520147565552e-11,0.813159361205646,0.85,0.486,7.33480119308183e-07,"12","ENO1"
3.70039554553614e-11,0.895584098129752,0.71,0.362,7.40523156572692e-07,"12","ATP6AP2"
3.7541081354675e-11,0.937278338122173,0.43,0.156,7.51272120069757e-07,"12","HADHB"
4.04878353066351e-11,1.1989818807204,0.29,0.087,8.10242560156382e-07,"12","CARD8-AS1"
4.07098799115602e-11,0.641559726889808,0.93,0.688,8.14686116790142e-07,"12","ZFP36"
4.27327062624272e-11,0.834121190373347,0.6,0.265,8.55166917723693e-07,"12","GABARAPL1"
4.57556215138766e-11,0.631911309296799,0.46,0.169,9.15661497735698e-07,"12","GPR155"
4.76898520673785e-11,1.11270160065432,0.36,0.122,9.54369319572379e-07,"12","HDLBP"
5.09927655656384e-11,0.753389178609865,0.48,0.18,1.02046722449955e-06,"12","AKIRIN2"
5.26776400278095e-11,0.781952871560086,0.63,0.271,1.05418493223652e-06,"12","WDR1"
5.2732485045226e-11,1.07241611250524,0.51,0.207,1.05528249072506e-06,"12","CPEB4"
5.8223648125022e-11,0.91841627152924,0.33,0.106,1.16517164627794e-06,"12","ACO2"
6.11248829329725e-11,0.775724837015509,0.88,0.564,1.22323115725465e-06,"12","H2AFZ"
6.66200428156571e-11,0.568779455669216,0.78,0.338,1.33320029682693e-06,"12","ATP1A1"
6.71842581567716e-11,0.697392973088052,0.49,0.178,1.34449137423331e-06,"12","ESD"
6.85038692438411e-11,0.637270278045238,0.48,0.175,1.37089943130775e-06,"12","NDUFAF3"
8.11759548469126e-11,1.11234197309757,0.34,0.116,1.62449320839642e-06,"12","ITGB2-AS1"
8.12707678932156e-11,0.774011079482652,0.48,0.185,1.62639060707903e-06,"12","ME2"
8.50568504517923e-11,0.598493808034371,0.67,0.286,1.70215769124127e-06,"12","SFT2D2"
8.57898196926499e-11,1.42058878772496,0.27,0.083,1.71682587168931e-06,"12","SLC35E3"
8.72599770218585e-11,0.703861198381578,0.83,0.438,1.74624666016143e-06,"12","OSTF1"
8.7649443258897e-11,0.769049281202445,0.85,0.461,1.75404065849705e-06,"12","PSME2"
9.78361835990427e-11,0.830497419496919,0.42,0.152,1.95789770618404e-06,"12","DRAM2"
1.0487832824424e-10,0.955943360046858,0.29,0.089,2.09882510482373e-06,"12","ZDHHC3"
1.05347286449842e-10,1.10706881270953,0.32,0.104,2.10820989643423e-06,"12","ARRDC1"
1.06400666055606e-10,0.790256875349157,0.62,0.275,2.12929012910479e-06,"12","DOK2"
1.16199938560158e-10,1.13687881013535,0.27,0.081,2.32539317046587e-06,"12","TRMT1"
1.21803678254651e-10,1.02489176391875,0.29,0.09,2.43753520923207e-06,"12","SNX9"
1.23831389586826e-10,1.28109401100579,0.26,0.078,2.47811376841156e-06,"12","DHX57"
1.24315002736353e-10,0.859739319303023,0.31,0.098,2.48779183475989e-06,"12","COA3"
1.25511601112294e-10,0.767039301900659,0.37,0.127,2.51173816145922e-06,"12","IL17RA"
1.30637500816988e-10,0.626290564212504,0.31,0.096,2.61431766634956e-06,"12","CD58"
1.33426159010241e-10,0.798985109288354,0.49,0.19,2.67012429411295e-06,"12","NDUFS2"
1.38457689757843e-10,0.622058300071816,0.45,0.163,2.77081528743395e-06,"12","IDH2"
1.42177380979547e-10,1.07627900309397,0.37,0.133,2.84525374816269e-06,"12","STAT2"
1.47769574354584e-10,1.09318655484614,0.28,0.086,2.95716472198393e-06,"12","GMIP"
1.49214196554226e-10,1.12450940960515,0.27,0.081,2.98607450144317e-06,"12","ZNF581"
1.56877622004004e-10,1.01150212846744,0.27,0.081,3.13943497154412e-06,"12","ABR"
1.5973089517729e-10,1.0955665700377,0.33,0.111,3.19653467428793e-06,"12","ERCC1"
1.70361724727286e-10,0.629901517017235,0.53,0.204,3.40927883524245e-06,"12","LSM10"
1.70484293349205e-10,0.831969266567624,0.46,0.177,3.41173167850428e-06,"12","SIK3"
1.70739644644868e-10,0.786276015062818,0.8,0.443,3.41684176863311e-06,"12","ICAM3"
1.73237646450275e-10,0.798531699193148,0.47,0.183,3.4668317807629e-06,"12","MMP24OS"
1.73896230748483e-10,0.679715490071121,0.64,0.274,3.48001136973863e-06,"12","ZFAND6"
1.74487979620608e-10,0.882472757822185,0.3,0.095,3.4918534481676e-06,"12","MTHFR"
1.85148119058454e-10,1.17659464476701,0.28,0.087,3.70518415859777e-06,"12","MCRIP2"
1.90350402107242e-10,0.519550412284353,0.97,0.75,3.80929224697013e-06,"12","YWHAB"
1.94680938037095e-10,0.878453807563253,0.34,0.113,3.89595493199835e-06,"12","CYB5R3"
2.17024176407676e-10,1.17533300883921,0.33,0.113,4.34308781827042e-06,"12","TLE3"
2.228772721935e-10,0.703475158304215,0.61,0.261,4.46021997113633e-06,"12","PHPT1"
2.25250484930939e-10,0.959706337486683,0.29,0.091,4.50771270443795e-06,"12","TIAM1"
2.26658025681559e-10,0.789896612358708,0.61,0.27,4.53588040993935e-06,"12","SHOC2"
2.26847207684955e-10,0.682722337750704,0.7,0.317,4.53966632019132e-06,"12","BNIP2"
2.29645635840825e-10,0.901377654382847,0.35,0.119,4.59566846444659e-06,"12","CAMK1D"
2.52416754165097e-10,0.623171150309981,0.63,0.268,5.05136408435192e-06,"12","HIF1A"
2.66577204754981e-10,0.976689238360545,0.28,0.086,5.33474302155668e-06,"12","WWP2"
2.90855561857484e-10,0.791220095191741,0.44,0.168,5.82060150389196e-06,"12","OS9"
3.11058734325798e-10,0.626072094232113,0.49,0.188,6.22490739132786e-06,"12","COMMD8"
3.29802185561334e-10,0.577385801708975,0.45,0.166,6.60000133745342e-06,"12","ARFGAP3"
3.40390604591789e-10,1.21823957414562,0.37,0.137,6.81189677909089e-06,"12","TMEM14C"
3.45692585668189e-10,0.805521627370138,0.51,0.208,6.9180000243918e-06,"12","BTF3L4"
3.46596307210234e-10,0.749851937984574,0.91,0.526,6.9360852998912e-06,"12","TUBA1A"
3.66526142769885e-10,0.778853504802614,0.49,0.197,7.33492116911094e-06,"12","CCZ1"
3.7148795151154e-10,0.712208410491656,0.71,0.324,7.43421688564894e-06,"12","STMP1"
3.84095200089973e-10,0.778724776332865,0.44,0.169,7.68651314420055e-06,"12","MRPS5"
3.95654620177766e-10,0.586199655443553,0.43,0.155,7.91784025899744e-06,"12","TAF12"
3.96576327332809e-10,0.673030956735366,0.83,0.405,7.93628546258418e-06,"12","NDUFS6"
4.03018951544709e-10,1.06720551473914,0.29,0.094,8.06521525831272e-06,"12","PRCP"
4.08646005922719e-10,1.12293022289433,0.51,0.217,8.17782387052546e-06,"12","GBP2"
4.1837266984146e-10,0.664917918088432,0.49,0.19,8.3724738688673e-06,"12","MRPL21"
4.73249661681052e-10,0.982721021575263,0.33,0.113,9.47067222956122e-06,"12","G6PD"
4.94065011125144e-10,0.897879037730767,0.25,0.073,9.88722900263639e-06,"12","TCTA"
5.18773912716597e-10,0.578051802597594,0.35,0.119,1.03817035412845e-05,"12","MEGF9"
5.25714138888134e-10,1.06396887612208,0.25,0.075,1.05205913474293e-05,"12","MEMO1"
5.42875744358184e-10,0.735803865184154,0.34,0.115,1.0864029396096e-05,"12","STAT5A"
5.55276713498642e-10,0.805932793301767,0.44,0.169,1.11121975905348e-05,"12","CHCHD1"
5.62107471679951e-10,0.326153282851422,1,0.999,1.12488947232592e-05,"12","MT-ND4"
5.69936098315793e-10,0.751431630914666,0.54,0.227,1.14055611994957e-05,"12","SFT2D1"
5.89520654514786e-10,0.730446130982445,0.25,0.073,1.17974873381499e-05,"12","ACTR1A"
5.98699312348572e-10,0.946748637916118,0.28,0.088,1.19811706387196e-05,"12","MED11"
6.03110672514617e-10,0.554581181980398,0.56,0.224,1.20694507783625e-05,"12","STK24"
6.08348482700194e-10,0.456627206226673,0.98,0.923,1.21742698357963e-05,"12","UQCRB"
6.24746920863117e-10,0.694304753879579,0.29,0.091,1.25024353803127e-05,"12","PARP12"
6.33618491008292e-10,0.666878625954315,0.62,0.272,1.26799732420579e-05,"12","DCP2"
6.37508046352764e-10,0.737020021270328,0.78,0.383,1.27578110236115e-05,"12","LCP2"
6.3899885383023e-10,0.67892497415106,0.78,0.385,1.27876450628506e-05,"12","ISG15"
6.3940142069896e-10,0.937803197932326,0.4,0.15,1.27957012310276e-05,"12","MAP2K1"
6.79204470444006e-10,0.852590313349042,0.29,0.092,1.35922398625254e-05,"12","AAMP"
6.79646783297017e-10,0.66167440891003,0.86,0.616,1.36010914273399e-05,"12","UQCR10"
7.02348179615342e-10,0.952253094910948,0.3,0.099,1.40553917704622e-05,"12","IFIH1"
7.03267888368941e-10,0.830943165416451,0.31,0.102,1.40737969820393e-05,"12","TXNRD1"
7.20898229999989e-10,0.739814723857914,0.43,0.163,1.44266153787598e-05,"12","NAPA"
7.40420613709603e-10,0.609872826592372,0.93,0.59,1.48172973215566e-05,"12","CLIC1"
8.31365420950192e-10,0.789858911665388,0.41,0.154,1.66372848040552e-05,"12","CYB5R4"
8.70050254064836e-10,0.755174996576164,0.31,0.102,1.74114456843455e-05,"12","PLEKHM1"
8.81859030243959e-10,0.795479212837175,0.39,0.144,1.76477629132421e-05,"12","GLYR1"
8.82242945365874e-10,0.768152644032223,0.74,0.372,1.76554458226619e-05,"12","BST2"
8.85828077556994e-10,0.714307062266446,0.52,0.214,1.77271914880706e-05,"12","IDH3G"
8.87548257111348e-10,0.627673821799156,0.35,0.12,1.77616157213123e-05,"12","MCMBP"
8.92362628235333e-10,0.742332710872634,0.45,0.175,1.78579609162455e-05,"12","RAP2C"
9.24497145504688e-10,0.833302610002213,0.38,0.14,1.85010368758398e-05,"12","OXR1"
9.51372758350999e-10,0.724099371430832,0.57,0.249,1.90388716401202e-05,"12","TMEM165"
9.72081970473937e-10,1.274342477544,0.27,0.086,1.94533043931244e-05,"12","SRBD1"
1.00842867389872e-09,0.616982026195165,0.82,0.428,2.01806746220612e-05,"12","IER5"
1.01117603179546e-09,1.08823065177008,0.35,0.129,2.02356547482907e-05,"12","SUSD6"
1.0212275469712e-09,0.757940668542729,0.26,0.079,2.04368056699877e-05,"12","FEZ2"
1.026944085325e-09,0.795730158904544,0.62,0.293,2.05512050355239e-05,"12","SSR3"
1.09942477344305e-09,0.802774282193253,0.56,0.247,2.20016885661423e-05,"12","PSMD4"
1.1749352601953e-09,0.508635698758769,0.59,0.255,2.35128044270283e-05,"12","PTPRE"
1.18250675917864e-09,0.710109400464664,0.72,0.366,2.36643252646829e-05,"12","ACAP2"
1.20892695854025e-09,0.781261976910289,0.69,0.325,2.41930462943074e-05,"12","NDUFB3"
1.26490817820013e-09,0.87770210623922,0.37,0.135,2.5313342462141e-05,"12","AP1M1"
1.31453048446417e-09,1.16056480181633,0.41,0.16,2.6306384055097e-05,"12","ZSWIM7"
1.33870492469157e-09,0.961709403607657,0.34,0.122,2.67901629529277e-05,"12","BAG6"
1.35433131376317e-09,0.68515670268062,0.63,0.278,2.71028782510285e-05,"12","CHMP2A"
1.36501654424137e-09,0.790446012277197,0.4,0.151,2.73167110833583e-05,"12","HAGH"
1.39146760780307e-09,0.64081930280337,0.49,0.197,2.78460497673549e-05,"12","TMEM30A"
1.39722966530087e-09,0.655324390543595,0.74,0.361,2.7961360062001e-05,"12","ROMO1"
1.4985230833986e-09,0.660174008995028,0.6,0.26,2.99884439449727e-05,"12","IRF2"
1.54402601815207e-09,0.726246052459745,0.53,0.222,3.08990486752592e-05,"12","ADSS"
1.59898894125377e-09,0.954659513523514,0.32,0.111,3.19989666923703e-05,"12","SYNE3"
1.61933200182318e-09,0.683910956611727,0.49,0.196,3.24060720204855e-05,"12","SLC44A2"
1.95395255531139e-09,0.708389048492015,0.66,0.308,3.91024985368915e-05,"12","ANAPC11"
1.95551441706243e-09,0.973849555611966,0.29,0.096,3.91337545142534e-05,"12","POGK"
1.96636684712814e-09,0.786652942883736,0.27,0.087,3.93509333447284e-05,"12","SYK"
2.02701833096341e-09,0.573328385105557,0.51,0.206,4.05646908392399e-05,"12","ATP6V1E1"
2.03649652696924e-09,0.525750196717429,0.31,0.104,4.07543684977085e-05,"12","LAT2"
2.16058038127187e-09,0.755258369223203,0.34,0.119,4.32375345900127e-05,"12","THAP9-AS1"
2.22066365296314e-09,0.646469238456709,0.54,0.228,4.44399210230983e-05,"12","SMIM7"
2.25993312952255e-09,0.658834173402191,0.77,0.4,4.52257817880053e-05,"12","CD55"
2.26496155164568e-09,0.629670058898574,0.49,0.196,4.53264105715334e-05,"12","FAM50A"
2.266635101833e-09,0.730769093500102,0.27,0.085,4.53599016578821e-05,"12","AGPS"
2.4572808232648e-09,0.693167685782801,0.47,0.188,4.91751038351751e-05,"12","EIF6"
2.4630248951496e-09,0.618406479155839,0.34,0.119,4.92900542017338e-05,"12","ZNF267"
2.53157605989429e-09,0.761212072943884,0.41,0.155,5.06619001106046e-05,"12","PQBP1"
2.56238164020317e-09,0.59131674879615,0.63,0.267,5.12783813837459e-05,"12","GTF3C6"
2.60862065282197e-09,0.881048466808714,0.35,0.126,5.22037165042732e-05,"12","SAMD8"
2.71887623526368e-09,0.482043838766255,0.97,0.845,5.44101512200967e-05,"12","MT-ND4L"
2.80817369358033e-09,0.380459595387534,1,0.972,5.61971719559295e-05,"12","PTPRC"
2.85137180533468e-09,0.793769233528333,0.28,0.091,5.70616525683576e-05,"12","RABIF"
2.98516145136318e-09,0.695855429698269,0.6,0.266,5.973905096468e-05,"12","FAM120A"
3.1159310687201e-09,0.608820529372837,0.9,0.602,6.23560125472267e-05,"12","COX8A"
3.11922598861258e-09,0.955685488220931,0.29,0.096,6.2421950484115e-05,"12","EMG1"
3.12261194679309e-09,0.635977384495117,0.92,0.539,6.24897102792232e-05,"12","ATP5MF"
3.22748583414523e-09,0.979633527887296,0.48,0.2,6.45884465129143e-05,"12","TXN2"
3.26476468082149e-09,0.523835662856371,0.86,0.453,6.53344707925996e-05,"12","ITGAL"
3.27138982569863e-09,0.860691525450193,0.41,0.157,6.54670531918811e-05,"12","OGFR"
3.47394446542637e-09,0.525807591359305,0.47,0.184,6.95205766421125e-05,"12","SH3BP1"
3.64304475475308e-09,0.612343069839035,0.88,0.512,7.29046116321186e-05,"12","PAK2"
3.73175335077747e-09,0.841580896619676,0.62,0.281,7.46798480557587e-05,"12","SUMO3"
3.79730780153409e-09,0.880037346077899,0.34,0.124,7.59917237243002e-05,"12","DPH3"
3.84534337705134e-09,0.984105130807831,0.29,0.099,7.69530116615513e-05,"12","HMG20B"
3.87357035336322e-09,0.692878805248489,0.57,0.26,7.75178899115048e-05,"12","CHD9"
3.99754207514036e-09,0.724676242663714,0.4,0.153,7.99988120077089e-05,"12","CERK"
4.28922675155263e-09,0.797200129949925,0.68,0.333,8.58360057520713e-05,"12","ATP5PB"
4.43479275524794e-09,0.663542644308405,0.66,0.316,8.87490726180218e-05,"12","CASP4"
4.45999281950549e-09,0.624957967561708,0.89,0.586,8.92533763039438e-05,"12","SLC25A3"
4.59960691756578e-09,0.714848846115016,0.79,0.434,9.20473336343264e-05,"12","CALM3"
4.60235982657764e-09,0.874288964379067,0.3,0.103,9.21024248494717e-05,"12","YIF1A"
4.78581108076526e-09,1.03253450105941,0.27,0.089,9.57736513482743e-05,"12","HSPBAP1"
4.87478102328964e-09,0.662009739788359,0.68,0.323,9.75541178380723e-05,"12","ADAM10"
5.01249219908573e-09,0.646860987884337,0.86,0.482,0.000100309993888104,"12","PRR13"
5.05902475467224e-09,0.770442820948641,0.68,0.346,0.000101241203390501,"12","SH3GLB1"
5.12574827027379e-09,0.857538341552901,0.27,0.089,0.000102576474384719,"12","MARCH2"
5.17717380077443e-09,1.01182194411877,0.27,0.09,0.000103605602101098,"12","TP53"
5.17989628967541e-09,0.760253796615016,0.65,0.312,0.000103660084548984,"12","RASSF5"
5.23172616340162e-09,0.774244619530723,0.61,0.28,0.000104697303981993,"12","SLIRP"
5.35531086143237e-09,0.700502212429366,0.36,0.133,0.000107170480958985,"12","ARF3"
5.43134515140764e-09,0.771594394935804,0.44,0.178,0.00010869207916997,"12","TMX1"
5.74796787944365e-09,0.644208797525607,0.71,0.332,0.000115028333203426,"12","CTSD"
5.76535885699059e-09,0.80241558160367,0.71,0.386,0.000115376361446096,"12","CHMP1B"
5.81083448025765e-09,0.826232028799128,0.31,0.108,0.000116286419618916,"12","EGLN1"
5.8233298183552e-09,0.718601881054977,0.52,0.22,0.000116536476324924,"12","DECR1"
5.87016746322888e-09,0.764070069959085,0.45,0.185,0.000117473791274136,"12","UBE2A"
5.88919135680044e-09,0.608838915791032,0.65,0.295,0.00011785449743229,"12","CDC40"
5.96432880861641e-09,0.655637344154767,0.74,0.382,0.000119358148118032,"12","SP110"
5.97343108310611e-09,0.628255860511455,0.35,0.127,0.000119540302835119,"12","NFIC"
6.71449829070525e-09,0.749593243511023,0.56,0.254,0.000134370539793593,"12","PPP1R7"
6.78311740109905e-09,0.773441980158155,0.3,0.103,0.000135743745430794,"12","RPRD1A"
6.81429246363052e-09,0.95381116508397,0.3,0.105,0.000136367620782174,"12","CBWD1"
6.85750700668564e-09,0.629767049874118,0.71,0.356,0.000137232430217793,"12","LAMTOR5"
7.24952009534263e-09,0.58110908483337,0.45,0.182,0.000145077396147997,"12","RRBP1"
7.29165638979623e-09,0.636501238762024,0.79,0.398,0.000145920627672602,"12","GNB1"
7.36991001559772e-09,0.637365474850223,0.52,0.221,0.000147486639232142,"12","SUGT1"
7.64262542141125e-09,0.669511924995836,0.63,0.3,0.000152944219933282,"12","TMOD3"
7.9171449396398e-09,0.492617280617901,0.59,0.251,0.000158437904532072,"12","MYDGF"
8.22744139483689e-09,0.987821597274061,0.28,0.096,0.000164647557193476,"12","PDP1"
8.30677393537371e-09,0.623652188661035,0.54,0.234,0.000166235159994699,"12","BAG1"
8.32666602335053e-09,0.996278501883093,0.82,0.514,0.000166633240459291,"12","RPS27L"
8.46362868678341e-09,0.783645343041834,0.26,0.084,0.00016937413727991,"12","GYG1"
8.57204662807476e-09,0.577904630768373,0.59,0.26,0.000171543797121032,"12","SELENOS"
8.79295436462257e-09,0.545086809308887,0.41,0.158,0.000175964602744827,"12","RPN1"
9.15919895483341e-09,0.937282997551469,0.26,0.085,0.000183293889484126,"12","PPP1R12C"
9.23229204197185e-09,0.521791976596627,0.52,0.214,0.000184756628343941,"12","COMMD7"
9.48684353296869e-09,0.613486402850455,0.52,0.222,0.000189850712781769,"12","H2AFJ"
1.02812893754134e-08,0.847227739695471,0.32,0.116,0.000205749162980773,"12","USP4"
1.03266408757463e-08,0.763880188603578,0.49,0.212,0.000206656737205435,"12","TUBGCP2"
1.03900923420497e-08,0.73438149048701,0.28,0.095,0.000207926527949098,"12","PNP"
1.0437660291629e-08,0.954756662579601,0.35,0.134,0.000208878457756079,"12","NR1H2"
1.05826942764509e-08,0.856005661192774,0.4,0.164,0.000211780877860335,"12","POLK"
1.06073407835083e-08,0.56833083371288,0.37,0.138,0.000212274103759569,"12","NRBF2"
1.09322242369814e-08,0.614449101899242,0.69,0.336,0.000218775671430471,"12","TNFRSF14"
1.12774927174542e-08,0.65508582273853,0.48,0.203,0.000225685184261692,"12","PRKAG2"
1.1381162901003e-08,0.506968907393742,0.96,0.837,0.000227759831974872,"12","ACTG1"
1.19872294312984e-08,0.721981172122056,0.5,0.221,0.000239888435379143,"12","HSPH1"
1.20192769070826e-08,0.837290153694157,0.27,0.09,0.000240529769464537,"12","PQLC1"
1.24797709943891e-08,0.491972105397278,0.5,0.207,0.000249745177139715,"12","DNAJC3"
1.29167021523102e-08,0.673561372046225,0.87,0.502,0.000258489043472032,"12","DNAJA1"
1.31613775433692e-08,0.507099323830845,0.65,0.294,0.000263385487397905,"12","INPP5D"
1.35135265200148e-08,0.738052639933892,0.28,0.095,0.000270432692718536,"12","PITPNA"
1.37445679282422e-08,0.461979736586783,0.39,0.149,0.000275056293379983,"12","DTX3L"
1.38911109281992e-08,0.306079990262355,1,0.997,0.000277988911895122,"12","TMSB10"
1.41946716603059e-08,0.814807191392618,0.29,0.101,0.000284063769266041,"12","PCYT1A"
1.43258516160927e-08,0.886857024743569,0.27,0.092,0.000286688942541247,"12","AGO4"
1.4712117746285e-08,0.819600746529626,0.33,0.124,0.000294418900338655,"12","SRGAP2C"
1.48857659532098e-08,0.646670887421734,0.36,0.135,0.000297893948255634,"12","TIMM10"
1.53362804677926e-08,0.59542458344638,0.7,0.337,0.000306909644721465,"12","IL10RA"
1.55162547255117e-08,0.675266032500203,0.3,0.105,0.000310511289566939,"12","NFYC"
1.57686139701241e-08,0.715969774871393,0.68,0.334,0.000315561502770123,"12","GHITM"
1.65336122570636e-08,0.488310836357571,0.37,0.138,0.000330870648488357,"12","CD2BP2"
1.68370757336334e-08,0.69204693538955,0.47,0.198,0.000336943559581471,"12","IFNAR1"
1.762290735563e-08,0.586701092967206,0.38,0.146,0.000352669622000867,"12","TADA3"
1.78281351903564e-08,0.682824575059224,0.25,0.081,0.000356776641429413,"12","SPIDR"
1.80495962620597e-08,0.895988887556807,0.28,0.097,0.000361208520396339,"12","YIPF3"
1.83371184903081e-08,0.70878562944758,0.33,0.121,0.000366962415228045,"12","HERC3"
1.96043661304657e-08,0.929832405507635,0.28,0.097,0.000392322575002879,"12","GSK3A"
2.04578318729887e-08,0.63896466530825,0.81,0.483,0.000409402131442249,"12","VAMP8"
2.11051891518821e-08,0.597880118146478,0.29,0.1,0.000422357045307464,"12","PSMD3"
2.11150932294402e-08,0.791630810019416,0.32,0.118,0.000422555245707557,"12","ABHD3"
2.17262381418948e-08,1.22407107364813,0.34,0.136,0.000434785477695598,"12","POLD4"
2.19810849522162e-08,0.671112610522615,0.31,0.11,0.00043988547206375,"12","PSMC2"
2.24831171458106e-08,0.890837260988422,0.33,0.122,0.000449932140321962,"12","GRAMD1A"
2.27495950966272e-08,0.411213536029393,0.96,0.955,0.000455264897073704,"12","PFDN5"
2.28250602862801e-08,0.723275049109818,0.36,0.139,0.000456775106449037,"12","SAMD4B"
2.28267187374342e-08,0.638628218298816,0.79,0.446,0.000456808295373534,"12","PTBP3"
2.30199113104845e-08,0.740298682394756,0.27,0.092,0.000460674465145416,"12","HGSNAT"
2.33225225798606e-08,0.860932941210032,0.28,0.098,0.00046673032186817,"12","DNAJC13"
2.41975568471275e-08,0.923144243766117,0.45,0.194,0.000484241507624716,"12","AZIN1"
2.50843668059275e-08,0.684352583092013,0.37,0.143,0.000501988348520221,"12","MED29"
2.53265715066675e-08,0.532015387358441,0.41,0.159,0.00050683534899143,"12","CLPTM1L"
2.55577621288694e-08,0.512303481944486,0.76,0.379,0.000511461935722934,"12","STK10"
2.81474068497545e-08,0.940154039076874,0.25,0.084,0.000563285905877287,"12","FAM102B"
3.06015681683647e-08,0.932030689585024,0.27,0.094,0.000612398582185314,"12","SPART"
3.14567365489182e-08,0.486146548000793,0.54,0.232,0.000629512211816952,"12","UFD1"
3.17819981443535e-08,0.635795775894108,0.51,0.225,0.000636021346864801,"12","HOOK3"
3.41346939602971e-08,0.681087109926532,0.41,0.168,0.000683103495533466,"12","AFTPH"
3.43700168325967e-08,0.560511462760647,0.35,0.131,0.000687812776853924,"12","TMEM131"
3.50249613756404e-08,0.818597407028405,0.41,0.172,0.000700919527049315,"12","TOR1AIP1"
3.5388880936793e-08,0.558864571888592,0.7,0.359,0.000708202285307102,"12","SERPINB1"
3.55207427915616e-08,0.680780911281795,0.26,0.088,0.000710841104744731,"12","RWDD4"
3.61380245728071e-08,0.513363345892456,0.7,0.338,0.000723194147751016,"12","LAMTOR1"
3.68814183637767e-08,0.664436259218804,0.5,0.221,0.000738070944295899,"12","BORCS7"
3.73614432724878e-08,0.580932389512123,0.92,0.664,0.000747677202769026,"12","ATP5MPL"
3.82039295754311e-08,0.568646452272388,0.68,0.335,0.000764537038663526,"12","USP3"
3.93158920974912e-08,0.609134732996801,0.32,0.118,0.000786789632654994,"12","IRF7"
4.0520687250023e-08,0.644157477186612,0.47,0.2,0.00081089999324746,"12","FUNDC2"
4.07945754954397e-08,0.757151802771564,0.38,0.153,0.00081638104481474,"12","MARK2"
4.11170346659162e-08,0.669216257249463,0.32,0.118,0.000822834097734315,"12","PEPD"
4.20487380470291e-08,0.685350535694827,0.67,0.33,0.000841479345797147,"12","COX5A"
4.22421124746108e-08,0.571360455062585,0.65,0.308,0.000845349154841912,"12","BCAP31"
4.48159420685101e-08,0.902993669207451,0.31,0.117,0.000896856632675025,"12","RAB3GAP1"
4.92961009790349e-08,0.690178038480545,0.34,0.13,0.000986513572792447,"12","HCFC1"
5.16467735245385e-08,0.445136487224509,0.53,0.227,0.00103355523177306,"12","CTDNEP1"
5.20297209760656e-08,0.576047863630575,0.45,0.188,0.00104121877617303,"12","PARP4"
5.34178890010395e-08,0.742275194229569,0.31,0.115,0.0010689987946888,"12","MVP"
5.47253764526801e-08,0.470083424968833,0.77,0.396,0.00109516423357103,"12","PHIP"
5.59115040932312e-08,0.457729397864155,0.6,0.272,0.00111890101991374,"12","TAOK1"
5.72536222875897e-08,0.557204034638562,0.63,0.3,0.00114575948921924,"12","EP300"
5.8272463965281e-08,0.530589778610804,0.29,0.102,0.0011661485488732,"12","STX5"
5.86964992166372e-08,0.562637487179496,0.65,0.308,0.00117463434232334,"12","PFDN2"
6.0434033999357e-08,0.651130953681207,0.47,0.206,0.00120940588839513,"12","GIMAP2"
6.2866555516905e-08,0.42495560061274,0.42,0.168,0.0012580855090043,"12","COPZ1"
6.83668099910051e-08,0.68415814052971,0.53,0.245,0.00136815660153999,"12","NBPF19"
6.87066310511852e-08,0.70590727325007,0.33,0.127,0.00137495710059632,"12","ATP6V1D"
6.87232803997517e-08,0.60434682748564,0.72,0.363,0.00137529028735983,"12","PSMB3"
7.07096270424756e-08,0.832313993109969,0.37,0.154,0.00141504105637402,"12","NIPSNAP2"
7.12027514726543e-08,0.501635561943019,0.54,0.244,0.00142490946247076,"12","FOSL2"
7.25735080919776e-08,0.523872794731476,0.9,0.586,0.00145234104393666,"12","PPP1R15A"
7.57212748059288e-08,0.663964649563808,0.9,0.66,0.00151533415141625,"12","COX5B"
7.79761513136634e-08,0.724685161866576,0.25,0.085,0.00156045874008903,"12","LRRC57"
7.95228449756991e-08,0.953697077018343,0.26,0.091,0.00159141117365369,"12","SQOR"
8.02969837288003e-08,0.587360096979461,0.6,0.289,0.00160690323838075,"12","PCGF5"
8.1060969714386e-08,0.534190889602133,0.4,0.161,0.00162219212592429,"12","PSMD2"
8.32942654849234e-08,0.599230240617157,0.32,0.121,0.00166688484088429,"12","CTSA"
8.63566971265328e-08,0.557616501224317,0.34,0.13,0.00172817022289617,"12","ATXN10"
8.6584138303536e-08,0.416386717300114,0.5,0.213,0.00173272177573036,"12","SASH3"
8.73005887580547e-08,0.561840543738885,0.66,0.329,0.00174705938222619,"12","TSPAN14"
8.81657504780975e-08,0.68009916516023,0.36,0.143,0.00176437299856769,"12","ARRDC2"
8.96903900038382e-08,0.716630248995149,0.54,0.258,0.00179488408475681,"12","SP3"
9.01536192365882e-08,0.649598736260457,0.3,0.112,0.0018041542281626,"12","B4GALT5"
9.23969525334911e-08,0.55814218660683,0.49,0.217,0.00184904781410022,"12","CHMP5"
9.32107468987198e-08,0.725050982463911,0.35,0.137,0.00186533346693718,"12","SCNM1"
9.55536016977732e-08,0.552972098907738,0.88,0.524,0.00191221867717584,"12","SEPT9"
9.7846083013664e-08,0.659945989081883,0.53,0.25,0.00195809581326944,"12","SERPINB6"
9.81331609306579e-08,0.456491738532705,0.57,0.25,0.00196384081654433,"12","RAB7A"
1.02754403430438e-07,0.728102625154853,0.32,0.123,0.00205632112144993,"12","C1orf123"
1.05094123625804e-07,0.427515767609841,0.34,0.129,0.00210314360199959,"12","SNX14"
1.05138933115256e-07,0.396244617397101,1,0.93,0.00210404032950251,"12","UBC"
1.05409751149921e-07,0.745246798458964,0.27,0.097,0.00210945994001221,"12","TNRC18"
1.06853122794348e-07,0.722237135351963,0.43,0.184,0.00213834469336049,"12","NDUFS4"
1.07089425993578e-07,0.610461798329562,0.39,0.16,0.00214307359298349,"12","CTNNBL1"
1.10931856367458e-07,0.511310497740077,0.51,0.225,0.00221996830962556,"12","PPP4C"
1.13824338399127e-07,0.509893712776009,0.5,0.216,0.00227785266004332,"12","RHEB"
1.13876760021725e-07,0.459854825043649,0.46,0.197,0.00227890172155476,"12","SERPINB9"
1.16130286276217e-07,0.804576904934494,0.28,0.102,0.00232399928895966,"12","EIF2AK4"
1.17452632286685e-07,0.897341401812018,0.28,0.105,0.00235046207732115,"12","L3MBTL3"
1.20776112222387e-07,0.602712424063269,0.79,0.443,0.00241697155779441,"12","UQCRQ"
1.22161375681884e-07,0.704318434434001,0.49,0.22,0.00244469345014586,"12","PPCS"
1.22540364744239e-07,0.600161780040881,0.35,0.137,0.00245227777926171,"12","HTATIP2"
1.27364160773524e-07,0.514474150000142,0.41,0.171,0.00254881158539977,"12","PAFAH1B2"
1.28678015132166e-07,0.723897165667215,0.39,0.164,0.00257510443882492,"12","ANKRD13A"
1.29328180609178e-07,0.963084073360438,0.41,0.177,0.00258811555035088,"12","MRPL23"
1.29483545663334e-07,0.745513622195804,0.29,0.108,0.00259122471581463,"12","LCORL"
1.30053519731277e-07,0.897796839228689,0.29,0.11,0.00260263103686231,"12","DGLUCY"
1.30585051660859e-07,0.770637577047205,0.29,0.109,0.0026132680538371,"12","BICD2"
1.31120702961951e-07,0.833882983514171,0.28,0.102,0.00262398750767456,"12","ALDH9A1"
1.32306577471653e-07,0.737003651044845,0.33,0.127,0.00264771922836271,"12","PHF5A"
1.34082473790542e-07,0.900737930917526,0.32,0.127,0.00268325846549633,"12","AKR1A1"
1.35950957824704e-07,0.660263144334365,0.27,0.097,0.00272065056798798,"12","EHD4"
1.36444538556546e-07,0.737021181920618,0.74,0.424,0.0027305281055936,"12","ABRACL"
1.38333526411571e-07,0.661255774047949,0.54,0.256,0.00276833053054837,"12","GPCPD1"
1.40434755602215e-07,0.351517439617271,0.93,0.585,0.00281038032911152,"12","FLNA"
1.45205922841285e-07,0.66628639302688,0.42,0.179,0.00290586092789979,"12","OXA1L"
1.56027959885563e-07,0.851758359801226,0.26,0.093,0.00312243153322989,"12","BCL2L13"
1.56050994570833e-07,0.914258332233736,0.28,0.105,0.00312289250335152,"12","SP1"
1.59533348087493e-07,0.890271237598174,0.27,0.098,0.00319258136192691,"12","RRP7A"
1.63701924682513e-07,0.542569440108223,0.31,0.117,0.00327600291674646,"12","HSH2D"
1.64398928026444e-07,0.533925354089161,0.78,0.43,0.00328995134766519,"12","PPP1CA"
1.66432196690991e-07,0.721899183802204,0.28,0.102,0.00333064112018011,"12","SLC38A10"
1.69892478751876e-07,0.610909930141265,0.34,0.135,0.00339988828478255,"12","ZFAND3"
1.70049641923242e-07,0.75737162748089,0.26,0.093,0.00340303343416792,"12","CASP10"
1.72395509867584e-07,0.560757757735579,0.3,0.112,0.0034499789434701,"12","ARHGAP1"
1.72456413372046e-07,0.440354412414116,0.74,0.363,0.00345119774440139,"12","SERINC1"
1.72980103352316e-07,0.840989789805888,0.41,0.175,0.00346167782828655,"12","COMT"
1.7540724872589e-07,0.624347447372166,0.39,0.161,0.0035102498615025,"12","NUS1"
1.76609350033274e-07,0.920293841854234,0.25,0.088,0.00353430631286589,"12","FAM207A"
1.77175454973977e-07,0.711490512913788,0.28,0.103,0.00354563520493922,"12","SEC13"
1.7739375723913e-07,0.523870314151631,0.91,0.71,0.00355000386986948,"12","STK17B"
1.77942441892398e-07,0.508771247930309,0.38,0.155,0.00356098414715067,"12","SMARCA4"
1.82696153760986e-07,0.90755328944279,0.26,0.094,0.00365611542906485,"12","EXOC3"
1.85200888846992e-07,0.465494323375377,0.28,0.104,0.00370624018760601,"12","HLA-DMB"
1.85477831760039e-07,0.605061110257322,0.36,0.146,0.0037117823691819,"12","LPCAT1"
1.86840834137669e-07,0.738653771898816,0.38,0.158,0.00373905877276304,"12","PGGT1B"
1.89893065938307e-07,0.662654122205158,0.62,0.313,0.0038001400355574,"12","SRI"
1.92930718290185e-07,0.280640803885086,1,0.999,0.00386092953442319,"12","MT-CYB"
1.95344224573901e-07,0.649774093130523,0.47,0.211,0.00390922862217291,"12","PER1"
1.99870866524066e-07,0.61992073199316,0.5,0.224,0.0039998157808796,"12","PSMB10"
2.01103816266368e-07,0.722324358555895,0.32,0.125,0.00402448957112256,"12","ZDHHC5"
2.01319313442028e-07,0.471773231263837,0.83,0.479,0.00402880210060186,"12","PRKCB"
2.03187234593116e-07,0.672215617203955,0.41,0.177,0.00406618293867744,"12","TMEM167B"
2.05026766453287e-07,0.616528275522849,0.32,0.124,0.00410299565026317,"12","ADIPOR1"
2.05835695155088e-07,0.780991495516709,0.82,0.578,0.00411918393144362,"12","ANXA1"
2.14714512836167e-07,0.673466216487161,0.29,0.107,0.00429686683087738,"12","CENPB"
2.15201942044274e-07,0.760254283943039,0.26,0.094,0.00430662126419001,"12","RNF20"
2.19749428431726e-07,0.888862598965876,0.25,0.089,0.0043976255617757,"12","IVD"
2.21519520060554e-07,0.813615353892446,0.34,0.139,0.0044330486354518,"12","ATXN3"
2.2165193680479e-07,0.770510622565683,0.38,0.161,0.00443569855933745,"12","KCMF1"
2.25600178316299e-07,0.497335365603549,0.32,0.124,0.00451471076846577,"12","ZFYVE16"
2.31078601586887e-07,0.634326464539214,0.56,0.261,0.00462434497495678,"12","LARP1"
2.45851598190683e-07,0.476927997342731,0.87,0.557,0.00491998218299194,"12","PARK7"
2.50007746283032e-07,0.505279672261574,0.42,0.177,0.00500315501861603,"12","LRPPRC"
2.52754357665808e-07,0.582802570306901,0.79,0.403,0.00505812020560814,"12","ATP5F1C"
2.57605689890639e-07,0.806179643371236,0.39,0.17,0.00515520506609146,"12","TXNDC17"
2.65628021800524e-07,0.405627942124213,0.42,0.18,0.00531574797227208,"12","PPP1R14B"
2.84679851692005e-07,1.20889069627795,0.26,0.095,0.0056970131920604,"12","ECI1"
2.86138597260788e-07,0.442183043607575,0.85,0.506,0.00572620560838288,"12","FAM49B"
2.86272871852233e-07,0.639637714860852,0.48,0.223,0.00572889271150689,"12","EPSTI1"
2.92590047301644e-07,0.526892481110288,0.51,0.234,0.0058553120266005,"12","TCP1"
2.95461619836956e-07,0.617781003846844,0.32,0.125,0.00591277793617717,"12","PBX2"
2.98114379848613e-07,0.384117625230243,0.48,0.211,0.00596586496953044,"12","XIAP"
2.99725126051698e-07,0.670934865983851,0.49,0.228,0.00599809922254657,"12","RNF181"
3.05783497633882e-07,0.520322581833947,0.4,0.167,0.00611933935464926,"12","DNM2"
3.08539932047935e-07,0.3946861013495,0.5,0.221,0.00617450112014328,"12","CLIP1"
3.13940836882409e-07,1.1314497917289,0.25,0.091,0.00628258402769077,"12","C3orf58"
3.13976415533546e-07,0.544302030866818,0.73,0.377,0.00628329602765731,"12","ATP5F1A"
3.17179724707017e-07,0.558859848149387,0.77,0.41,0.00634740065083683,"12","ARPC4"
3.23709399285832e-07,0.543767675888428,0.71,0.37,0.00647807249850807,"12","ANP32A"
3.24972621035258e-07,0.485055811564439,0.52,0.241,0.00650335209215758,"12","SCFD1"
3.3185715508921e-07,0.612709993018193,0.36,0.148,0.00664112538764527,"12","ZNF281"
3.46391476613306e-07,0.271993373141936,0.68,0.328,0.00693198622998548,"12","MAPK1"
3.47493301466884e-07,0.681785607607084,0.25,0.09,0.00695403594895527,"12","YWHAG"
3.49845407532356e-07,0.494050082758762,0.95,0.786,0.00700110629553752,"12","NDUFA4"
3.51981872093177e-07,0.683114186722976,0.26,0.095,0.00704386122432865,"12","TSG101"
3.57821694940696e-07,0.516686721921998,0.6,0.284,0.00716072775915322,"12","UBL3"
3.57962019137403e-07,0.35541613399095,0.65,0.31,0.00716353592697772,"12","ARID4A"
3.60839331969842e-07,0.431901298298256,0.54,0.247,0.00722111671138048,"12","ARHGAP4"
3.63819713022906e-07,0.426346486134306,0.97,0.8,0.00728076009701439,"12","MYL12B"
3.65822591774645e-07,0.526537926514737,0.87,0.569,0.00732084170659419,"12","TBCA"
3.77823206054728e-07,0.48625765638193,0.57,0.268,0.00756099799956722,"12","CSNK2A1"
3.91308161873383e-07,0.529258148781014,0.89,0.63,0.00783085893541013,"12","DAZAP2"
3.96450654971403e-07,0.599332051524645,0.58,0.274,0.00793377050728772,"12","TMEM219"
4.12169253838357e-07,0.675549640453345,0.4,0.177,0.0082483311078132,"12","DDX60L"
4.61487711600483e-07,0.620548184678215,0.36,0.149,0.00923529208454887,"12","CYC1"
4.66040930291456e-07,0.55392839870237,0.43,0.187,0.00932641109699262,"12","HDGF"
4.7099781053106e-07,0.58471832042961,0.27,0.099,0.00942560818434757,"12","UBXN6"
4.71082836517311e-07,0.485835685693834,0.44,0.192,0.00942730972438444,"12","CDK2AP2"
4.71737418461515e-07,0.567708620961947,0.3,0.115,0.00944040921825184,"12","UBE2W"
4.93916235910774e-07,0.661059414516963,0.39,0.167,0.00988425171304641,"12","FIBP"
4.94538903605957e-07,0.641509506241211,0.65,0.334,0.0098967125389624,"12","FAM204A"
4.95864000971125e-07,0.372291360798172,0.6,0.276,0.00992323038743415,"12","LRPAP1"
5.03324462775012e-07,0.506512964415121,0.94,0.723,0.0100725291490535,"12","KLF6"
5.1852718763179e-07,0.773151531678782,0.31,0.124,0.0103767660788874,"12","CCDC115"
5.31244088053384e-07,0.430423697091726,0.32,0.126,0.0106312566901243,"12","STARD3NL"
5.48805436428879e-07,0.684652422488228,0.28,0.106,0.0109826943938147,"12","GRHPR"
5.63523824714807e-07,0.465769585150462,0.84,0.438,0.0112772387801927,"12","BRK1"
5.63532011721435e-07,0.596049631847173,0.72,0.396,0.0112774026185694,"12","VPS28"
5.71362621215599e-07,0.685991852072738,0.5,0.237,0.0114341087757666,"12","PTK2B"
5.74011798981644e-07,0.264980323174419,0.65,0.303,0.0114871241212207,"12","MXD4"
5.81879661787355e-07,0.496491100409263,0.33,0.132,0.0116445757916885,"12","NOC2L"
5.82678703731077e-07,0.608630997887669,0.56,0.27,0.0116605662190663,"12","SNRPC"
5.87237635185645e-07,0.407046701838131,0.96,0.813,0.0117517995553351,"12","ATP5MC2"
6.0460676509777e-07,0.539918128348875,0.27,0.107,0.0120993905831366,"12","SGK1"
6.15676186699332e-07,0.533932847364902,0.29,0.111,0.012320911848227,"12","HGS"
6.16218682081282e-07,0.587814961210659,0.78,0.447,0.0123317682658106,"12","ATP5PD"
6.37118402480041e-07,0.681154132130149,0.33,0.136,0.0127500134704306,"12","SERTAD2"
6.51841201904091e-07,0.519623290705807,0.87,0.577,0.0130446461325047,"12","PCBP1"
6.71882951941427e-07,0.344230143249299,0.77,0.388,0.0134457216342518,"12","ARHGAP30"
6.82405383534146e-07,0.47927272844736,0.29,0.111,0.0136562965352853,"12","IMPAD1"
6.90469489805778e-07,0.477759149220314,0.8,0.43,0.0138176754299932,"12","WDR83OS"
6.98797877562995e-07,0.532256908107618,0.44,0.199,0.0139843431257907,"12","MAP4"
7.08687309280975e-07,0.837555469202422,0.28,0.108,0.0141822504333309,"12","WASHC1"
7.22694935229029e-07,0.702065434900845,0.44,0.201,0.0144625710438033,"12","MRPL47"
7.22782031781222e-07,0.689246768610388,0.39,0.174,0.0144643140200058,"12","PDLIM2"
7.63784497204156e-07,0.800427350559101,0.5,0.237,0.0152848553580496,"12","PKN2"
7.64828749666435e-07,0.773800853715296,0.27,0.104,0.0153057529383247,"12","ING1"
7.73443388668582e-07,0.304948915022833,0.39,0.162,0.0154781490940357,"12","ZNF217"
7.77447956901156e-07,0.543985136872809,0.67,0.351,0.0155582885135059,"12","PRDX5"
8.02125168730683e-07,0.80020645511277,0.38,0.164,0.0160521288766384,"12","MAPK14"
8.08191886969567e-07,0.713661377975654,0.32,0.129,0.016173536042035,"12","CCDC88B"
8.14322956399494e-07,0.540077865019917,0.48,0.218,0.0162962310034667,"12","PCMT1"
8.14524386827387e-07,0.330471337501754,0.58,0.274,0.0163002620291897,"12","SPEN"
8.22446355019935e-07,0.530944551492183,0.76,0.468,0.0164587964566589,"12","PSMB8"
8.28598665236768e-07,0.565596582662007,0.6,0.297,0.0165819164887182,"12","PDCD5"
8.42864397165854e-07,0.515047225528388,0.79,0.477,0.0168674023160831,"12","KLF3"
8.48342792902912e-07,0.418150852655884,0.46,0.204,0.0169770359715731,"12","TMEM9B"
8.50159896481628e-07,0.387154644786525,0.47,0.204,0.0170133998483903,"12","KDELR2"
8.51426760872798e-07,0.536045110703967,0.33,0.135,0.0170387523385864,"12","OPA1"
8.61094254789307e-07,0.595434859217727,0.36,0.153,0.0172322182268436,"12","WDFY1"
8.6426638223891e-07,0.534852693715762,0.45,0.198,0.0172956988413651,"12","RBM7"
8.77160382328768e-07,0.451949401204941,0.34,0.139,0.0175537335711633,"12","AVL9"
8.84180927140932e-07,0.538141773766935,0.58,0.297,0.0176942287139443,"12","ARAP2"
8.84304645509815e-07,0.703670991221036,0.31,0.127,0.0176967045659424,"12","NOL4L"
8.90970138334168e-07,0.533394011243836,0.51,0.238,0.0178300944083434,"12","MAPRE1"
8.9230909061655e-07,0.521031047524213,0.35,0.145,0.0178568895214184,"12","PSMF1"
9.32373788842256e-07,0.548961395935629,0.46,0.21,0.0186586642623112,"12","GRK6"
9.62226238687691e-07,0.769525608110502,0.36,0.157,0.0192560714886181,"12","MARCKSL1"
9.67420854758316e-07,0.472298110290677,0.91,0.641,0.0193600261454234,"12","ATP6V0E1"
9.68134041379187e-07,0.644916872455653,0.61,0.315,0.0193742984360803,"12","BUD31"
9.71722909470785e-07,0.677526930533203,0.33,0.138,0.0194461188643293,"12","BCL10"
9.74720908430982e-07,0.422278817030215,0.77,0.413,0.0195061148195208,"12","ITGA4"
9.82344553923653e-07,0.556684951684856,0.35,0.147,0.0196586792131201,"12","SNX13"
9.87763804527475e-07,0.392015886362698,0.47,0.208,0.0197671292562038,"12","RNF114"
9.93548592509441e-07,0.444235052322363,0.39,0.165,0.0198828944332989,"12","NUDT1"
1.06710525060727e-06,0.373004990168498,0.51,0.238,0.0213549102751527,"12","NFAT5"
1.06806195976361e-06,0.618556176691625,0.27,0.104,0.0213740559387894,"12","SND1"
1.0891923820644e-06,0.813730518694864,0.26,0.1,0.0217969179498727,"12","ANKFY1"
1.1190297861674e-06,0.55249651885206,0.45,0.21,0.0223940240807821,"12","NARS"
1.1647884339272e-06,0.496684297900647,0.4,0.174,0.0233097461397511,"12","WASHC3"
1.16842455444299e-06,0.412377440176697,0.5,0.228,0.0233825121835132,"12","RTF2"
1.17592308401804e-06,0.607367015897911,0.27,0.103,0.023532572757369,"12","MRPL27"
1.32185323953316e-06,0.251830199143602,0.34,0.137,0.0264529270295375,"12","AKAP11"
1.33593677698052e-06,0.765702032638807,0.3,0.121,0.0267347667809341,"12","SCAF4"
1.35799553180327e-06,0.415788262280895,0.42,0.185,0.027176206582447,"12","HIST2H2AC"
1.37405954125924e-06,0.740307524767759,0.28,0.111,0.02749767953968,"12","NFKB2"
1.38258598303409e-06,0.458607792090274,0.33,0.136,0.0276683106924782,"12","WIPF2"
1.39525342834901e-06,0.772571475244272,0.3,0.123,0.0279218116081204,"12","SPINT2"
1.39860344128273e-06,0.609284067398773,0.44,0.202,0.02798885206695,"12","KCNAB2"
1.40421726069206e-06,0.266552827445425,0.99,0.993,0.0281011958209696,"12","MT-ND5"
1.44063330376198e-06,0.661760833921412,0.36,0.156,0.0288299536748848,"12","AHSA1"
1.47300332509204e-06,0.514812467679163,0.89,0.556,0.0294777425417418,"12","UBXN1"
1.4815574278515e-06,0.548852228881214,0.4,0.177,0.0296489272461642,"12","NCOA2"
1.48956621437435e-06,0.409142924889538,0.28,0.108,0.0298091990820595,"12","RAB5B"
1.54451285716561e-06,0.712639866629245,0.33,0.138,0.0309087912975983,"12","RNF187"
1.57769126185592e-06,0.495786376440195,0.54,0.266,0.0315727575322606,"12","VDAC1"
1.59416145506519e-06,0.785740254013543,0.27,0.108,0.0319023590387646,"12","IL6R"
1.60075321842257e-06,0.434607122322681,0.54,0.255,0.0320342734070724,"12","ETFB"
1.66563264825115e-06,0.444158805222819,0.35,0.147,0.033332640556802,"12","RPAP3"
1.67126487626845e-06,0.54367969415684,0.26,0.099,0.0334453527038843,"12","RHOT1"
1.69905440317031e-06,0.486759718896072,0.43,0.194,0.0340014767162442,"12","FAM13B"
1.72723695945898e-06,0.523368364626491,0.55,0.271,0.0345654660326931,"12","MRPL51"
1.73839064387948e-06,0.352022219441799,0.44,0.195,0.0347886735653162,"12","SCAMP2"
1.75397746304817e-06,0.513217398921681,0.4,0.179,0.03510059699052,"12","CSRNP1"
1.75974271288126e-06,0.503222990403121,0.89,0.628,0.0352159711701798,"12","ATP5MD"
1.76304333465716e-06,0.456515223966152,0.38,0.162,0.035282023213159,"12","MRPS12"
1.77462449579835e-06,0.831403010464761,0.25,0.097,0.0355137854099166,"12","ZNF580"
1.77865346562278e-06,0.98995446762922,0.55,0.279,0.0355944131540431,"12","HAX1"
1.8016471254878e-06,0.397036637481415,0.78,0.408,0.0360545622752619,"12","PRPF40A"
1.82540714610546e-06,0.543638759004148,0.47,0.24,0.0365300478078625,"12","AC103591.3"
1.83545007770292e-06,0.92967662998004,0.28,0.113,0.0367310269549908,"12","TECPR1"
1.854990762995e-06,0.494639785874278,0.28,0.109,0.037122075149056,"12","DUSP23"
1.87301248910643e-06,0.586618520858466,0.46,0.219,0.0374827259319979,"12","MRPS18C"
1.91454105080702e-06,0.375077368892639,0.54,0.254,0.03831379550875,"12","RALY"
1.93487995248098e-06,0.417663696025557,0.94,0.849,0.0387208176090494,"12","CD48"
1.95583990292292e-06,0.369411406652574,0.71,0.36,0.0391402681372934,"12","CD46"
1.97884175223706e-06,0.541339788014586,0.31,0.127,0.039600581145768,"12","GTF2F2"
1.99954077162445e-06,0.487975932653323,0.58,0.292,0.0400148099217486,"12","LAMP1"
2.03934530773608e-06,0.427399211276421,0.34,0.142,0.0408113782984145,"12","HNRNPH2"
2.06078168285551e-06,0.459335757748237,0.72,0.401,0.0412403630373044,"12","NUFIP2"
2.08409011448474e-06,0.420801718600511,0.37,0.159,0.0417068113710686,"12","YTHDF3"
2.09209212509442e-06,0.559913500783101,0.36,0.158,0.0418669476073896,"12","DCAF7"
2.10887026041995e-06,0.335310686041161,0.98,0.919,0.042202711651524,"12","PABPC1"
2.24044969288073e-06,0.728602037587312,0.28,0.111,0.0448358792539292,"12","HPRT1"
2.31065663491847e-06,0.521696679961728,0.42,0.193,0.0462408605779885,"12","LASP1"
2.42596325628064e-06,0.600234245317912,0.33,0.14,0.0485483766846881,"12","SKA2"
2.48138268665876e-06,0.49771768168424,0.48,0.228,0.0496574303254151,"12","HSD17B11"
2.50773960974726e-06,0.460843348443714,0.89,0.59,0.0501848850702622,"12","NDUFS5"
2.54654164111301e-06,0.654723199597149,0.47,0.231,0.0509613913219535,"12","MYO9B"
2.57398310643531e-06,0.544511515215115,0.28,0.111,0.0515105499259834,"12","MRPL16"
2.57724632790612e-06,0.455265026930633,0.26,0.1,0.0515758535140574,"12","QARS"
2.67573340329008e-06,0.481912396051606,0.3,0.123,0.0535467768666411,"12","EXOC1"
2.70651102152186e-06,0.375038043293244,0.72,0.381,0.0541626985626955,"12","BAX"
2.75140968120091e-06,0.466851994729588,0.37,0.16,0.0550612105401926,"12","PDCL3"
2.8297152945278e-06,0.336671912039722,0.65,0.321,0.0566282624740904,"12","KRAS"
2.92944543156537e-06,0.481311234478225,0.34,0.145,0.0586240619764862,"12","DPM1"
2.94898177388703e-06,0.386219967443514,0.72,0.378,0.0590150232590272,"12","RAB2A"
2.95669215044647e-06,0.439886439770145,0.45,0.208,0.0591693233147348,"12","GTF2H5"
2.9620925880991e-06,0.395247798672447,0.94,0.709,0.0592773968730391,"12","RBM3"
3.09183467273044e-06,0.526717028397849,0.26,0.102,0.0618737954706816,"12","ANO6"
3.22629464344359e-06,0.343165255394388,0.39,0.171,0.0645646084045932,"12","RNF168"
3.24631824577537e-06,0.54803998058725,0.26,0.101,0.0649653207344567,"12","KIAA2013"
3.24906803816916e-06,0.531967694055423,0.88,0.578,0.0650203495798412,"12","CYTIP"
3.26965432440041e-06,0.464446826051908,0.9,0.668,0.0654323223399009,"12","ARL6IP5"
3.279058276906e-06,0.565790235209545,0.39,0.175,0.0656205142374429,"12","SOS2"
3.32781710521424e-06,0.510702531098664,0.7,0.393,0.0665962759095473,"12","TES"
3.4312785193169e-06,0.511531670208647,0.4,0.181,0.0686667457285699,"12","KARS"
3.43643518152525e-06,0.754571332001838,0.28,0.115,0.0687699408526834,"12","MRPS18B"
3.52171866224715e-06,0.466373205439179,0.87,0.59,0.07047663386889,"12","COX6A1"
3.61113979585603e-06,0.366812433087373,0.71,0.367,0.0722661295946709,"12","PJA2"
3.70819380535181e-06,0.602321848582563,0.25,0.097,0.0742083744327005,"12","PDHA1"
3.87631569953584e-06,0.641414713727845,0.26,0.103,0.0775728297791112,"12","CYB561A3"
3.91974741376089e-06,0.589779244522098,0.31,0.129,0.0784419852441829,"12","AL139246.5"
3.92750223832117e-06,0.363765898227918,0.62,0.3,0.0785971747932832,"12","SSNA1"
3.9336582362548e-06,0.497765236301214,0.74,0.414,0.0787203686239311,"12","NDUFA2"
4.08063581303075e-06,0.288888934875546,0.52,0.242,0.0816616838903714,"12","WAPL"
4.18471433127898e-06,0.497800282431244,0.47,0.231,0.083744503197555,"12","SMAD2"
4.31931558031451e-06,0.454463399946475,0.76,0.42,0.086438143393254,"12","SEM1"
4.32736288846769e-06,0.492452708032179,0.53,0.268,0.0865991861240154,"12","COPA"
4.34748954059039e-06,0.408370275031579,0.41,0.184,0.0870019606862948,"12","MTREX"
4.35143934862658e-06,0.424175236709379,0.91,0.666,0.0870810042447152,"12","TMBIM6"
4.374312616795e-06,0.525374668471189,0.48,0.234,0.0875387440873014,"12","RAB11A"
4.44166200375129e-06,0.697798605928874,0.28,0.114,0.0888865400190708,"12","CDIPT"
4.46972465772966e-06,0.465214924477049,0.85,0.509,0.0894481298504859,"12","PET100"
4.71017905234739e-06,0.650758243250974,0.25,0.099,0.0942601031955759,"12","COA6"
4.75433876023779e-06,0.61671257744107,0.25,0.098,0.0951438272698786,"12","DAP"
4.77563523149094e-06,0.438093745168991,0.6,0.304,0.0955700122525966,"12","TRIM44"
4.78008486815007e-06,0.623040470580069,0.34,0.151,0.0956590583814192,"12","ASXL2"
4.81479252667505e-06,0.540258067405046,0.49,0.239,0.0963536280438211,"12","TMED5"
4.81904742177797e-06,0.509023637303049,0.33,0.141,0.0964387770046207,"12","FBXL15"
4.87080816036212e-06,0.427908820963818,0.77,0.42,0.0974746129051667,"12","COPE"
4.94479679158388e-06,0.324574628003577,0.47,0.215,0.0989552733931767,"12","FAM162A"
5.03403324669804e-06,0.369288637799659,0.49,0.233,0.100741073332921,"12","ZDHHC20"
5.25136114726266e-06,0.656477745720438,0.27,0.111,0.10509023927902,"12","ZNF330"
5.31591884289639e-06,0.512426291339258,0.34,0.148,0.106382167884043,"12","TMEM141"
5.48585003934399e-06,0.30044569951214,0.47,0.22,0.109782830987352,"12","IST1"
5.64679990566752e-06,0.617740339445188,0.51,0.27,0.113003759712218,"12","CHMP3"
5.75006041958481e-06,0.543127621469572,0.31,0.133,0.115070209116731,"12","OSTM1"
5.76134104268711e-06,0.453693958302187,0.33,0.142,0.115295956946254,"12","U2AF1"
5.97225284693081e-06,0.624750964224575,0.26,0.105,0.119516723972779,"12","PLPBP"
6.2746681146475e-06,0.493726686427676,0.48,0.235,0.125568658310326,"12","SMC1A"
6.47367713835223e-06,0.441666471342139,0.41,0.188,0.129551226892705,"12","RAB5A"
6.48712745832114e-06,0.739569230568303,0.26,0.106,0.129820394695923,"12","SLC36A4"
6.52789297839185e-06,0.578949720045479,0.35,0.156,0.130636194283578,"12","UBE2E3"
6.57970550754783e-06,0.602136510684731,0.35,0.159,0.131673066617047,"12","ARL8B"
6.68659856861709e-06,0.458182725893293,0.84,0.508,0.133812210555165,"12","MINOS1"
6.77023340212024e-06,0.291606441437586,0.3,0.124,0.13548591084323,"12","STX4"
6.79296033267995e-06,0.555437114071568,0.47,0.234,0.135940722177591,"12","UQCRC2"
7.19767995494003e-06,0.603711030152518,0.39,0.184,0.14403997125826,"12","AP3S1"
7.27072670536622e-06,0.380406274866804,0.32,0.136,0.145501782827789,"12","SRFBP1"
7.27937370048615e-06,0.72760846906228,0.29,0.125,0.145674826494129,"12","RREB1"
7.28257029880552e-06,0.50165258543311,0.35,0.155,0.145738796819696,"12","NDUFA7"
7.31096716810598e-06,0.45884229068273,0.31,0.131,0.146307074968137,"12","UQCC2"
7.4234919711369e-06,0.645244835793085,0.28,0.117,0.148558921326392,"12","MPHOSPH6"
7.48638425318582e-06,0.419055017113151,0.3,0.127,0.149817521674755,"12","AZI2"
7.63176009432875e-06,0.395943438373415,0.62,0.317,0.152726783007707,"12","PSMB6"
7.76585878425884e-06,0.530800336515968,0.54,0.279,0.155410365990588,"12","MDH2"
7.7889581910906e-06,0.310249608217842,0.38,0.169,0.155872631320105,"12","TMEM134"
7.80141490386299e-06,0.312970234894142,0.67,0.343,0.156121915056106,"12","COX17"
7.82952727074182e-06,0.543880970495642,0.31,0.135,0.156684499742085,"12","KIAA0232"
8.01271490291633e-06,0.438176512385826,0.59,0.304,0.160350450637162,"12","WDR26"
8.064936649399e-06,0.401747817608833,0.66,0.335,0.161395512227773,"12","CCDC12"
8.06789809337793e-06,0.385294475079248,0.45,0.21,0.161454776644679,"12","RAB1B"
8.23133148131205e-06,0.695724082772097,0.31,0.136,0.164725405604017,"12","NXF1"
8.28661768137451e-06,0.343393567470445,0.63,0.319,0.165831793039667,"12","NFE2L2"
8.36553064087475e-06,0.436022380011817,0.42,0.195,0.167410999185186,"12","PGP"
8.41785424698926e-06,0.818301455132131,0.37,0.172,0.168458099190749,"12","RAF1"
8.42331376182948e-06,0.419940216207116,0.27,0.11,0.168567355001731,"12","DLD"
8.54682752504665e-06,0.465385685734918,0.29,0.121,0.171039112431234,"12","TIMMDC1"
8.75355154694724e-06,0.683419006891061,0.26,0.106,0.175176073557508,"12","COG2"
8.79799414454929e-06,0.446782883601879,0.56,0.286,0.17606545882072,"12","CCT8"
8.80847598216938e-06,0.671715500621948,0.42,0.202,0.176275221355174,"12","ZBTB11"
9.08219367534713e-06,0.44440460444647,0.53,0.263,0.181752859831047,"12","MKNK2"
9.29591110754302e-06,0.352172194280366,0.38,0.17,0.186029773084151,"12","GOLPH3"
9.35370627086485e-06,0.296610109697324,0.4,0.181,0.187186369892547,"12","EPC2"
9.39032568214593e-06,0.363978521087878,0.39,0.178,0.187919197551104,"12","FBXL3"
9.48452475824091e-06,0.451973047981723,0.35,0.158,0.189804309461917,"12","TSC22D2"
9.52897443151635e-06,0.685914486258764,0.25,0.102,0.190693836323505,"12","SCO1"
9.53616338783547e-06,0.646250179848378,0.32,0.141,0.190837701717363,"12","CCDC90B"
9.71712664576962e-06,0.479723815041271,0.42,0.201,0.194459138435142,"12","DYNC1LI2"
9.93603884591465e-06,0.472359687781779,0.32,0.139,0.198840009384444,"12","ARL8A"
1.00119169776924e-05,0.494887660542199,0.57,0.304,0.200358482557581,"12","KPNA4"
1.00874953155028e-05,0.39028813785932,0.38,0.173,0.201870956253842,"12","EIF4A3"
1.01447404277089e-05,0.474356377069777,0.49,0.247,0.20301654543931,"12","KIDINS220"
1.03472698846918e-05,0.372289761571276,0.54,0.271,0.207069564932453,"12","PNPLA8"
1.03548695731259e-05,0.44627598770936,0.3,0.128,0.207221649897396,"12","NAPG"
1.07170477747776e-05,0.396563666042313,0.29,0.122,0.214469560068848,"12","TOB2"
1.09336363764978e-05,0.373107697075297,0.95,0.786,0.218803931166474,"12","SUMO2"
1.11411836407616e-05,0.59244380697354,0.25,0.102,0.22295736701892,"12","NT5C2"
1.11581005592942e-05,0.652626169241775,0.26,0.108,0.223295908392596,"12","UPF1"
1.13009733939684e-05,0.405177236971844,0.5,0.246,0.226155079560096,"12","TXNL1"
1.14257159922193e-05,0.416080238869088,0.43,0.204,0.228651428436293,"12","TXNDC12"
1.14500325338884e-05,0.364710380046166,0.39,0.175,0.229138051068175,"12","NUTF2"
1.17275378512804e-05,0.466171069471472,0.29,0.124,0.234691487479824,"12","OXSR1"
1.18076679065382e-05,0.417369502956183,0.27,0.111,0.236295050145642,"12","VTA1"
1.19194876762041e-05,0.414916104725499,0.62,0.329,0.238532787376196,"12","RCSD1"
1.2092243422579e-05,0.823485681188482,0.27,0.116,0.24198997537265,"12","EXOC6"
1.2145279790321e-05,0.54977860408308,0.31,0.139,0.243051339163904,"12","PLSCR1"
1.25863207371957e-05,0.688989236976261,0.31,0.14,0.25187745059276,"12","EXOSC1"
1.26303729051092e-05,0.379335120149412,0.28,0.116,0.252759022577044,"12","MRPL13"
1.26567566696156e-05,0.344796019199795,0.33,0.145,0.253287014472348,"12","RLIM"
1.29401609791913e-05,0.595733250190136,0.25,0.102,0.258958501515576,"12","GMPR2"
1.30236663928862e-05,0.314560369178257,0.41,0.193,0.260629611854439,"12","BROX"
1.30677186196415e-05,0.683625897509379,0.27,0.114,0.261511185016266,"12","ZDHHC12"
1.345016381471e-05,0.311048444420711,0.28,0.116,0.269164678259976,"12","TSSC4"
1.34558035538301e-05,0.426068006335154,0.3,0.129,0.269277540719249,"12","APOPT1"
1.34846445132286e-05,0.554745278689234,0.38,0.18,0.269854705998731,"12","CORO7"
1.35556704063955e-05,0.341775622872285,0.41,0.192,0.271276076172787,"12","GIT2"
1.35834838175253e-05,0.314891039276417,0.36,0.162,0.271832678156316,"12","GLO1"
1.37628740861651e-05,0.418765811497277,0.27,0.113,0.275422636212335,"12","EDEM3"
1.42032407499659e-05,0.588485208107307,0.33,0.15,0.284235253888318,"12","PPP3R1"
1.42984055511164e-05,0.553673371107964,0.54,0.281,0.286139691888941,"12","CARD8"
1.4365401006744e-05,0.440732812972186,0.35,0.159,0.287480404946961,"12","ATF6"
1.43875433125107e-05,0.463128686318225,0.75,0.439,0.287923516769964,"12","UCP2"
1.44879896044614e-05,0.391711885247108,0.38,0.174,0.289933647964482,"12","CENPX"
1.45037402934367e-05,0.379199267044971,0.42,0.197,0.290248850752255,"12","PUF60"
1.46407830907691e-05,0.573590822203186,0.25,0.104,0.292991351212471,"12","GRASP"
1.47121772111625e-05,0.390137688809528,0.59,0.314,0.294420090349783,"12","NDUFA6"
1.51176530986952e-05,0.402797621783364,0.3,0.13,0.302534473811088,"12","NSF"
1.51239994090613e-05,0.554507827229674,0.61,0.339,0.302661476174134,"12","VDAC2"
1.51690271799065e-05,0.396141294952886,0.86,0.507,0.30356257192429,"12","TAX1BP1"
1.55701641404438e-05,0.464949412451007,0.27,0.113,0.311590124778561,"12","CEBPG"
1.56996001070553e-05,0.400275052142113,0.27,0.114,0.31418039734239,"12","UVSSA"
1.57541179437448e-05,0.445994163986287,0.27,0.112,0.315271408290221,"12","SVBP"
1.58393049987104e-05,0.41776599785289,0.29,0.123,0.316976171634193,"12","UBE2E1"
1.60314194572742e-05,0.597102730867861,0.29,0.126,0.32082076617897,"12","SLC9A9"
1.64005624077035e-05,0.306974051564356,0.34,0.152,0.328208054902962,"12","SLC30A7"
1.64195972534031e-05,0.534713457008818,0.37,0.176,0.328588980235104,"12","ETFA"
1.68106718339001e-05,0.535034694673364,0.56,0.31,0.336415164740008,"12","NDUFC1"
1.69926978510482e-05,0.403231437157523,0.54,0.279,0.340057869395176,"12","AP2M1"
1.71717772547986e-05,0.435932725875338,0.26,0.108,0.343641606423029,"12","GOSR2"
1.73707487638453e-05,0.515119797237135,0.32,0.142,0.347623424262071,"12","PARL"
1.74723302253099e-05,0.710533275505989,0.39,0.188,0.349656272468902,"12","PELI1"
1.78968129775914e-05,0.445012648835703,0.26,0.106,0.358151021307559,"12","DNPH1"
1.8028462728692e-05,0.823751778697579,0.28,0.123,0.360785596126584,"12","LARP4B"
1.81796717704241e-05,0.504651351779325,0.26,0.109,0.363811591469728,"12","MAPK6"
1.84081381651158e-05,0.504428766783104,0.27,0.114,0.368383660960297,"12","GOLT1B"
1.87532113438138e-05,0.471670254832423,0.37,0.169,0.375289265412402,"12","TMEM131L"
1.96160981449367e-05,0.381431345988687,0.85,0.514,0.392557356076473,"12","CBX3"
1.99388457140515e-05,0.419498878255708,0.82,0.53,0.399016180429598,"12","PAPOLA"
2.0070317649612e-05,0.365488637062508,0.65,0.348,0.401647196804035,"12","MAP3K2"
2.01704345630382e-05,0.626776125999818,0.27,0.115,0.403650736475521,"12","CEP63"
2.06778723039758e-05,0.396785149606575,0.87,0.531,0.413805580547163,"12","TLE4"
2.20029594377724e-05,0.30626479094039,0.65,0.347,0.440323224268702,"12","UHMK1"
2.27388645588356e-05,0.289478216062744,0.44,0.207,0.455050157551417,"12","SUCLG1"
2.29312058719344e-05,0.311200820651036,0.64,0.338,0.458899291909152,"12","DNAJC7"
2.32657946193093e-05,0.325780598327652,0.33,0.147,0.465595081921618,"12","TRAPPC3"
2.38340102871604e-05,0.476222335493038,0.28,0.121,0.476966213866653,"12","IWS1"
2.41927965325406e-05,0.41139347419708,0.53,0.274,0.484146244209202,"12","IGBP1"
2.44123240880079e-05,0.418383977638956,0.47,0.237,0.488539429649213,"12","MRPS36"
2.49534550176289e-05,0.388582221173072,0.42,0.201,0.49936854181279,"12","ZFR"
2.49654857678028e-05,0.416091510128875,0.86,0.594,0.499609301185269,"12","PSMA7"
2.50192714474906e-05,0.446203882125617,0.43,0.204,0.500685660207182,"12","WDR45B"
2.50773870780208e-05,0.387307723192738,0.37,0.172,0.501848670205352,"12","LSM12"
2.51190366327148e-05,0.664209052514164,0.26,0.112,0.502682161093888,"12","RNF5"
2.54536457899857e-05,0.309330912174478,0.42,0.198,0.509378359549193,"12","CNIH1"
2.56940575711351e-05,0.311680760400067,0.35,0.16,0.514189480113555,"12","MAPKAP1"
2.72236920164648e-05,0.36911395176769,0.8,0.441,0.544800524633493,"12","SNRPG"
2.72371413232442e-05,0.362888277568441,0.36,0.166,0.545069672160762,"12","IPO7"
2.73377751269788e-05,0.257408646174848,0.43,0.206,0.547083555841099,"12","JARID2"
2.77019155963121e-05,0.527796749147427,0.28,0.123,0.554370734913397,"12","PANK2"
2.77555436885013e-05,0.360597412636446,0.39,0.185,0.555443940294288,"12","ETF1"
2.81939334141335e-05,0.322193615054085,0.53,0.266,0.564216995483639,"12","TRIP12"
2.8753185232322e-05,0.353128205957227,0.29,0.126,0.575408742869227,"12","LAIR1"
2.92066198939178e-05,0.449368047016442,0.29,0.129,0.584482877317083,"12","MON1B"
2.97683134622417e-05,0.564704104121963,0.35,0.169,0.595723489006382,"12","PLK3"
2.97684907504259e-05,0.459448327231017,0.68,0.388,0.595727036897522,"12","RAP1A"
3.08337436751849e-05,0.281336475769301,0.92,0.755,0.6170448784278,"12","GAPDH"
3.14194196928685e-05,0.485191615772697,0.78,0.47,0.628765426893685,"12","WAC"
3.22420950220614e-05,0.468649378397178,0.3,0.134,0.645228805581493,"12","KHDC4"
3.36569397811903e-05,0.290739801502637,0.31,0.138,0.673542678901181,"12","PSMD1"
3.43058402363372e-05,0.28991207554028,0.25,0.104,0.68652847480958,"12","YY1AP1"
3.61473576500071e-05,0.308078053474795,0.72,0.367,0.723380921291942,"12","AURKAIP1"
3.62418098278638e-05,0.335582788615235,0.94,0.799,0.725271098275211,"12","CHCHD2"
3.65413649072721e-05,0.37520541086624,0.58,0.316,0.731265794524329,"12","FRG1"
3.66183457440883e-05,0.462829275796232,0.58,0.319,0.732806335030695,"12","HADHA"
3.77115225247415e-05,0.282051288990059,0.33,0.149,0.754682988765127,"12","RPS6KB2"
3.95434852606957e-05,0.286006827048575,0.38,0.18,0.791344227037043,"12","MPLKIP"
3.99039937155621e-05,0.498400559639652,0.32,0.149,0.798558722235828,"12","UBAP2L"
3.99661754124647e-05,0.326545307775882,0.52,0.266,0.799803102354244,"12","NECAP2"
4.0910545135775e-05,0.329573125503664,0.36,0.167,0.818701829257129,"12","C2orf49"
4.13469414548562e-05,0.454434886990501,0.35,0.164,0.827434992394582,"12","NAA20"
4.14053150474825e-05,0.486286726661925,0.35,0.168,0.828603164730219,"12","CXorf38"
4.14838931230843e-05,0.313006929233377,0.62,0.326,0.830175669179163,"12","PSMA5"
4.24550246456157e-05,0.27494281089193,0.44,0.212,0.849609953208061,"12","NIFK"
4.3072656779275e-05,0.264659968052468,0.42,0.204,0.861970007466851,"12","SEC63"
4.42035371022165e-05,0.252757362430275,0.37,0.173,0.884601184489556,"12","SRP54"
4.44658376110851e-05,0.454590279656434,0.7,0.428,0.889850342273036,"12","NDUFA12"
4.48317464374348e-05,0.374408527318961,0.4,0.195,0.897172909705946,"12","PSMC1"
4.55402712071784e-05,0.369857178771043,0.54,0.278,0.911351907398054,"12","RER1"
4.66499869453685e-05,0.30904817832246,0.5,0.267,0.933559538750714,"12","LPP"
4.70244160497568e-05,0.436244557686191,0.27,0.118,0.941052613987734,"12","DCTN2"
4.71606488143816e-05,0.548064554765228,0.57,0.307,0.943778904073405,"12","NDUFAB1"
4.72963281110683e-05,0.315728263857093,0.33,0.151,0.946494118158699,"12","HDAC2"
4.76546608987327e-05,0.455356592109957,0.28,0.124,0.953665073905439,"12","TMEM8A"
4.79129035515502e-05,0.261576422424789,0.67,0.356,0.958833025873623,"12","CELF1"
4.80526701100992e-05,0.280461983269996,0.38,0.179,0.961630034243305,"12","CTDSP2"
5.01185826280448e-05,0.544431817413863,0.29,0.132,1,"12","NSL1"
5.06452701547477e-05,0.490047959151645,0.3,0.137,1,"12","CCDC47"
5.10137058573612e-05,0.316191661892565,0.3,0.136,1,"12","HSPA4"
5.12181647562837e-05,0.436251464971755,0.32,0.15,1,"12","PRNP"
5.16109408055243e-05,0.344515358611517,0.25,0.106,1,"12","NKAPD1"
5.31815868920482e-05,0.428794205919974,0.34,0.159,1,"12","GRPEL1"
5.44649473726011e-05,0.412551729564114,0.95,0.759,1,"12","EIF3K"
5.5271147731073e-05,0.265987011436066,0.54,0.278,1,"12","BSG"
5.57392568441006e-05,0.356174925467319,0.31,0.143,1,"12","KIN"
5.82755358502496e-05,0.452461188446214,0.25,0.108,1,"12","DESI1"
5.94346440474514e-05,0.348387977202918,0.67,0.36,1,"12","ATP6V1F"
6.07938626657756e-05,0.282533723921466,0.28,0.123,1,"12","WDR61"
6.09254906878132e-05,0.428289687488982,0.72,0.427,1,"12","TRAPPC1"
6.16209204937768e-05,0.344909959879928,0.42,0.206,1,"12","OLA1"
6.18958444678075e-05,0.290858939558527,0.37,0.179,1,"12","UBA6"
6.33917344452506e-05,0.353750570997343,0.26,0.113,1,"12","SPTLC1"
6.42293060784116e-05,0.370126372044885,0.52,0.273,1,"12","CSNK2B"
6.47954755756963e-05,0.280342517556553,0.32,0.147,1,"12","SNX1"
6.52067527671107e-05,0.331931221504175,0.3,0.136,1,"12","CARD19"
6.52170592778667e-05,0.44444423880992,0.5,0.27,1,"12","ERAP2"
6.60559111724801e-05,0.288070910111988,0.46,0.23,1,"12","RBCK1"
6.98583333087477e-05,0.383747610245328,0.88,0.653,1,"12","NDUFA1"
7.14906443153307e-05,0.283023694182471,0.43,0.216,1,"12","PHKB"
7.31091369492454e-05,0.28678441729464,0.54,0.279,1,"12","C1D"
7.32162693335425e-05,0.286432916808906,0.29,0.13,1,"12","COPS3"
7.60479147083881e-05,0.299604756482065,0.78,0.455,1,"12","EIF3L"
7.64763248126688e-05,0.527015561114661,0.28,0.128,1,"12","NUDT22"
7.78207719545065e-05,0.317279398452863,0.25,0.108,1,"12","EFTUD2"
7.80100524018223e-05,0.328647712082633,0.27,0.119,1,"12","TIMM17B"
7.93118794426562e-05,0.261473610024993,0.55,0.278,1,"12","MRPL52"
8.22765487946686e-05,0.339147596593736,0.56,0.304,1,"12","TMC6"
8.24997787982618e-05,0.399022123000999,0.42,0.215,1,"12","CREB1"
8.34054626230873e-05,0.403459817210503,0.25,0.109,1,"12","TMEM205"
8.43580601752603e-05,0.439319058434724,0.47,0.251,1,"12","PFDN1"
8.48145784444476e-05,0.28840467009759,0.49,0.248,1,"12","DNAJC15"
8.71057670763786e-05,0.369708950224806,0.26,0.114,1,"12","SMIM20"
8.73579016302806e-05,0.465092321958314,0.35,0.172,1,"12","ECHS1"
8.80662834148449e-05,0.304283212542897,0.63,0.344,1,"12","MTCH1"
9.17733465706227e-05,0.302659650452503,0.45,0.228,1,"12","RABGGTB"
9.17827022104412e-05,0.761667495066538,0.34,0.17,1,"12","NUCB1"
9.3403197162889e-05,0.294108577163619,0.46,0.234,1,"12","SMNDC1"
9.37801986660158e-05,0.361334500258576,0.26,0.114,1,"12","JOSD2"
9.46027356500956e-05,0.523029867758668,0.79,0.549,1,"12","ZFP36L1"
9.54300425246579e-05,0.281991058287687,0.4,0.196,1,"12","NRBP1"
9.62266553485858e-05,0.357703352321006,0.45,0.233,1,"12","RAB18"
9.90058054424203e-05,0.610440748738939,0.36,0.184,1,"12","NABP1"
0.000102553433996233,0.43725224855962,0.27,0.123,1,"12","OAS2"
0.000103286354788956,0.331408262146935,0.79,0.463,1,"12","TMEM50A"
0.000104024387945101,0.32580917069676,0.41,0.202,1,"12","PSMD6"
0.000104130390395252,0.527853525534755,0.27,0.124,1,"12","ABTB1"
0.000106012307934611,0.288909412775597,0.42,0.207,1,"12","STAU1"
0.000107253864221057,0.387002516864406,0.57,0.331,1,"12","IFI6"
0.000107787661138614,0.281599932679249,0.66,0.365,1,"12","XRN2"
0.000107860879176913,0.508449534479847,0.26,0.117,1,"12","CARS2"
0.000109398536042749,0.406727764383677,0.25,0.109,1,"12","SENP2"
0.000109780688312133,0.377455767132574,0.82,0.516,1,"12","PSMB9"
0.000110173284757487,0.297317280358035,0.5,0.268,1,"12","RALBP1"
0.000111696530698868,0.382630823358758,0.5,0.267,1,"12","ZMAT2"
0.000113425733040184,0.277427862514862,0.46,0.234,1,"12","DPY30"
0.000113698298390474,0.388936280514328,0.59,0.323,1,"12","NDUFV2"
0.000113848955566542,0.373085005763253,0.75,0.473,1,"12","ARF1"
0.000114529522296403,0.358385793581111,0.38,0.189,1,"12","CCNY"
0.0001146611593692,0.467343773055415,0.89,0.613,1,"12","AHNAK"
0.000119308247059413,0.389886268554811,0.41,0.205,1,"12","ARF4"
0.000120867427167104,0.345890239030105,0.26,0.116,1,"12","C1orf35"
0.000121094902496788,0.275251855798465,0.75,0.431,1,"12","APBB1IP"
0.00012197850677298,0.375351735854706,0.47,0.239,1,"12","SZRD1"
0.000123527833709058,0.727325246107803,0.25,0.112,1,"12","GTF2A1"
0.000129200256842488,0.37272076626895,0.5,0.262,1,"12","PTBP1"
0.000130720570744369,0.253921930417136,0.39,0.194,1,"12","PSMD11"
0.000131793357960541,0.303835211284034,0.29,0.134,1,"12","EXOC7"
0.000131932636201704,0.415960727807609,0.5,0.269,1,"12","AIP"
0.00013560336142171,0.380832275475122,0.74,0.443,1,"12","CSNK1A1"
0.000140994394635996,0.361331676010346,0.4,0.204,1,"12","EMC6"
0.000142365175813453,0.494376944170034,0.65,0.385,1,"12","UBE2I"
0.000147457312856814,0.359666430158119,0.42,0.214,1,"12","RAD23B"
0.00014943678453605,0.450436566112207,0.29,0.139,1,"12","GABPB2"
0.00015895981131786,0.518752655820847,0.38,0.203,1,"12","MTIF3"
0.000159251784416226,0.277240428063695,0.49,0.258,1,"12","PHB2"
0.000161915207816721,0.392600471439716,0.4,0.206,1,"12","VTI1B"
0.000163421331700775,0.289161007867794,0.43,0.221,1,"12","RAB1A"
0.000165813328578901,0.30040089056718,0.33,0.16,1,"12","UBA1"
0.000169027118186671,0.250780437467842,0.36,0.179,1,"12","MFSD14C"
0.000170188006698657,0.521692801393474,0.61,0.36,1,"12","JOSD1"
0.000170961406174674,0.388858995369474,0.25,0.113,1,"12","MRPL28"
0.000172181542545946,0.319792358758135,0.32,0.155,1,"12","DMXL1"
0.00017436964632167,0.317928725600542,0.52,0.284,1,"12","PIAS1"
0.000182226422434262,0.29769972682841,0.34,0.167,1,"12","C16orf87"
0.000189401157285607,0.561629645265771,0.37,0.19,1,"12","POLR2E"
0.000190185373483587,0.395683790863054,0.58,0.328,1,"12","BIRC2"
0.000194583183299457,0.501035779600595,0.32,0.153,1,"12","RSU1"
0.000196244614701913,0.319214804510415,0.45,0.24,1,"12","ETNK1"
0.000197304256909669,0.481891195161175,0.25,0.113,1,"12","SGK3"
0.000197881200228345,0.399336354052235,0.26,0.119,1,"12","MEA1"
0.000200893024474347,0.510379886509801,0.32,0.16,1,"12","GLUD1"
0.000202028837334334,0.341233384675893,0.4,0.209,1,"12","NUP50"
0.000203174222861424,0.324150660679202,0.54,0.29,1,"12","EIF3I"
0.000204163324233786,0.384250265321116,0.29,0.14,1,"12","NFIL3"
0.000209597319516641,0.381492507188794,0.31,0.15,1,"12","MORF4L2"
0.000209776858845379,0.293717504293573,0.28,0.131,1,"12","RETREG2"
0.000214001838893418,0.28773717721097,0.25,0.113,1,"12","PIGP"
0.000222223179725756,0.361864563522466,0.6,0.338,1,"12","SYNCRIP"
0.000223814262402477,0.343919087080454,0.61,0.346,1,"12","BAZ1A"
0.000228996532717796,0.467097623478229,0.77,0.503,1,"12","ATP5MC3"
0.00023044610235945,0.284361693877641,0.35,0.172,1,"12","TMEM147"
0.000230670840468905,0.268196533748246,0.84,0.517,1,"12","CD164"
0.000231509384571504,0.281873855640768,0.31,0.15,1,"12","SMG7"
0.000236819521896248,0.365075823367193,0.59,0.322,1,"12","EIF2A"
0.000243420666334204,0.482816339802847,0.49,0.278,1,"12","SNHG15"
0.000243503467425743,0.454171322701433,0.25,0.116,1,"12","MAPK9"
0.000248133198942346,0.285940092732063,0.26,0.12,1,"12","IMP4"
0.000253604361390991,0.556653412696563,0.26,0.123,1,"12","SDCCAG8"
0.000257613636541087,0.256151377036761,0.39,0.2,1,"12","VPS26A"
0.000259810327532861,0.3451003725812,0.37,0.19,1,"12","ERGIC3"
0.000260201497634061,0.288851673159646,0.26,0.121,1,"12","SLF2"
0.000267136661064038,0.391268334259163,0.76,0.473,1,"12","NDUFB7"
0.000269833542395848,0.259049460011986,0.47,0.248,1,"12","EMC7"
0.000283685917272125,0.287187169683443,0.27,0.126,1,"12","NDEL1"
0.000305242428278785,0.259917568457627,0.25,0.114,1,"12","PSMG3"
0.000307578297130684,0.309250345412401,0.81,0.481,1,"12","VAPA"
0.000312878658945026,0.398390335361878,0.33,0.169,1,"12","DCUN1D1"
0.000325193389387302,0.685611252425439,0.33,0.171,1,"12","RABL6"
0.000338134370929222,0.48627041132581,0.47,0.259,1,"12","SAFB2"
0.000338158206414141,0.319916473735267,0.41,0.217,1,"12","NDUFB6"
0.000347012060472496,0.276556724637202,0.45,0.24,1,"12","UBE2M"
0.000347469029955416,0.259649040055229,0.32,0.158,1,"12","ELAVL1"
0.000349329487674854,0.258387020495597,0.37,0.19,1,"12","PRKCSH"
0.000353242267328246,0.427356364214978,0.26,0.123,1,"12","SEC23A"
0.000359940403157788,0.326013645726426,0.76,0.463,1,"12","ATP5PO"
0.000364075134252184,0.31638864320743,0.52,0.284,1,"12","TOMM22"
0.000364181511612438,0.27826004964023,0.36,0.184,1,"12","FLOT2"
0.000364712593900585,0.38199844639179,0.67,0.424,1,"12","JMJD1C"
0.000364887080474885,0.301560497867473,0.27,0.128,1,"12","HPCAL1"
0.000366706190222388,0.28055538452745,0.9,0.666,1,"12","CD44"
0.000369829926859078,0.661864581153595,0.28,0.137,1,"12","CUL4A"
0.000370270064399714,0.335922711773625,0.91,0.716,1,"12","COX7A2"
0.000374123776244462,0.291564588321753,0.48,0.261,1,"12","LLPH"
0.00037616944916663,0.323626499220376,0.34,0.172,1,"12","SDHC"
0.00037940980511153,0.451136423715394,0.25,0.117,1,"12","PTS"
0.000386375315320819,0.455563985726263,0.31,0.158,1,"12","NDUFS3"
0.00041444987403616,0.308751979995246,0.55,0.321,1,"12","BLOC1S6"
0.000426940719558289,0.250315207226645,0.43,0.23,1,"12","FGD5-AS1"
0.000437573061142338,0.409945506443267,0.37,0.192,1,"12","PPP2R2A"
0.000441920758164516,0.287659966855026,0.28,0.136,1,"12","SRA1"
0.000458071407072991,0.613278710691217,0.34,0.186,1,"12","NEU1"
0.000481226848823235,0.341443779210983,0.59,0.338,1,"12","PSMD8"
0.000486805419557479,0.349363477249938,0.38,0.2,1,"12","RPA3"
0.000489651025692206,0.274191949891038,0.3,0.149,1,"12","IMMT"
0.000495785108047375,0.411245604672965,0.43,0.229,1,"12","FKBP2"
0.000506193500291241,0.373695690185992,0.25,0.118,1,"12","NTMT1"
0.000512445762839597,0.436552446713677,0.28,0.137,1,"12","MRPL40"
0.000518788692899896,0.334207445155215,0.43,0.232,1,"12","APPL1"
0.000519653137509124,0.386367087792287,0.3,0.152,1,"12","ELMSAN1"
0.000522002038580993,0.346188786450536,0.36,0.189,1,"12","CLTB"
0.000532662453859745,0.279588450909789,0.44,0.234,1,"12","HDAC1"
0.00054081910763415,0.317583942118039,0.87,0.616,1,"12","NDUFA13"
0.000551831201163866,0.386516638241496,0.93,0.71,1,"12","FOSB"
0.000561535900791998,0.368410012784004,0.31,0.158,1,"12","MRPL32"
0.000584190538435392,0.318631355582207,0.46,0.256,1,"12","PSMD13"
0.000589741877247363,0.310415693358243,0.45,0.251,1,"12","FLI1"
0.000609505248295283,0.441733890598059,0.26,0.127,1,"12","UBA3"
0.000616906336536882,0.313926617336131,0.57,0.327,1,"12","MAP2K2"
0.000638705405387796,0.307241636418717,0.31,0.156,1,"12","HSD17B10"
0.000666779397049178,0.353300942618808,0.35,0.186,1,"12","CHCHD5"
0.000680919179345763,0.298745516815873,0.31,0.158,1,"12","USP25"
0.000681223111066442,0.263569509983499,0.55,0.317,1,"12","SENP6"
0.000690900723329113,0.452284268112663,0.27,0.135,1,"12","RBM14"
0.000694155759318749,0.890430905469622,0.27,0.137,1,"12","GLRX3"
0.00069528917088113,0.327309812207346,0.51,0.284,1,"12","UPP1"
0.000712609374694084,0.406371251701442,0.26,0.13,1,"12","AASDHPPT"
0.000713444734062429,0.301200535089266,0.8,0.502,1,"12","EIF3A"
0.00074031334558855,0.256034590173398,0.61,0.358,1,"12","MRPL54"
0.000754301360289089,0.326502416567194,0.8,0.49,1,"12","NDUFB4"
0.000785545708189783,0.293870464784037,0.87,0.551,1,"12","ATP5PF"
0.000798399682853335,0.273801035935196,0.51,0.286,1,"12","PSMB4"
0.000798969574381747,0.272079084717488,0.58,0.33,1,"12","PDCD6"
0.000829499076044238,0.340577920896109,0.73,0.446,1,"12","OSBPL8"
0.000858341361964499,0.348781436030826,0.37,0.198,1,"12","CWC25"
0.000860986682582165,0.357835218262204,0.34,0.18,1,"12","FAM192A"
0.000876910361582883,0.629812848322985,0.28,0.149,1,"12","GRIPAP1"
0.000910796412910253,0.264235197053352,0.39,0.2,1,"12","UBE2Q1"
0.000974704304225193,0.367197378690291,0.27,0.137,1,"12","LAGE3"
0.000992451423715401,0.301873908193854,0.64,0.373,1,"12","PSMA2"
0.000994257321093706,0.408335044546492,0.38,0.208,1,"12","TAF3"
0.00101942313780468,0.258354115837305,0.32,0.168,1,"12","ST8SIA4"
0.00103209862686438,0.295161527345286,0.85,0.563,1,"12","EIF5"
0.00103362573314225,0.349814402685109,0.25,0.123,1,"12","ZYG11B"
0.0010489057665366,0.334370648288208,0.6,0.359,1,"12","SIVA1"
0.00108725680732924,0.378990668036066,0.28,0.141,1,"12","COA4"
0.00111102310637112,0.277239498894226,0.36,0.192,1,"12","NAA10"
0.0011402625177912,0.273555069511117,0.37,0.199,1,"12","ECHDC1"
0.00114604621825265,0.430852205827049,0.31,0.166,1,"12","MRPS16"
0.00115709022387356,0.440088732034007,0.92,0.803,1,"12","HNRNPU"
0.00119846802130641,0.2785233897422,0.34,0.177,1,"12","ITPA"
0.0012159876189699,0.281165093039426,0.3,0.157,1,"12","WDR70"
0.0012730425766998,0.282962611105603,0.26,0.134,1,"12","ARL5B"
0.00130383897312791,0.372413494523683,0.66,0.401,1,"12","RNF7"
0.00134691197761527,0.38278039336066,0.28,0.146,1,"12","ACTR10"
0.00138601921875026,0.364772639248248,0.25,0.127,1,"12","RMDN1"
0.00145319602345628,0.285527270360833,0.77,0.501,1,"12","SNRPB"
0.00152609427690509,0.38171739289363,0.3,0.159,1,"12","AFG3L2"
0.00154345460700767,0.341153140984999,0.46,0.267,1,"12","KIAA2026"
0.00154837606982783,0.278705706212417,0.25,0.125,1,"12","OXLD1"
0.00156933156656391,0.35382502228271,0.46,0.268,1,"12","STAT1"
0.00163568591946972,0.53526842051142,0.25,0.129,1,"12","BRMS1"
0.00168037819329592,0.357928696980907,0.3,0.165,1,"12","ARMCX3"
0.0018628755649408,0.292125216079353,0.72,0.477,1,"12","UBE2B"
0.0019035434708381,0.252572008193113,0.79,0.536,1,"12","TMEM59"
0.00195009291022519,0.430013074467486,0.53,0.327,1,"12","PPP1R15B"
0.00216458149998444,0.285265271530458,0.66,0.418,1,"12","ATF4"
0.00225763443285643,0.399824100728935,0.29,0.159,1,"12","DNAJB11"
0.00232109731869601,0.272642217358855,0.57,0.342,1,"12","ELF2"
0.00240087560502356,0.407828193798578,0.5,0.295,1,"12","FKBP8"
0.00241312722076548,0.255945772172416,0.3,0.161,1,"12","C1orf122"
0.00245343179387403,0.267611156904932,0.34,0.187,1,"12","SURF1"
0.0024656886358736,0.250517415645264,0.26,0.136,1,"12","TRPS1"
0.00266416766378419,0.268412727212119,0.86,0.583,1,"12","DEK"
0.00269408594404164,0.252705737110903,0.48,0.29,1,"12","ZNF638"
0.0027646919056048,0.306095725047709,0.33,0.181,1,"12","KDM4C"
0.00293434764824196,0.280352143324123,0.58,0.358,1,"12","FAM96B"
0.0030821955939242,0.256535091843052,0.67,0.432,1,"12","SNRPB2"
0.00332950581344305,0.333129395444088,0.73,0.494,1,"12","SNU13"
0.00357137643793148,0.398727728906237,0.27,0.148,1,"12","IBTK"
0.00381536024726592,0.289256971736511,0.45,0.286,1,"12","AC007952.4"
0.00392697005106402,0.261722181597134,0.49,0.303,1,"12","CLINT1"
0.00423588612010506,0.528812899132901,0.27,0.148,1,"12","GSE1"
0.00424998270193644,0.358315610248885,0.85,0.624,1,"12","SOD1"
0.0042608708351799,0.380168554247915,0.37,0.219,1,"12","SAT2"
0.00471931991692998,0.307855474505074,0.4,0.24,1,"12","DNM1L"
0.00540123390939473,0.26525619997257,0.29,0.16,1,"12","RNF38"
0.00594694111896854,0.27472154133735,0.35,0.194,1,"12","SF3A1"
0.00625778548695677,0.324980864737459,0.26,0.14,1,"12","RPIA"
0.00684398992624247,0.350758985414395,0.28,0.158,1,"12","DHX29"
0.00814956667885491,0.441200516662593,0.28,0.166,1,"12","MDM2"
0.00818694374922502,0.261659654311311,0.37,0.222,1,"12","UBR2"
0.0086407752075135,0.411121426136244,0.31,0.187,1,"12","ATXN2"
0,7.32793722715593,0.99,0.025,0,"13","MZB1"
0,8.15097129883677,0.99,0.04,0,"13","JCHAIN"
0,5.76292944728107,0.97,0.049,0,"13","ITM2C"
0,5.73622632120354,0.97,0.071,0,"13","TCF4"
0,6.98580454080059,0.859,0.01,0,"13","DERL3"
0,5.32930648617609,0.949,0.117,0,"13","CCDC50"
0,5.45966997602841,0.889,0.057,0,"13","IRF4"
0,4.27300468796214,0.848,0.04,0,"13","COBLL1"
0,2.54987435376938,0.909,0.116,0,"13","MEF2C"
0,4.68655373005729,0.838,0.054,0,"13","RNASE6"
0,4.42611174007834,0.889,0.115,0,"13","IRF7"
0,6.60702217261067,0.98,0.22,0,"13","IGKC"
0,5.25828147069899,0.818,0.07,0,"13","APP"
0,7.15438598122969,0.758,0.016,0,"13","PLD4"
0,8.15189570718593,0.747,0.006,0,"13","IL3RA"
0,2.87420354940147,0.919,0.18,0,"13","RRBP1"
0,11.259199573548,0.737,0.001,0,"13","LILRA4"
0,2.78916275339766,0.818,0.083,0,"13","CYBB"
0,3.14891601785433,0.99,0.258,0,"13","SELENOS"
0,4.07305377548541,0.838,0.108,0,"13","CCDC88A"
0,3.18878915246032,0.838,0.11,0,"13","SCARB2"
0,5.09617589562095,0.758,0.03,0,"13","SPIB"
0,3.01129614262485,0.848,0.125,0,"13","CTSZ"
0,2.30714350156236,0.899,0.177,0,"13","NCF1"
0,4.87882445616187,0.899,0.178,0,"13","PPP1R14B"
0,5.22355508492389,0.798,0.083,0,"13","IRF8"
0,3.04466503914025,0.909,0.196,0,"13","UBE2J1"
0,3.55009021205859,0.96,0.249,0,"13","NPC2"
0,4.85920740548611,0.778,0.068,0,"13","BCL11A"
0,2.93805375281639,0.818,0.112,0,"13","GRN"
0,2.89945726343792,0.798,0.094,0,"13","CST3"
0,4.69385561876646,0.758,0.055,0,"13","MPEG1"
0,2.53542285782823,0.929,0.227,0,"13","FKBP2"
0,5.1838178101209,0.727,0.026,0,"13","TSPAN13"
0,5.43459081712758,0.717,0.019,0,"13","CSF2RB"
0,12.0036404778149,0.697,0,0,"13","SCT"
0,8.24252139974196,0.697,0.006,0,"13","SERPINF1"
0,3.44789429053445,0.737,0.049,0,"13","GNG7"
0,2.86694296146005,0.788,0.104,0,"13","FCHSD2"
0,3.2042043766036,0.788,0.105,0,"13","DUSP5"
0,3.40958827135375,0.778,0.101,0,"13","CYB561A3"
0,3.81732077361726,0.737,0.06,0,"13","UNC93B1"
0,2.58593748301051,0.899,0.228,0,"13","PLP2"
0,11.2762226005014,0.667,0,0,"13","CLEC4C"
0,4.11090213651017,0.697,0.03,0,"13","BLNK"
0,4.89849822155232,0.697,0.035,0,"13","TGFBI"
0,3.88825091250481,0.848,0.187,0,"13","UGCG"
0,4.5289045093534,0.707,0.047,0,"13","GAPT"
0,6.79519145101674,0.667,0.013,0,"13","TPM2"
0,2.88136807818013,0.798,0.145,0,"13","PDIA4"
0,3.75753204793321,0.889,0.238,0,"13","GPR183"
0,3.66942076628953,0.717,0.066,0,"13","SULF2"
0,4.12246718902396,0.687,0.038,0,"13","FAM129C"
0,3.17318859700751,0.737,0.09,0,"13","RUBCN"
0,4.22706820585186,0.687,0.042,0,"13","DAB2"
0,3.18497429397896,0.778,0.134,0,"13","STMN1"
0,2.70066947963058,0.747,0.105,0,"13","C12orf45"
0,2.52774174310545,0.758,0.121,0,"13","SPINT2"
0,1.74067131658872,0.838,0.204,0,"13","ERN1"
0,2.00994185658868,0.788,0.156,0,"13","RPN1"
0,2.51860781108243,0.758,0.126,0,"13","SEL1L3"
0,3.30298904904909,0.869,0.237,0,"13","RAB11FIP1"
0,0.971593571246534,0.97,0.338,0,"13","HLA-DRB1"
0,1.42129665317539,0.97,0.338,0,"13","PSAP"
0,2.27650200824895,0.788,0.157,0,"13","MLEC"
0,2.38971580960754,0.768,0.143,0,"13","HLA-DQA1"
0,3.47696791996805,0.707,0.086,0,"13","RUNX2"
0,2.2565869136067,0.869,0.25,0,"13","MYDGF"
0,1.94908895316316,0.909,0.291,0,"13","CCDC186"
0,1.6508561156405,0.899,0.284,0,"13","AC007952.4"
0,2.38702156760332,0.768,0.154,0,"13","HLA-DMA"
0,2.27454297226017,0.778,0.164,0,"13","SKAP2"
0,4.78313796194948,0.657,0.046,0,"13","SOX4"
0,1.9669704841278,0.818,0.208,0,"13","TM9SF2"
0,2.54504432038459,0.788,0.179,0,"13","MAPKAPK2"
0,2.15062129763397,0.717,0.108,0,"13","CXXC5"
0,2.16652848276464,0.879,0.271,0,"13","HLA-DRA"
0,3.69909729438097,0.657,0.052,0,"13","CORO1C"
0,2.13976171013797,0.939,0.338,0,"13","OSTC"
0,3.62603228517708,0.636,0.038,0,"13","CD36"
0,2.07412315980352,0.758,0.161,0,"13","STX7"
0,12.8488037365788,0.596,0,0,"13","LRRC26"
0,2.51429239035032,0.737,0.142,0,"13","ZDHHC17"
0,9.2299203948521,0.596,0.002,0,"13","SCN9A"
0,2.78197826478471,0.778,0.185,0,"13","FCER1G"
0,1.95116970839813,0.778,0.19,0,"13","CDK2AP2"
0,2.52548888367989,0.879,0.292,0,"13","SSR3"
0,2.16323658589427,0.727,0.14,0,"13","CDYL"
0,2.70931904525887,0.667,0.081,0,"13","KLF4"
0,2.7714811356133,0.687,0.102,0,"13","HLA-DMB"
0,8.47283898396474,0.586,0.002,0,"13","DNASE1L3"
0,2.73900735475368,0.707,0.126,0,"13","JAML"
0,2.89263979137082,0.707,0.126,0,"13","SLC15A4"
0,2.14207110535465,0.949,0.368,0,"13","HERPUD1"
0,5.66052765015905,0.596,0.015,0,"13","LILRB4"
0,2.4070141368297,0.697,0.117,0,"13","SMC6"
0,2.74637068478005,0.657,0.078,0,"13","CAPG"
0,3.19435700226793,0.727,0.148,0,"13","CD4"
0,3.54503843989701,0.626,0.048,0,"13","MS4A6A"
0,2.76654876716896,0.687,0.111,0,"13","VEGFB"
0,3.38481764043459,0.636,0.06,0,"13","IDH3A"
0,1.68241776770886,0.949,0.373,0,"13","TMED10"
0,2.64720206981923,0.707,0.132,0,"13","CTSB"
0,1.80936854087151,0.778,0.203,0,"13","HM13"
0,5.63273792898941,0.586,0.013,0,"13","LGMN"
0,4.03461398815701,0.616,0.043,0,"13","TRAF4"
0,2.86400994398974,0.636,0.064,0,"13","BCL7A"
0,2.90018644081789,0.646,0.075,0,"13","SNRNP25"
0,2.4629665380466,0.677,0.107,0,"13","AHI1"
0,1.90414951529938,0.798,0.229,0,"13","CNPY3"
0,1.68060772239421,0.758,0.192,0,"13","CBX4"
0,1.61925055497474,0.899,0.334,0,"13","BRI3"
0,3.50056174486368,0.98,0.416,0,"13","TXN"
0,1.6252868494461,0.879,0.315,0,"13","NUCB2"
0,1.55250139463281,0.788,0.226,0,"13","SFT2D1"
0,2.32533125537155,0.758,0.198,0,"13","N4BP2L1"
0,1.472814204381,0.818,0.259,0,"13","CHD9"
0,2.1201356724626,0.657,0.1,0,"13","STRBP"
0,2.42697981755369,0.636,0.08,0,"13","PHACTR1"
0,2.14706516594759,0.667,0.113,0,"13","THEMIS2"
0,2.626842776714,0.687,0.135,0,"13","CD2AP"
0,1.88279545167729,0.727,0.177,0,"13","N4BP2"
0,1.37608767344156,0.798,0.25,0,"13","PYCARD"
0,1.858479553445,0.949,0.401,0,"13","TRAM1"
0,2.69844143762522,0.646,0.099,0,"13","HLA-DQA2"
0,2.45087080373531,0.949,0.402,0,"13","C12orf75"
0,4.86932531148088,0.566,0.019,0,"13","CBFA2T3"
0,3.13377576079682,0.596,0.049,0,"13","CD68"
0,1.66235814310314,0.697,0.152,0,"13","SLAMF7"
0,1.71440886658469,0.747,0.202,0,"13","KDELR2"
0,1.45337665521355,0.848,0.303,0,"13","P4HB"
0,1.95370389805293,0.657,0.113,0,"13","PLA2G16"
0,2.51172658235831,0.677,0.134,0,"13","A1BG"
0,1.85843675161442,0.828,0.285,0,"13","SFT2D2"
0,0.955587265627905,0.737,0.194,0,"13","HLA-DQB1"
0,2.06426285639854,0.889,0.347,0,"13","XBP1"
0,2.10550617176985,0.626,0.085,0,"13","SYK"
0,2.60576064415895,0.657,0.117,0,"13","CAT"
0,2.62022290999065,0.646,0.106,0,"13","PTMS"
0,2.10916554411058,0.727,0.189,0,"13","MANF"
0,1.31534643383327,0.838,0.3,0,"13","SSR1"
0,1.23794969332274,0.828,0.29,0,"13","QKI"
0,3.29093772402089,0.586,0.048,0,"13","ARID3A"
0,1.80231802754916,0.758,0.221,0,"13","NGLY1"
0,6.04887825019811,0.545,0.008,0,"13","P2RY14"
0,2.13126617696445,0.657,0.12,0,"13","SMIM14"
0,2.51548027945009,0.848,0.311,0,"13","SEC11C"
0,1.69983581201276,0.717,0.182,0,"13","AP3S1"
0,5.65156243902779,0.545,0.011,0,"13","SMPD3"
0,1.31336609805186,0.818,0.286,0,"13","MIS18BP1"
0,1.80213410416025,0.727,0.197,0,"13","AL360012.1"
0,2.69600946498859,0.626,0.096,0,"13","HIGD1A"
0,2.87775665394161,0.869,0.344,0,"13","RGS1"
0,1.71328098324905,0.838,0.313,0,"13","PPM1K"
0,3.53392436669583,0.566,0.041,0,"13","MGST2"
0,2.97149082289006,0.586,0.061,0,"13","ALG2"
0,4.21752692556103,0.556,0.032,0,"13","OPN3"
0,2.36582086487302,0.778,0.254,0,"13","PTPRE"
0,1.89394053673464,0.667,0.145,0,"13","LAP3"
0,7.24815426632044,0.525,0.004,0,"13","GAS6"
0,7.27227946914064,0.525,0.005,0,"13","AC119428.2"
0,1.24463053105915,0.778,0.258,0,"13","LAPTM4A"
0,4.28424329822689,0.535,0.015,0,"13","GAB1"
0,5.89000903559875,0.525,0.006,0,"13","MAP1A"
0,2.29912182222922,0.626,0.109,0,"13","RNF130"
0,2.01443818983459,0.687,0.171,0,"13","EIF4A3"
0,1.94660165359045,0.657,0.142,0,"13","ZNRF2"
0,1.39435924207597,0.909,0.395,0,"13","ZNF706"
0,1.39862733007873,0.869,0.356,0,"13","CANX"
0,1.95138102075554,0.929,0.418,0,"13","HLA-DPA1"
0,2.01003034826446,0.606,0.095,0,"13","DAAM1"
0,1.99491925981719,0.616,0.106,0,"13","CREB3L2"
0,1.32025802724935,0.848,0.339,0,"13","ATP6V0B"
0,2.58688831277283,0.586,0.078,0,"13","RUFY3"
0,1.61953449435362,0.657,0.149,0,"13","COMMD3"
0,1.02995250031477,0.778,0.27,0,"13","TPM4"
0,1.07764994079383,0.778,0.271,0,"13","SEC31A"
0,2.00980455466402,0.909,0.403,0,"13","RNASET2"
0,3.4012998859774,0.556,0.051,0,"13","SLC7A5"
0,2.36293041609151,0.646,0.141,0,"13","FCGRT"
0,1.55641933554188,0.747,0.243,0,"13","FYTTD1"
0,1.49095001162415,0.768,0.264,0,"13","B4GALT1"
0,9.48594848756206,0.505,0.001,0,"13","LAMP5"
0,8.34169045708451,0.505,0.002,0,"13","TNFRSF21"
0,2.18746911117745,0.606,0.104,0,"13","CERS6"
0,1.36269352985973,0.737,0.235,0,"13","GABARAP"
0,1.01463035365237,0.818,0.318,0,"13","YWHAE"
0,1.80074437344503,0.768,0.269,0,"13","LMAN1"
0,2.45852420727025,0.586,0.088,0,"13","LY96"
0,1.04842169935887,0.949,0.451,0,"13","GNG5"
0,1.14659664541292,0.828,0.33,0,"13","RABGAP1L"
0,5.65125890696357,0.505,0.009,0,"13","PFKFB2"
0,2.15757984234652,0.596,0.1,0,"13","EIF2AK4"
0,2.23455245962907,0.576,0.08,0,"13","HYOU1"
0,3.11425316095916,0.535,0.041,0,"13","ABHD15"
0,1.15948177792803,0.798,0.304,0,"13","TYROBP"
0,2.82304247881389,0.566,0.074,0,"13","POLB"
0,3.60821165144406,0.535,0.044,0,"13","GSN"
0,5.52780069775601,0.495,0.004,0,"13","FCER1A"
0,4.17625525074613,0.495,0.004,0,"13","PTCRA"
0,1.3049441597272,0.828,0.337,0,"13","DNAJC7"
0,1.87629931537927,0.596,0.108,0,"13","TP53I13"
0,1.65778663794532,0.677,0.19,0,"13","MX1"
0,2.01256140876495,0.586,0.099,0,"13","NPC1"
0,1.60499273789794,0.768,0.281,0,"13","RPN2"
0,1.15760036510187,0.737,0.251,0,"13","MED13L"
0,1.44750732474895,0.687,0.203,0,"13","ARF4"
0,4.67168321372034,0.505,0.023,0,"13","ZFAT"
0,1.51557638478136,0.838,0.357,0,"13","NR3C1"
0,2.7798999924191,1,0.519,0,"13","CD74"
0,1.4635898281645,0.697,0.216,0,"13","AP1S2"
0,1.68539002077269,0.778,0.298,0,"13","PDIA6"
0,1.16810599017414,0.889,0.409,0,"13","CTSC"
0,1.15248624411504,0.717,0.237,0,"13","FAM214A"
0,1.3990240896896,0.737,0.257,0,"13","TMEM107"
0,2.83449955504748,0.788,0.309,0,"13","ALOX5AP"
0,1.35984537724722,0.657,0.178,0,"13","CBX6"
0,1.86217970507231,0.646,0.167,0,"13","LYN"
0,0.931321879669617,0.828,0.349,0,"13","PRKAR1A"
0,1.84184845031373,0.616,0.138,0,"13","MAN1A1"
0,1.50422053284312,0.616,0.138,0,"13","TSPAN3"
0,2.43395538257217,0.556,0.079,0,"13","EAF2"
0,1.83275173152454,0.636,0.16,0,"13","ADI1"
0,1.87357190965384,0.96,0.485,0,"13","TAGLN2"
0,4.10356264060634,0.505,0.03,0,"13","ALCAM"
0,1.02209497157276,0.798,0.324,0,"13","SVIP"
0,1.66533373361885,0.596,0.122,0,"13","DUSP22"
0,8.32108883343601,0.475,0.001,0,"13","CYP46A1"
0,1.73678549307862,0.616,0.142,0,"13","GGA2"
0,1.13015792313461,0.788,0.315,0,"13","MYADM"
0,1.11721188039038,0.707,0.234,0,"13","PDE4B"
0,3.04536113238969,0.535,0.064,0,"13","CLN8"
0,2.84608536417245,0.515,0.045,0,"13","BTK"
0,1.47747306211012,0.646,0.176,0,"13","TMEM208"
0,1.27719644443365,0.667,0.197,0,"13","CLTC"
0,1.52064743373251,0.96,0.49,0,"13","SPCS3"
0,0.930961497249958,0.768,0.299,0,"13","GDI2"
0,1.27964908674096,0.909,0.441,0,"13","DYNLL1"
0,1.59797340058137,0.616,0.148,0,"13","MORF4L2"
0,1.33701541414847,0.616,0.148,0,"13","PSENEN"
0,1.44071483852386,0.677,0.21,0,"13","SINHCAF"
0,1.21263344411689,0.646,0.182,0,"13","ITPR2"
0,1.18098402721838,0.869,0.405,0,"13","SNX3"
0,2.19488155918921,0.636,0.173,0,"13","PRMT9"
0,1.34666552434073,0.626,0.163,0,"13","ARMCX3"
0,1.46262088341036,0.626,0.163,0,"13","CYTH4"
0,3.99813431017247,0.485,0.023,0,"13","ST6GALNAC4"
0,1.00914159443973,0.737,0.276,0,"13","CCDC69"
0,1.49256294199975,0.626,0.166,0,"13","MEF2D"
0,4.28269465563675,0.485,0.025,0,"13","NEK8"
0,1.46612139207436,0.626,0.167,0,"13","OS9"
0,0.363568701160683,0.626,0.168,0,"13","TYMP"
0,1.06828587312347,0.747,0.29,0,"13","PPM1G"
0,0.857363179195647,0.697,0.24,0,"13","SCFD1"
0,1.23981598798084,0.909,0.454,0,"13","OGT"
0,2.17001849771237,0.535,0.08,0,"13","MFSD12"
0,1.5398635135462,0.566,0.111,0,"13","IFNAR2"
0,1.32379440282866,0.929,0.475,0,"13","HSPA5"
0,1.17310486108219,0.646,0.192,0,"13","ITGAE"
0,0.310239134792412,0.949,0.495,0,"13","CTSS"
0,1.41051807231228,0.97,0.516,0,"13","CD164"
0,0.886145778520399,0.697,0.243,0,"13","TALDO1"
0,1.08677228243538,0.626,0.173,0,"13","TFRC"
0,1.44002861564588,0.626,0.173,0,"13","CUX1"
0,1.23849630474546,0.636,0.183,0,"13","MCTS1"
0,0.950152824927177,0.697,0.244,0,"13","NBDY"
0,1.70698631531604,0.707,0.254,0,"13","CLIC3"
0,4.86654525358245,0.475,0.022,0,"13","SHTN1"
0,1.88871860676738,0.646,0.194,0,"13","DCK"
0,1.32473267985532,0.626,0.174,0,"13","COMT"
0,1.43244337550665,0.657,0.206,0,"13","DNAJC3"
0,1.98553540040481,0.626,0.175,0,"13","FAM53C"
0,0.874815250081758,0.707,0.256,0,"13","NRDC"
0,0.714820123377084,0.677,0.227,0,"13","RTF2"
0,1.49101193373836,0.576,0.127,0,"13","NUDT22"
0,2.16530353365407,0.566,0.118,0,"13","DPYSL2"
0,1.31055883456766,0.657,0.21,0,"13","TIMM13"
0,1.00802795754027,0.747,0.3,0,"13","PCMTD1"
0,4.79615825105444,0.475,0.028,0,"13","CXorf21"
0,2.19913742691844,0.535,0.089,0,"13","SNX9"
0,1.14483164195347,0.747,0.301,0,"13","CLINT1"
0,1.65815256948151,0.606,0.16,0,"13","FAM96A"
0,1.08063573639435,0.818,0.372,0,"13","BST2"
0,3.86301656348619,0.475,0.03,0,"13","FAM213A"
0,2.22828298002917,0.677,0.233,0,"13","SLC20A1"
0,1.42644478409881,0.919,0.475,0,"13","SPCS2"
0,1.40374146098653,0.616,0.172,0,"13","ATOX1"
0,1.95822888134266,0.525,0.081,0,"13","DTWD1"
0,8.41903593513405,0.444,0.001,0,"13","NRP1"
0,1.27986666376361,0.859,0.418,0,"13","PLEK"
0,1.22303707547687,0.879,0.438,0,"13","UCP2"
0,2.32850785403801,0.505,0.064,0,"13","STT3A"
0,1.22134321475542,0.596,0.155,0,"13","ADA2"
0,1.36948866266786,0.657,0.217,0,"13","TPP1"
0,1.75474144032018,0.576,0.136,0,"13","TMEM14C"
0,2.35504375037621,0.515,0.076,0,"13","CYSLTR1"
0,2.56324308229686,0.495,0.056,0,"13","ASPH"
0,1.66635095847106,0.556,0.119,0,"13","PRDX3"
0,1.93498456692799,0.919,0.483,0,"13","VAMP8"
0,1.66363748601579,0.515,0.079,0,"13","GALNT2"
0,5.58710390800294,0.444,0.008,0,"13","PLXNA4"
0,3.51312674048838,0.475,0.039,0,"13","GRAMD1B"
0,1.2673983466005,0.596,0.16,0,"13","NUS1"
0,2.06428695796637,0.717,0.281,0,"13","OFD1"
0,1.30834835995038,0.586,0.151,0,"13","UVRAG"
0,1.40675432239417,0.667,0.233,0,"13","PHB"
0,1.68266378770548,0.99,0.556,0,"13","PARK7"
0,3.06871102674614,1,0.567,0,"13","SEC61B"
0,1.45271119635526,0.566,0.133,0,"13","TCF3"
0,0.636995044977168,0.636,0.204,0,"13","FBXW5"
0,2.33372712892895,0.505,0.074,0,"13","SH2B3"
0,1.41321487629341,0.596,0.165,0,"13","ARFGAP3"
0,1.32346943644785,0.909,0.479,0,"13","RPL22L1"
0,6.32459810517369,0.434,0.005,0,"13","PACSIN1"
0,1.21967762207966,0.626,0.197,0,"13","TIMM8B"
0,1.29572246756529,0.586,0.157,0,"13","DNAJB11"
0,1.08413852932772,0.626,0.198,0,"13","IFNAR1"
0,4.34444188325769,0.444,0.017,0,"13","TMEM8B"
0,2.62585713029829,0.495,0.068,0,"13","ST3GAL2"
0,2.50210032854084,0.485,0.059,0,"13","TNFSF13B"
0,1.68103924187949,0.545,0.121,0,"13","HDLBP"
0,10.9030331546734,0.424,0,0,"13","EPHB1"
0,1.7029000106094,0.566,0.142,0,"13","SEC61A1"
0,1.6313358427252,0.525,0.102,0,"13","SEC13"
0,1.13419043471585,0.657,0.234,0,"13","NHP2"
0,1.92215771581827,0.535,0.113,0,"13","PTCH2"
0,1.8197880667504,0.515,0.093,0,"13","NANS"
0,1.11780127356879,0.596,0.174,0,"13","NDUFAF3"
0,2.58400511575971,0.687,0.266,0,"13","RGS2"
0,1.60940983783204,0.515,0.094,0,"13","MARS"
0,2.32083291121764,0.505,0.086,0,"13","RASSF2"
0,6.16792007603748,0.424,0.005,0,"13","LINC00996"
0,2.91322831965122,0.455,0.037,0,"13","FGD2"
0,1.36739595346172,0.535,0.118,0,"13","DNAJC4"
0,3.60837026113405,0.475,0.058,0,"13","IFIT2"
0,1.46121893910187,0.566,0.149,0,"13","ZCCHC8"
0,3.47919649329431,0.444,0.028,0,"13","WDFY4"
0,0.952969596431081,0.606,0.19,0,"13","ZNF791"
0,1.74386160594983,0.525,0.111,0,"13","RNF5"
0,11.8906450449325,0.414,0,0,"13","SHD"
0,1.97370626372869,0.515,0.103,0,"13","NFKBID"
0,7.16591213736341,0.414,0.002,0,"13","RHEX"
0,1.37133523277318,0.566,0.154,0,"13","NDUFA7"
0,2.35105450349427,0.98,0.569,0,"13","SPCS1"
0,7.39075879784682,0.414,0.003,0,"13","PHEX"
0,0.757918621397952,0.606,0.195,0,"13","SCAMP2"
0,1.41461591786452,0.97,0.559,0,"13","MCL1"
0,1.41705045915633,0.556,0.146,0,"13","GOLGA3"
0,1.34955735403644,0.535,0.126,0,"13","AKR1A1"
0,3.63021807232691,0.455,0.046,0,"13","AL355075.4"
0,3.89738887683282,0.434,0.025,0,"13","CYSTM1"
0,2.00613026214053,0.495,0.087,0,"13","ATG101"
0,2.15239404653869,0.495,0.087,0,"13","MAP2K6"
0,2.28616521228855,0.768,0.361,0,"13","GZMB"
0,1.85169914274905,0.495,0.088,0,"13","MIF4GD"
0,1.10267216752819,0.596,0.189,0,"13","LMO4"
0,5.5176390254633,0.414,0.007,0,"13","SCARB1"
0,2.49226261421526,0.475,0.069,0,"13","MOB1B"
0,1.44262856450541,0.525,0.12,0,"13","RHOQ"
0,1.60362638034476,0.586,0.181,0,"13","DDB1"
0,1.87358575933407,0.525,0.122,0,"13","RASGEF1B"
0,8.02796270118882,0.404,0.001,0,"13","SCAMP5"
0,1.50311628764437,0.566,0.164,0,"13","NUDT1"
0,2.62147185335699,0.475,0.074,0,"13","RELT"
0,1.82417103246009,0.505,0.105,0,"13","GPATCH11"
0,1.13677553628812,0.576,0.177,0,"13","TMX1"
0,3.97152337076536,0.414,0.016,0,"13","RUBCNL"
0,0.808485326241463,0.566,0.169,0,"13","TXNDC17"
0,1.08063665497156,0.606,0.21,0,"13","VMA21"
0,2.16673579412527,0.455,0.06,0,"13","HDAC9"
0,1.10034392832594,0.535,0.14,0,"13","HINT2"
0,1.92981632690068,0.475,0.08,0,"13","SIDT1"
0,1.730082336963,0.505,0.111,0,"13","SEPT11"
0,1.11836468125725,0.556,0.162,0,"13","NAPA"
0,0.977406012712167,0.596,0.203,0,"13","SEC63"
0,1.83168767856787,0.475,0.082,0,"13","ULK1"
0,2.24945326986399,0.455,0.063,0,"13","SLC1A5"
0,1.13624533183329,0.545,0.154,0,"13","DMXL1"
0,1.69122908025516,0.495,0.104,0,"13","PARP10"
0,2.00055431638744,0.475,0.084,0,"13","ARHGAP27"
0,1.2781884664388,0.545,0.155,0,"13","UBE2E3"
0,1.65245148601945,0.545,0.155,0,"13","TCOF1"
0,2.46227534006098,0.434,0.044,0,"13","DHTKD1"
0,2.67382913146758,0.434,0.044,0,"13","SPATS2"
0,1.19669382166925,0.525,0.135,0,"13","CNDP2"
0,1.42791853245823,0.515,0.126,0,"13","SMARCB1"
0,1.09216479064925,0.566,0.177,0,"13","ADPGK"
0,1.5935067484882,0.495,0.107,0,"13","MRPL36"
0,1.42945121163793,0.505,0.117,0,"13","PAIP1"
0,5.58612698284864,0.394,0.006,0,"13","CIB2"
0,1.34439232081339,0.535,0.147,0,"13","BID"
0,0.989142259147018,0.566,0.179,0,"13","MRPS33"
0,1.18134917920653,0.515,0.129,0,"13","CISD2"
0,1.01427527153434,0.566,0.18,0,"13","AKIRIN2"
0,1.0695634579954,0.535,0.15,0,"13","HDAC2"
0,5.13811841320868,0.394,0.009,0,"13","AC023590.1"
0,1.08574130228722,0.566,0.183,0,"13","KDELR1"
0,1.71676033955124,0.99,0.608,0,"13","SEC61G"
0,0.843872294508187,0.545,0.163,0,"13","PTPMT1"
0,1.50516032798766,0.525,0.143,0,"13","Z93241.1"
0,2.11890158609374,0.444,0.063,0,"13","LIMD1"
0,0.929018627930383,0.535,0.154,0,"13","RTN3"
0,1.04200648894305,0.556,0.176,0,"13","GRSF1"
0,1.92798516537917,0.455,0.075,0,"13","AC005224.3"
0,1.34680737162575,0.525,0.146,0,"13","ALG5"
0,3.05659083142783,0.404,0.027,0,"13","SLC1A4"
0,4.25292069571689,0.394,0.017,0,"13","AEBP1"
0,0.94083762032486,0.535,0.158,0,"13","ACADVL"
0,2.87849676459031,0.404,0.028,0,"13","TBC1D9"
0,1.61808100681107,0.485,0.11,0,"13","FABP5"
0,3.3411989160313,0.404,0.029,0,"13","PARVB"
0,1.08484355133408,0.535,0.161,0,"13","GLO1"
0,2.13945245206968,0.99,0.616,0,"13","PPIB"
0,3.5808223793318,0.455,0.081,0,"13","LDLRAD4"
0,1.9640297470258,0.444,0.071,0,"13","ANTXR2"
0,1.98019828791704,0.444,0.071,0,"13","METTL7A"
0,1.49701881144632,0.556,0.184,0,"13","ERLEC1"
0,2.31122140776735,0.434,0.062,0,"13","DCPS"
0,0.934293970461549,0.525,0.154,0,"13","HSBP1"
0,1.04184486516694,0.505,0.135,0,"13","MAGT1"
0,3.63293112377839,0.384,0.014,0,"13","DENND5B"
0,2.69121510151226,0.414,0.044,0,"13","KCTD5"
0,2.60159995133915,0.434,0.065,0,"13","FLNB"
0,1.25754830386612,0.505,0.136,0,"13","TCEAL8"
0,1.1616538998227,0.495,0.127,0,"13","ZDHHC21"
0,2.35673694802453,0.394,0.027,0,"13","FCRL5"
0,1.184805846716,0.515,0.148,0,"13","TMEM141"
0,1.50142556541669,0.455,0.088,0,"13","IVD"
0,1.6119537663739,0.485,0.119,0,"13","TMEM109"
0,3.221495586799,0.384,0.019,0,"13","PPP1R14A"
0,1.66222400257636,0.465,0.101,0,"13","TARBP1"
0,5.06842355902681,0.374,0.01,0,"13","TLR7"
0,9.56068333334916,0.364,0,0,"13","CUX2"
0,1.81887127027958,0.465,0.102,0,"13","NBPF14"
0,1.13394181739336,0.879,0.516,0,"13","HLA-DPB1"
0,3.65633446175616,0.384,0.021,0,"13","SCRN1"
0,2.91085593225064,1,0.637,0,"13","HSP90B1"
0,1.11392993893318,0.96,0.597,0,"13","ERP29"
0,1.30567015052292,0.778,0.416,0,"13","IRF2BP2"
0,1.34925631957222,0.515,0.153,0,"13","EDEM1"
0,1.65385382000424,0.455,0.093,0,"13","REPIN1"
0,1.33656029747282,0.475,0.113,0,"13","NFX1"
0,1.22139595186985,0.939,0.577,0,"13","TMEM258"
0,2.00202621371917,0.434,0.073,0,"13","CIITA"
0,1.17023129070844,0.505,0.146,0,"13","ERO1B"
0,1.20559379290403,0.515,0.156,0,"13","RAP1GDS1"
0,1.27032809374623,0.455,0.096,0,"13","SLC30A5"
0,4.58592417941182,0.374,0.015,0,"13","CLCN5"
0,1.22275422191548,0.455,0.096,0,"13","LILRB1"
0,5.97170939277382,0.364,0.007,0,"13","NOTCH4"
0,1.13417833365688,0.515,0.159,0,"13","MAP2K3"
0,3.51172565035809,0.384,0.029,0,"13","GPM6B"
0,1.178830957347,0.505,0.151,0,"13","GNL3"
0,2.32607886887635,0.444,0.09,0,"13","C3orf58"
0,1.96233008138178,0.414,0.06,0,"13","TEP1"
0,1.46809896608461,0.444,0.09,0,"13","LRRC59"
0,2.79610573817529,0.394,0.041,0,"13","RPS6KA4"
0,1.84549901837829,0.424,0.071,0,"13","AFF3"
0,8.76771817396249,0.354,0.001,0,"13","SLC7A11"
0,7.79841996844729,0.354,0.001,0,"13","SYCP2L"
0,1.64268827830717,0.414,0.061,0,"13","SETBP1"
0,1.22348478302139,0.465,0.114,0,"13","CSNK1E"
0,1.14207381663377,0.475,0.124,0,"13","RREB1"
0,6.40268335118399,0.354,0.003,0,"13","EGLN3"
0,0.874640695846511,0.485,0.135,0,"13","S100PBP"
0,1.82105514655614,0.414,0.066,0,"13","MCOLN2"
0,1.76739407702811,0.424,0.078,0,"13","FEZ2"
0,0.997750283896135,0.485,0.139,0,"13","OXR1"
0,1.42031050303876,0.434,0.089,0,"13","YWHAG"
0,5.63549224873804,0.354,0.01,0,"13","TXNDC5"
0,4.15169538123339,0.364,0.02,0,"13","CSF2RA"
0,1.18492907962221,0.444,0.102,0,"13","MARCH1"
0,2.16289988467792,0.404,0.062,0,"13","DDAH2"
0,4.44369184942573,0.354,0.012,0,"13","LRRK1"
0,1.10999537156943,0.455,0.114,0,"13","PMM2"
0,1.77377875029216,0.465,0.125,0,"13","LAIR1"
0,1.46929440150137,0.485,0.145,0,"13","RNF11"
0,4.16233993819054,0.354,0.015,0,"13","PMEPA1"
0,2.91998606429669,0.374,0.036,0,"13","FZD3"
0,1.76092160797375,0.404,0.066,0,"13","XPNPEP1"
0,1.1665792613089,0.475,0.137,0,"13","BTAF1"
0,1.40025661841408,0.444,0.107,0,"13","SCAMP4"
0,0.860654500278809,0.475,0.138,0,"13","USP24"
0,2.28753845562146,0.394,0.058,0,"13","FMNL3"
0,1.47127071039803,0.465,0.13,0,"13","OTULINL"
0,2.22403492706035,0.394,0.059,0,"13","IGFLR1"
0,1.9283929512904,0.404,0.07,0,"13","ZDHHC4"
0,1.9916624390582,0.394,0.06,0,"13","CNP"
0,1.20425589487598,0.475,0.141,0,"13","U2AF1"
0,2.10969448223861,0.404,0.071,0,"13","KLHL6"
0,1.42847084725579,0.424,0.091,0,"13","SRPRB"
0,1.13689434593102,0.455,0.123,0,"13","ACADM"
0,1.54197340842959,0.394,0.062,0,"13","COPG1"
0,1.03335614529575,0.465,0.133,0,"13","STAT2"
0,1.88804180132178,0.414,0.082,0,"13","NADK"
0,1.47357827713571,0.434,0.103,0,"13","SND1"
0,2.26103183079807,0.374,0.044,0,"13","MYL6B"
0,1.42941929882621,0.404,0.075,0,"13","PIK3CG"
0,1.90666459719123,0.414,0.085,0,"13","MIR22HG"
0,1.90611377217308,0.384,0.056,0,"13","CD302"
0,1.73717877771668,0.394,0.066,0,"13","LARP1B"
0,7.08926341797275,0.333,0.005,0,"13","TNFRSF17"
0,1.66557150964487,0.404,0.077,0,"13","OAS1"
0,0.943859667325778,1,0.673,0,"13","SERP1"
0,2.65483667604568,0.374,0.048,0,"13","TAX1BP3"
0,1.72849404873252,0.424,0.098,0,"13","ARHGAP17"
0,3.31913420426173,0.354,0.029,0,"13","CXCR3"
0,1.70297204753849,0.394,0.07,0,"13","HSD17B4"
0,4.88139738754282,0.333,0.009,0,"13","TUBB6"
0,1.0390946757119,0.444,0.121,0,"13","NOTCH2"
0,4.77000867449724,0.333,0.01,0,"13","AL096865.1"
0,1.82418682743466,0.434,0.111,0,"13","ERCC1"
0,1.3764065087069,0.424,0.103,0,"13","TMA16"
0,1.33136468129197,0.414,0.094,0,"13","TENT4A"
0,1.03975831799288,0.434,0.115,0,"13","CRTAP"
0,2.84896439001279,0.384,0.066,0,"13","ZBTB18"
0,1.23541481116542,0.424,0.106,0,"13","CCDC32"
0,2.39957716962799,0.364,0.047,0,"13","CDCA7L"
0,1.18716014603043,0.424,0.107,0,"13","SFMBT2"
0,2.01899677333902,0.384,0.068,0,"13","CHML"
0,9.70355509063479,0.313,0,0,"13","AC011893.1"
0,1.06463277304188,0.434,0.121,0,"13","GORASP2"
0,2.09379871421425,0.364,0.051,0,"13","CHAMP1"
0,1.46241265498335,0.424,0.111,0,"13","SLC35E1"
0,1.36797553254214,0.394,0.082,0,"13","SLC33A1"
0,1.42036626661153,0.404,0.093,0,"13","LTV1"
0,1.72535430363225,0.384,0.073,0,"13","MCUR1"
0,1.39038013774044,0.384,0.073,0,"13","MGAT2"
0,6.91186208545219,0.313,0.002,0,"13","PTPRS"
0,1.44410437405615,0.384,0.073,0,"13","HSPA13"
0,4.04135408477768,0.343,0.033,0,"13","TCL1A"
0,1.02753542120237,0.434,0.124,0,"13","NAGK"
0,2.07364363110272,0.374,0.064,0,"13","SUSD1"
0,0.970693376065835,0.404,0.095,0,"13","DAPP1"
0,4.86372129123913,0.313,0.004,0,"13","SMIM5"
0,1.8544699093031,0.374,0.066,0,"13","TTC7A"
0,1.17480123777378,0.434,0.126,0,"13","NDRG1"
0,1.03105263070907,0.414,0.106,0,"13","COQ4"
0,0.964877403459752,0.414,0.107,0,"13","ARL1"
0,3.90280185179034,0.323,0.016,0,"13","P2RX1"
0,1.50202272150555,0.394,0.088,0,"13","ADA"
0,5.27318074131898,0.313,0.007,0,"13","LHFPL2"
0,3.12610495545713,0.333,0.027,0,"13","MAN2B1"
0,1.42706332899082,0.394,0.089,0,"13","ARHGAP18"
0,1.89357917407484,0.364,0.059,0,"13","BET1"
0,2.99231039956025,0.333,0.029,0,"13","RBM47"
0,1.63322216242057,0.364,0.06,0,"13","SND1-IT1"
0,13.1227506838113,0.303,0,0,"13","EPHA2"
0,0.844749538023683,0.414,0.111,0,"13","FASTK"
0,13.1345746810883,0.303,0,0,"13","ASIP"
0,2.44335618788639,0.343,0.041,0,"13","ATP13A2"
0,2.70022632948257,0.343,0.041,0,"13","UBE2E2"
0,1.74187888374817,0.374,0.072,0,"13","NME4"
0,6.75590399479035,0.303,0.002,0,"13","SLC35F3"
0,1.79528540953203,0.354,0.053,0,"13","MTURN"
0,6.77819488139965,0.303,0.002,0,"13","SLC41A2"
0,0.971232064811309,0.404,0.104,0,"13","SDE2"
0,1.28521168403768,0.404,0.104,0,"13","PIK3AP1"
0,3.45104116308441,0.313,0.014,0,"13","CHPF"
0,6.56102213554145,0.303,0.004,0,"13","MYBL2"
0,1.89535126798574,0.364,0.066,0,"13","RIOX2"
0,2.12538980978006,0.374,0.076,0,"13","CD38"
0,2.27128019311741,0.343,0.046,0,"13","NCF4"
0,1.16903911521969,0.404,0.108,0,"13","CARD11"
0,1.38364134977298,0.394,0.098,0,"13","ETV6"
0,2.09042559937463,0.354,0.058,0,"13","MYCBP"
0,0.97019812775491,0.404,0.109,0,"13","TMEM70"
0,2.49141396687959,0.323,0.028,0,"13","HYI"
0,3.1494073352361,0.323,0.028,0,"13","PLXNB2"
0,3.23570905345927,0.323,0.029,0,"13","CRYBG3"
0,1.58587260922542,0.364,0.071,0,"13","SLC39A6"
0,2.45121512980227,0.333,0.041,0,"13","PRKCD"
0,1.49924861747874,0.384,0.092,0,"13","UCHL3"
0,2.11081130954074,0.354,0.062,0,"13","PGD"
0,3.82604418271841,0.313,0.021,0,"13","AC034236.2"
0,4.83882960936241,0.303,0.011,0,"13","TNNI2"
0,1.1212676121244,0.394,0.103,0,"13","HSD17B12"
0,1.96934210936919,0.343,0.052,0,"13","KIAA0930"
0,1.41425206139808,0.364,0.073,0,"13","DEF8"
0,0.999911847174396,0.384,0.096,0,"13","SNX29"
0,5.63502044194293,0.293,0.006,0,"13","ST14"
0,1.53876708315678,0.374,0.09,0,"13","SLC25A28"
0,3.9167533143982,0.303,0.019,0,"13","GNA15"
0,1.06702058533225,0.384,0.102,0,"13","SLC38A10"
0,1.96400696316636,1,0.72,0,"13","SSR4"
0,2.99314494171402,0.313,0.035,0,"13","AL136987.1"
0,1.20012806591468,0.364,0.087,0,"13","HVCN1"
0,1.0124607793403,0.364,0.087,0,"13","MPDU1"
0,1.0974808356089,0.374,0.097,0,"13","KIAA0100"
0,1.46179352001355,0.384,0.109,0,"13","HIVEP1"
0,1.35096758512873,0.354,0.079,0,"13","MTHFD2L"
0,1.8641582777906,0.323,0.049,0,"13","ADAM19"
0,1.30609650967889,0.97,0.697,0,"13","CALM2"
0,2.500903395097,0.313,0.04,0,"13","TMEM170B"
0,1.59038927294567,0.343,0.07,0,"13","WARS"
0,2.16637795255086,0.323,0.05,0,"13","C15orf39"
0,1.86974292371294,0.323,0.051,0,"13","IGSF6"
0,2.36527017951196,0.313,0.041,0,"13","ATP6V0A1"
0,1.34922929544284,0.354,0.082,0,"13","NCSTN"
0,3.03049581073392,0.293,0.022,0,"13","SLC9A7"
0,1.8854198944013,0.333,0.063,0,"13","SEC24D"
0,3.16710607497491,0.303,0.033,0,"13","NAGA"
0,1.30120035119891,0.343,0.074,0,"13","SRGAP2"
0,1.77006323946615,0.323,0.054,0,"13","RHBDD1"
0,1.34843236350702,0.333,0.064,0,"13","GCSH"
0,5.39500194314906,0.273,0.005,0,"13","SEMA7A"
0,5.01411278741169,0.273,0.006,0,"13","GGH"
0,3.18206845278936,0.323,0.057,0,"13","ATF3"
0,1.42541591714461,0.354,0.088,0,"13","MARCH2"
0,1.28389193489073,0.354,0.09,0,"13","PXK"
0,1.6246307796213,0.333,0.069,0,"13","CDKN1A"
0,8.51494291981262,0.263,0,0,"13","HHIP-AS1"
0,1.81320082388722,0.323,0.06,0,"13","EIF4EBP1"
0,3.11323148449569,0.283,0.02,0,"13","SEMA4A"
0,1.77837743233776,0.323,0.061,0,"13","QDPR"
0,2.34668187087596,0.293,0.031,0,"13","CEP128"
0,4.20652765052466,0.273,0.011,0,"13","MYO1E"
0,1.9837709877227,0.313,0.051,0,"13","PPARA"
0,3.29024057377665,0.283,0.021,0,"13","DST"
0,2.64619568105014,0.283,0.021,0,"13","E2F5"
0,1.61396821782979,0.323,0.062,0,"13","UBL7"
0,2.4664340919322,0.293,0.033,0,"13","GMPPB"
0,1.84286751190025,0.303,0.043,0,"13","MAGED1"
0,2.58362385203233,0.283,0.024,0,"13","HIP1"
0,2.59724958197535,0.293,0.035,0,"13","KYNU"
0,1.67678816241387,0.313,0.055,0,"13","MSRB2"
0,1.348198668713,0.333,0.076,0,"13","METTL8"
0,1.3328501413723,0.323,0.066,0,"13","CGAS"
0,5.04925595330616,0.263,0.006,0,"13","FLT3"
0,2.03369772505196,0.313,0.056,0,"13","SIK1"
0,2.10690040247998,0.293,0.037,0,"13","AC139887.2"
0,1.89667498000995,0.313,0.057,0,"13","MTMR1"
0,1.48608405091638,0.323,0.068,0,"13","MICAL1"
0,4.44443651968066,0.263,0.009,0,"13","MCC"
0,2.01997521479323,0.313,0.061,0,"13","ZNF10"
0,5.49150389508348,0.253,0.003,0,"13","DPPA4"
0,1.27413974838905,0.313,0.063,0,"13","PGM3"
0,2.04856152058865,0.293,0.044,0,"13","CLECL1"
0,1.70661833808695,0.303,0.054,0,"13","MED26"
0,1.55474563253141,0.313,0.065,0,"13","IL18R1"
0,1.25809964816674,0.303,0.055,0,"13","DMXL2"
0,1.8566548016189,0.283,0.035,0,"13","CRIM1"
0,2.34448977232355,0.283,0.035,0,"13","BRCA2"
0,2.51813487256635,0.283,0.035,0,"13","MIR155HG"
0,1.76972901208848,0.293,0.046,0,"13","KCTD12"
0,1.96352689920783,0.283,0.036,0,"13","BTLA"
0,1.89098198931399,0.313,0.067,0,"13","RASA4"
0,4.81619274108237,0.253,0.007,0,"13","MILR1"
0,4.12328788006713,0.253,0.008,0,"13","SNCA"
0,1.20346278279305,0.323,0.078,0,"13","SLC39A7"
0,2.38579335008069,0.283,0.038,0,"13","GNB4"
0,3.23847709024712,0.263,0.02,0,"13","TEX2"
0,1.48088908269901,0.303,0.06,0,"13","MCM5"
0,2.23418422468297,0.283,0.04,0,"13","RIPOR1"
0,1.49629504666468,0.303,0.061,0,"13","VRK2"
0,1.6002755824516,0.293,0.051,0,"13","ISOC2"
0,1.13232065607797,0.313,0.071,0,"13","Z93930.2"
0,1.06367404626791,0.313,0.072,0,"13","MED25"
0,2.38805738988148,0.283,0.042,0,"13","SPATS2L"
0,2.09650194480351,0.869,0.629,0,"13","PLAC8"
0,1.87465524209493,0.283,0.043,0,"13","SEC61A2"
0,3.833302919784,0.253,0.014,0,"13","NREP"
0,1.17739734994829,0.313,0.074,0,"13","LINC01184"
0,2.23346334000253,0.283,0.044,0,"13","NIPSNAP3A"
0,1.75086048773444,0.293,0.054,0,"13","BRI3BP"
0,1.53112815584681,0.293,0.054,0,"13","TIMP2"
0,1.50039413651807,0.293,0.054,0,"13","YIF1B"
0,1.81910189395248,0.283,0.045,0,"13","BICD1"
0,1.38768822452573,0.303,0.065,0,"13","ENDOV"
0,1.31450697804563,0.293,0.055,0,"13","MGME1"
0,1.42234308882683,0.303,0.066,0,"13","STX18"
0,1.7069286735119,0.293,0.056,0,"13","SEPHS1"
0,1.94581327483023,0.283,0.046,0,"13","SERPINB8"
0,2.00014974282728,0.273,0.037,0,"13","WDR41"
0,1.60783696315626,0.293,0.058,0,"13","GRK3"
0,2.68201852685343,0.263,0.029,0,"13","HLA-DOA"
0,1.54560014673126,0.293,0.059,0,"13","CKS1B"
0,2.00045908086338,0.263,0.03,0,"13","C11orf80"
0,1.68578133080803,0.293,0.06,0,"13","DNAJB4"
0,2.16538715035138,0.263,0.031,0,"13","SLC2A6"
0,1.43462202985586,0.303,0.071,0,"13","SIL1"
0,1.96597753883569,0.283,0.051,0,"13","TP53INP2"
0,1.69286629548165,0.293,0.062,0,"13","MIIP"
0,1.47746875854475,0.293,0.062,0,"13","FUOM"
0,1.65989719082925,0.283,0.054,0,"13","ELL"
0,1.2237686289279,0.939,0.71,0,"13","FOSB"
0,1.28133976020499,0.293,0.065,0,"13","STAM2"
0,0.944478595545431,1,0.773,0,"13","GNAS"
0,1.78505001671179,0.273,0.047,0,"13","ATF5"
0,2.33999362647572,0.253,0.027,0,"13","FKBP14"
0,1.849819428678,0.263,0.039,0,"13","CMKLR1"
0,1.8898574572265,0.263,0.04,0,"13","TMEM268"
0,1.44527505028052,0.283,0.062,0,"13","DOPEY2"
0,1.45919516506971,0.273,0.053,0,"13","TATDN3"
0,1.44568948131196,0.273,0.053,0,"13","IL10RB"
0,2.1189674942322,0.253,0.033,0,"13","SH3TC1"
0,1.56492493178432,0.283,0.063,0,"13","VPS45"
0,1.2887886003596,0.283,0.063,0,"13","USP46"
0,1.57135640581769,0.273,0.055,0,"13","PEA15"
0,2.36386176669722,0.253,0.035,0,"13","TFEC"
0,1.32473099749506,0.283,0.065,0,"13","FGFR1OP"
0,2.18535774046416,0.253,0.036,0,"13","CCDC30"
0,1.9264625257446,0.253,0.037,0,"13","EFHC1"
0,0.929315916320519,0.263,0.048,0,"13","ADGRG5"
0,2.14218127904527,0.253,0.038,0,"13","MYO15B"
0,1.44872560244024,0.253,0.039,0,"13","TRIO"
0,1.9638280480288,0.253,0.04,0,"13","ALDH2"
0,0.869174742727476,0.98,0.767,0,"13","VIM"
0,1.63762445291833,0.263,0.053,0,"13","CHD1L"
0,1.26029053124057,0.263,0.053,0,"13","ARSA"
0,1.7040656891551,0.253,0.044,0,"13","SLC37A1"
0,1.83539685461468,0.253,0.045,0,"13","GPX7"
0,1.78478253148097,0.263,0.055,0,"13","HADH"
0,0.491176855162667,0.253,0.046,0,"13","RGS18"
0,1.41908040527031,0.253,0.05,0,"13","CLCC1"
0,1.15326806139164,0.253,0.052,0,"13","SCYL3"
0,1.57064756756855,0.253,0.053,0,"13","NKIRAS2"
0,0.857256689355125,0.99,0.799,0,"13","CHCHD2"
0,1.37697482143971,1,0.836,0,"13","SUB1"
0,1.17187561637406,1,0.89,0,"13","CYBA"
0,0.944564882435527,1,0.899,0,"13","SRP14"
0,0.721385028013033,1,0.951,0,"13","SERF2"
0,0.87153580938244,1,0.955,0,"13","FTH1"
2.22044604925031e-16,0.865985658532109,0.788,0.299,4.44355663375973e-12,"13","CHCHD10"
2.22044604925031e-16,1.00004362382952,0.788,0.323,4.44355663375973e-12,"13","TMED2"
2.22044604925031e-16,1.13222657510148,0.747,0.312,4.44355663375973e-12,"13","TM9SF3"
2.22044604925031e-16,0.950551872971608,0.667,0.24,4.44355663375973e-12,"13","C4orf48"
2.22044604925031e-16,1.06902181660959,0.747,0.33,4.44355663375973e-12,"13","COX5A"
2.22044604925031e-16,1.01938625949138,0.646,0.232,4.44355663375973e-12,"13","VPS36"
2.22044604925031e-16,1.02072799222208,0.566,0.189,4.44355663375973e-12,"13","ERGIC3"
2.22044604925031e-16,0.86949489947686,0.535,0.169,4.44355663375973e-12,"13","NUCB1"
2.22044604925031e-16,1.44861063669534,0.576,0.226,4.44355663375973e-12,"13","COQ7"
2.22044604925031e-16,1.13277761111448,0.485,0.152,4.44355663375973e-12,"13","PTRHD1"
2.22044604925031e-16,1.19981484756298,0.98,0.668,4.44355663375973e-12,"13","YPEL5"
2.22044604925031e-16,1.21043507470891,0.434,0.128,4.44355663375973e-12,"13","CCS"
2.22044604925031e-16,1.24275826498179,0.414,0.121,4.44355663375973e-12,"13","PDPK1"
2.22044604925031e-16,1.08543989148284,0.404,0.113,4.44355663375973e-12,"13","IFI35"
2.22044604925031e-16,0.960565763897322,0.384,0.104,4.44355663375973e-12,"13","TXLNA"
2.22044604925031e-16,1.11045918469418,0.384,0.104,4.44355663375973e-12,"13","NME1"
2.22044604925031e-16,1.12279413280808,0.364,0.097,4.44355663375973e-12,"13","CALU"
2.22044604925031e-16,1.08373524542551,0.354,0.092,4.44355663375973e-12,"13","JAK2"
2.22044604925031e-16,1.20524746028699,0.273,0.061,4.44355663375973e-12,"13","PSMD10"
2.22044604925031e-16,1.49037983836285,0.273,0.062,4.44355663375973e-12,"13","AL135925.1"
2.22044604925031e-16,1.21430212373909,0.263,0.057,4.44355663375973e-12,"13","CHPF2"
2.22044604925031e-16,1.43643988615785,0.263,0.059,4.44355663375973e-12,"13","SLC44A1"
2.22044604925031e-16,0.616795691362635,1,0.966,4.44355663375973e-12,"13","ATP5F1E"
4.44089209850063e-16,0.970462192372128,0.798,0.347,8.88711326751945e-12,"13","MAP3K2"
4.44089209850063e-16,0.771591443819554,0.505,0.155,8.88711326751945e-12,"13","TMEM179B"
4.44089209850063e-16,0.936949797606622,0.505,0.158,8.88711326751945e-12,"13","GANAB"
4.44089209850063e-16,1.53975037695209,0.293,0.071,8.88711326751945e-12,"13","ZBTB33"
6.66133814775094e-16,1.08078332953546,0.697,0.28,1.33306699012792e-11,"13","NCOA3"
6.66133814775094e-16,0.876180181438518,0.515,0.162,1.33306699012792e-11,"13","NUDT5"
6.66133814775094e-16,1.05933327465616,0.515,0.168,1.33306699012792e-11,"13","COPZ1"
6.66133814775094e-16,1.00535198833333,0.444,0.133,1.33306699012792e-11,"13","KHDC4"
6.66133814775094e-16,1.36287342066625,0.293,0.071,1.33306699012792e-11,"13","LIG3"
6.66133814775094e-16,1.35533406266342,0.263,0.059,1.33306699012792e-11,"13","STK38L"
8.88178419700125e-16,1.02985092104665,0.889,0.454,1.77742265350389e-11,"13","PEBP1"
8.88178419700125e-16,0.942324395101017,0.414,0.118,1.77742265350389e-11,"13","PRKRA"
8.88178419700125e-16,1.00445010893949,0.293,0.07,1.77742265350389e-11,"13","ZMYM6"
1.33226762955019e-15,0.942983233126429,0.828,0.358,2.66613398025584e-11,"13","SIVA1"
1.33226762955019e-15,0.989313197886645,0.788,0.35,2.66613398025584e-11,"13","NOP10"
1.33226762955019e-15,0.820002473920651,0.657,0.234,2.66613398025584e-11,"13","BAG1"
1.33226762955019e-15,1.05825243080026,0.343,0.091,2.66613398025584e-11,"13","CUL4B"
1.33226762955019e-15,0.730927908841589,0.98,0.821,2.66613398025584e-11,"13","HINT1"
1.55431223447522e-15,0.879945521601103,0.828,0.342,3.11048964363181e-11,"13","COX17"
1.55431223447522e-15,0.933183642214515,0.667,0.249,3.11048964363181e-11,"13","SRPRA"
1.55431223447522e-15,0.81147162072133,0.606,0.209,3.11048964363181e-11,"13","NARS"
1.55431223447522e-15,1.10022288298717,0.404,0.118,3.11048964363181e-11,"13","SDHAF3"
2.22044604925031e-15,1.22002112342944,0.273,0.064,4.44355663375973e-11,"13","HSDL2"
2.44249065417534e-15,0.93759058397308,0.394,0.112,4.8879122971357e-11,"13","EDEM3"
2.44249065417534e-15,1.15093834055984,0.303,0.076,4.8879122971357e-11,"13","CCDC112"
2.66453525910038e-15,1.10476554699673,0.343,0.092,5.33226796051167e-11,"13","RIC1"
3.10862446895044e-15,1.13181448999944,0.313,0.08,6.22097928726362e-11,"13","UNC119"
3.33066907387547e-15,0.921123368127707,0.929,0.507,6.66533495063959e-11,"13","SELENOH"
3.5527136788005e-15,0.812760848429526,0.455,0.139,7.10969061401556e-11,"13","USO1"
3.77475828372553e-15,1.09420594837269,0.798,0.47,7.55404627739154e-11,"13","SELL"
4.21884749357559e-15,0.922363658875859,0.323,0.083,8.44275760414348e-11,"13","EDEM2"
4.44089209850063e-15,1.08493763312777,0.505,0.172,8.88711326751945e-11,"13","ACSL3"
4.66293670342566e-15,0.921802909820191,0.576,0.201,9.33146893089543e-11,"13","HMGA1"
4.88498130835069e-15,0.985391086866256,0.657,0.25,9.7758245942714e-11,"13","TMED9"
4.88498130835069e-15,1.18034283243957,0.323,0.086,9.7758245942714e-11,"13","SNX18"
5.10702591327572e-15,0.98187261216195,0.747,0.318,1.02201802576474e-10,"13","LMAN2"
5.32907051820075e-15,0.866623803306401,0.828,0.357,1.06645359210233e-10,"13","ATP5F1B"
5.32907051820075e-15,1.10987905625071,0.838,0.453,1.06645359210233e-10,"13","TUBA1B"
5.77315972805081e-15,0.946925034758125,0.333,0.088,1.15532472477753e-10,"13","FAM207A"
5.99520433297585e-15,0.966402772903196,0.687,0.282,1.19976029111513e-10,"13","USF2"
6.66133814775094e-15,1.01813422342378,0.717,0.308,1.33306699012792e-10,"13","TACC1"
6.88338275267597e-15,0.989265159674356,0.273,0.065,1.37750255646552e-10,"13","GALNT3"
6.88338275267597e-15,1.32744266471326,0.273,0.066,1.37750255646552e-10,"13","SYVN1"
7.32747196252603e-15,1.15819208083802,0.343,0.096,1.46637368914071e-10,"13","GCA"
7.54951656745106e-15,0.821200670220152,0.939,0.504,1.51080925547831e-10,"13","MDM4"
7.54951656745106e-15,1.49113776916229,0.333,0.093,1.51080925547831e-10,"13","TXNDC11"
7.7715611723761e-15,0.818865897685167,0.475,0.149,1.5552448218159e-10,"13","CYC1"
8.21565038222616e-15,1.42884293687689,0.929,0.603,1.6441159544911e-10,"13","BTG2"
8.88178419700125e-15,0.83592001369315,0.677,0.261,1.77742265350389e-10,"13","PHPT1"
1.02140518265514e-14,1.4005884657134,0.444,0.152,2.04403605152947e-10,"13","ELMSAN1"
1.06581410364015e-14,0.926708265064527,0.505,0.167,2.13290718420467e-10,"13","DNM2"
1.06581410364015e-14,1.02384447494619,0.293,0.074,2.13290718420467e-10,"13","ATP6V1A"
1.06581410364015e-14,0.666377558588373,1,0.875,2.13290718420467e-10,"13","MYL6"
1.08801856413265e-14,0.943222588533344,0.818,0.386,2.17734275054227e-10,"13","KIF5B"
1.11022302462516e-14,0.404361383411302,1,0.999,2.22177831687986e-10,"13","MT-ND1"
1.13242748511766e-14,0.966127576816111,0.414,0.126,2.26621388321746e-10,"13","MDN1"
1.19904086659517e-14,0.730846556253691,0.485,0.156,2.39952058223025e-10,"13","ADK"
1.19904086659517e-14,0.671829848703413,0.303,0.078,2.39952058223025e-10,"13","CYB5D2"
1.22124532708767e-14,0.750196003505732,0.424,0.127,2.44395614856785e-10,"13","RMDN1"
1.24344978758018e-14,0.77879849333293,0.545,0.186,2.48839171490545e-10,"13","UFL1"
1.35447209004269e-14,1.18758658580894,0.293,0.075,2.71056954659343e-10,"13","PAK1IP1"
1.37667655053519e-14,1.04698648245605,0.515,0.178,2.75500511293103e-10,"13","MFSD14C"
1.53210777398272e-14,1.28010846034637,0.343,0.097,3.06605407729421e-10,"13","JKAMP"
1.55431223447522e-14,1.23415983212257,0.384,0.115,3.11048964363181e-10,"13","NOLC1"
1.73194791841524e-14,0.844179738837367,0.909,0.432,3.46597417433259e-10,"13","RBX1"
1.73194791841524e-14,0.65748193080078,0.535,0.176,3.46597417433259e-10,"13","C18orf32"
1.82076576038526e-14,1.04172016105492,0.475,0.159,3.64371643968298e-10,"13","CLPTM1L"
1.86517468137026e-14,0.839266306749138,0.606,0.216,3.73258757235817e-10,"13","NDUFB6"
1.93178806284777e-14,0.960176535424614,0.343,0.095,3.86589427137096e-10,"13","TMED3"
1.95399252334028e-14,1.24592412506037,0.263,0.063,3.91032983770856e-10,"13","ABCB8"
1.99840144432528e-14,1.01055807059933,0.303,0.078,3.99920097038375e-10,"13","DCAF6"
2.04281036531029e-14,1.10239409429995,0.889,0.502,4.08807210305895e-10,"13","DNAJA1"
2.1538326677728e-14,0.876722923330303,0.727,0.298,4.31024993474693e-10,"13","NMT1"
2.28705943072782e-14,0.91589247930145,0.465,0.148,4.57686333277252e-10,"13","MNAT1"
2.44249065417534e-14,1.0783043121349,0.354,0.101,4.8879122971357e-10,"13","PI4KA"
2.48689957516035e-14,0.808270285556335,0.889,0.411,4.97678342981089e-10,"13","NDUFC2"
2.50910403565285e-14,0.873325721801115,0.465,0.15,5.02121899614849e-10,"13","MAP2K1"
2.57571741713036e-14,1.045185400929,0.273,0.067,5.15452569516128e-10,"13","SLC12A2"
2.68673971959288e-14,0.917484398092322,0.354,0.099,5.37670352684927e-10,"13","UBA5"
2.8643754035329e-14,0.94511749302648,0.333,0.09,5.73218805755005e-10,"13","MAD2L2"
3.08642000845794e-14,0.812861724360036,0.475,0.153,6.17654372092602e-10,"13","LAMP2"
3.17523785042795e-14,1.22441936129732,0.253,0.06,6.35428598627641e-10,"13","BEST1"
3.30846461338297e-14,0.804986169062028,0.909,0.45,6.62089938430199e-10,"13","DSTN"
3.37507799486048e-14,0.982507213805588,0.283,0.071,6.75420608331478e-10,"13","HPS5"
3.530509218308e-14,0.784576814117448,0.495,0.162,7.06525504767797e-10,"13","COX16"
3.77475828372553e-14,0.689719229479109,0.374,0.108,7.55404627739154e-10,"13","LCORL"
3.88578058618805e-14,0.850923399960274,0.414,0.127,7.77622410907952e-10,"13","MTMR9"
3.95239396766556e-14,0.659151300950511,0.566,0.191,7.90953080809231e-10,"13","TMEM248"
4.04121180963557e-14,1.07529461014159,0.626,0.256,8.0872730734427e-10,"13","DBNL"
4.32986979603811e-14,1.46147914900089,0.263,0.066,8.66493543583147e-10,"13","PLIN3"
4.77395900588817e-14,0.851918012392859,0.818,0.355,9.55364676258341e-10,"13","LAMTOR5"
4.79616346638068e-14,0.943724364067394,0.444,0.147,9.59808232892101e-10,"13","KLF10"
4.88498130835069e-14,0.696960016229033,0.384,0.111,9.7758245942714e-10,"13","ITFG1"
5.15143483426073e-14,8.09940874738064,0.364,0.118,1.03090513903226e-09,"13","IGHA1"
5.17363929475323e-14,0.665480003303454,0.646,0.236,1.03534869566602e-09,"13","INPP4A"
5.32907051820075e-14,0.724169811868743,0.545,0.187,1.06645359210233e-09,"13","ITCH"
5.32907051820075e-14,0.956139556036228,0.313,0.084,1.06645359210233e-09,"13","MPV17"
5.61772850460329e-14,1.51282020252936,0.343,0.104,1.12421982834121e-09,"13","GRASP"
5.81756864903582e-14,1.16641839819584,0.283,0.073,1.16421183804505e-09,"13","AGPAT5"
6.15063555642337e-14,0.748548297671911,0.384,0.112,1.23086518755144e-09,"13","MRPL28"
6.50590692430342e-14,0.803226667373448,0.677,0.267,1.3019620936916e-09,"13","RNF149"
6.79456491070596e-14,1.0340002541324,0.485,0.168,1.35972832993048e-09,"13","WDFY2"
6.81676937119846e-14,0.536072581390156,0.99,0.935,1.36417188656424e-09,"13","RPLP0"
7.01660951563099e-14,1.17581100152321,0.253,0.061,1.40416389626807e-09,"13","NHLRC2"
7.0832228971085e-14,0.89129497588197,0.434,0.14,1.41749456616935e-09,"13","PTTG1IP"
7.14983627858601e-14,0.758618748546579,0.424,0.131,1.43082523607063e-09,"13","R3HDM1"
7.41628980449605e-14,0.80779263380657,0.303,0.08,1.48414791567575e-09,"13","GNL2"
8.39328606616618e-14,0.851928549816602,0.808,0.369,1.67966440756118e-09,"13","TMCO1"
8.88178419700125e-14,1.00156005612066,0.313,0.085,1.77742265350389e-09,"13","CKAP2"
8.94839757847876e-14,0.760456791647666,0.828,0.361,1.79075332340517e-09,"13","ROMO1"
8.97060203897126e-14,0.613254804957603,0.99,0.822,1.79519688003893e-09,"13","OST4"
9.2148511043888e-14,1.11366973122769,0.323,0.09,1.84407600301029e-09,"13","PQLC1"
9.28146448586631e-14,1.3169673299943,0.273,0.07,1.85740667291157e-09,"13","ZSWIM6"
1.01696429055664e-13,0.902267090409382,0.525,0.191,2.03514893826195e-09,"13","TET2"
1.02584607475364e-13,0.73726794922244,0.606,0.22,2.05292316479699e-09,"13","CAPRIN1"
1.02806652080289e-13,0.860423600431311,0.697,0.28,2.05736672143075e-09,"13","SUMO3"
1.0591527654924e-13,1.09826467193859,0.374,0.114,2.11957651430339e-09,"13","UBE2W"
1.10356168647741e-13,1.02782110749455,0.707,0.323,2.20844764697858e-09,"13","NDUFV2"
1.19015908239817e-13,0.967622467294035,0.697,0.294,2.38174635569521e-09,"13","ATP5MC1"
1.23012711128467e-13,0.984600613178911,0.515,0.184,2.46173037510289e-09,"13","ETF1"
1.33226762955019e-13,0.732495818685837,0.818,0.358,2.66613398025584e-09,"13","SRP19"
1.33670852164869e-13,0.831258176792646,0.485,0.164,2.67502109352336e-09,"13","TMX3"
1.34336985979644e-13,0.975081111075582,0.293,0.077,2.68835176342463e-09,"13","FBH1"
1.35447209004269e-13,0.810108594789104,0.485,0.164,2.71056954659343e-09,"13","POLK"
1.46771483855446e-13,0.923742433797592,0.828,0.392,2.93719093491518e-09,"13","UFM1"
1.52322598978571e-13,1.02216290228055,0.818,0.55,3.04827985075917e-09,"13","SAMHD1"
1.61870516990348e-13,0.718987849131343,0.535,0.184,3.23935278601084e-09,"13","LPXN"
1.64979141459298e-13,0.709275576868709,1,0.665,3.30156257888348e-09,"13","TMBIM6"
1.66533453693773e-13,0.976131576586155,0.263,0.065,3.33266747531979e-09,"13","CETN2"
1.91180404840452e-13,0.761660692416757,0.556,0.199,3.82590226166712e-09,"13","ECHDC1"
1.99840144432528e-13,0.737096283421657,0.505,0.173,3.99920097038375e-09,"13","KATNBL1"
2.08943973234454e-13,1.25322852847202,0.374,0.117,4.1813867923679e-09,"13","CRELD2"
2.1316282072803e-13,0.870587375265746,0.576,0.216,4.26581436840934e-09,"13","CHMP5"
2.14273043752655e-13,0.98275667618111,0.545,0.204,4.28803215157814e-09,"13","PARVG"
2.32924790566358e-13,1.12721428511958,0.333,0.097,4.66129090881395e-09,"13","PPP1R9B"
2.33590924381133e-13,0.832787883671179,0.707,0.303,4.67462157871523e-09,"13","TRIM44"
2.37587727269783e-13,0.791390392057478,0.545,0.195,4.75460559812291e-09,"13","MLF2"
2.4535928844216e-13,0.70368845191937,0.364,0.106,4.9101300803045e-09,"13","RAB2B"
2.61346499996762e-13,0.799828580194333,0.939,0.539,5.2300661579352e-09,"13","ATP5MF"
2.65565347490337e-13,0.974254222555318,0.293,0.079,5.31449373397663e-09,"13","TUBGCP3"
2.8110846983509e-13,0.836136302945453,0.727,0.308,5.62554269833981e-09,"13","PFDN2"
3.26183524634871e-13,0.8543288246263,0.505,0.177,6.52758469499304e-09,"13","SYNGR2"
3.39950290140223e-13,0.930687948467615,0.606,0.241,6.80308520628614e-09,"13","PIM3"
3.50830475781549e-13,0.819447202775272,0.323,0.091,7.02081948134037e-09,"13","DDI2"
3.59490215373626e-13,0.918756516803363,0.485,0.169,7.194118190057e-09,"13","BEX4"
3.62154750632726e-13,0.899778656395254,0.697,0.313,7.24744086966211e-09,"13","H2AFY"
3.66151553521377e-13,0.461803311867722,1,0.955,7.32742488906979e-09,"13","H3F3A"
3.8924419243358e-13,0.807928275143819,0.626,0.238,7.7895547789808e-09,"13","TMED5"
4.11004563716233e-13,0.962526203295839,0.354,0.105,8.22502332908925e-09,"13","RPL26L1"
4.15001366604884e-13,0.748311728630642,0.646,0.248,8.30500734849693e-09,"13","ERGIC2"
4.21218615542784e-13,0.808086349791451,0.354,0.104,8.4294269342422e-09,"13","VKORC1"
4.51416681812589e-13,1.00325783256292,0.455,0.157,9.03375063643352e-09,"13","UBXN2A"
4.52082815627364e-13,0.963615046507485,0.384,0.121,9.0470813063348e-09,"13","PECAM1"
4.55635529306164e-13,0.677770068576259,0.313,0.086,9.11817821247496e-09,"13","CCDC117"
4.56523707725864e-13,0.906318121317121,0.333,0.096,9.13595243901e-09,"13","HIBCH"
4.5807801996034e-13,0.796270016610592,0.889,0.468,9.16705733544632e-09,"13","SELENOF"
4.69402294811516e-13,0.876760696435826,0.535,0.194,9.39367872376806e-09,"13","DNAJB9"
4.79616346638068e-13,1.32718192489266,0.263,0.069,9.59808232892101e-09,"13","FAM49A"
4.79838391242993e-13,0.749337098034579,0.303,0.082,9.60252588555477e-09,"13","SEC23B"
4.90940621489244e-13,0.785549443122492,0.556,0.201,9.82470371724276e-09,"13","ENTPD4"
5.22915044598449e-13,0.803273036492593,0.596,0.231,1.04645758725042e-08,"13","APPL1"
5.34683408659475e-13,1.87399350368242,0.283,0.081,1.07000843740934e-08,"13","PRDX4"
5.91748872125208e-13,0.829487377696968,0.303,0.084,1.18420784289697e-08,"13","RUFY1"
5.93525228964609e-13,0.818863958436784,0.818,0.372,1.18776268820397e-08,"13","PSMA2"
6.0018656711236e-13,0.901370618622449,0.333,0.097,1.20109335810525e-08,"13","CLPTM1"
6.47482067961391e-13,0.829141104370985,0.354,0.105,1.29574111440434e-08,"13","ACSL4"
6.47926157171241e-13,0.72950161048966,0.465,0.154,1.29662982573109e-08,"13","STOML2"
6.56141807553468e-13,0.722621527370099,0.727,0.307,1.313070985276e-08,"13","EIF3J"
6.58806342812568e-13,0.572738439673612,0.545,0.187,1.31840325323651e-08,"13","VBP1"
7.17648163117701e-13,0.417392717239027,0.818,0.363,1.43615750403114e-08,"13","LGALS1"
7.52509166090931e-13,0.983886642439155,0.576,0.239,1.50592134318117e-08,"13","AC103591.3"
7.66053886991358e-13,0.968577672314555,0.283,0.075,1.53302703864711e-08,"13","MRPS14"
7.82263143150885e-13,0.781263858905594,0.505,0.176,1.56546500207355e-08,"13","MGAT1"
8.02469202199063e-13,0.885063589858792,0.394,0.125,1.60590136744077e-08,"13","PBX2"
8.11350986396064e-13,0.528209349822596,0.99,0.903,1.6236755939758e-08,"13","PPIA"
8.1556983388964e-13,0.744137854166627,0.434,0.14,1.63211835157995e-08,"13","COA4"
8.30668867024542e-13,0.759901981215521,0.545,0.198,1.66233453668951e-08,"13","COPB1"
8.5220719370227e-13,0.751406488642768,0.354,0.105,1.70543703603698e-08,"13","ABI2"
8.63309423948522e-13,0.68341511122242,0.343,0.1,1.72765481920578e-08,"13","TIMM44"
8.75521877219398e-13,0.897703134359085,0.404,0.131,1.75209438069146e-08,"13","TMEM131"
9.47464329215109e-13,0.949115018208003,0.414,0.137,1.89606561562528e-08,"13","CCDC47"
1.02451380712409e-12,0.814447081765649,0.758,0.325,2.05025703081674e-08,"13","NDUFB3"
1.0378364834196e-12,0.798903388411931,0.495,0.175,2.0769183706193e-08,"13","CARHSP1"
1.05360165036927e-12,0.864956844434122,0.303,0.084,2.10846762271899e-08,"13","POLG"
1.08024700296028e-12,0.860975119642716,0.313,0.089,2.16179030232411e-08,"13","ANKRD39"
1.12554410236498e-12,0.669500088285877,0.515,0.18,2.25243885765281e-08,"13","PSMD14"
1.20414789250844e-12,0.684459035571599,0.495,0.174,2.4097407624879e-08,"13","DNAJC10"
1.26432198044313e-12,0.534852993015856,0.495,0.168,2.53016114726279e-08,"13","DCUN1D1"
1.29207755605876e-12,0.856480869142267,0.687,0.295,2.58570560518478e-08,"13","TBL1XR1"
1.45616851909836e-12,0.676591507634956,0.485,0.165,2.91408444041963e-08,"13","MRPS16"
1.49658063719471e-12,0.924054734150462,0.475,0.171,2.99495717115406e-08,"13","ARHGAP5"
1.56985535681997e-12,0.966000004227323,0.313,0.091,3.14159454006813e-08,"13","HEXB"
1.61759494687885e-12,0.755942607221502,0.394,0.124,3.23713100769396e-08,"13","SLC35C2"
1.74327219326642e-12,0.848210194986966,0.354,0.107,3.48863631316476e-08,"13","GOSR2"
1.78879133727605e-12,0.768065929599129,0.919,0.496,3.57972922415684e-08,"13","POMP"
1.81743509131138e-12,1.13412135818725,0.313,0.092,3.63705110473234e-08,"13","GRINA"
2.06901162869144e-12,1.01568276827482,0.273,0.073,4.14050607133731e-08,"13","ZNF787"
2.21156426505331e-12,0.639765407087061,0.566,0.203,4.42578240722469e-08,"13","MMADHC"
2.2832846724441e-12,0.765175094232448,0.616,0.243,4.56930928649513e-08,"13","TRABD"
2.44604336785414e-12,0.639337810327266,0.414,0.133,4.89502198774971e-08,"13","COMMD1"
2.4740209880747e-12,0.91922424699338,0.323,0.095,4.95101080133509e-08,"13","TSEN15"
2.47468712188947e-12,0.87947167438669,0.737,0.335,4.95234386832522e-08,"13","RNASEH2B"
2.62723176547297e-12,1.204164950207,0.394,0.135,5.25761620906451e-08,"13","ETV3"
2.66897615119888e-12,0.727283217202872,0.919,0.551,5.34115507377919e-08,"13","ATP5PF"
2.70650168943121e-12,0.807084245654103,0.394,0.127,5.41625118088973e-08,"13","MRPL19"
2.73225886360251e-12,0.797915840817457,0.273,0.073,5.46779643784134e-08,"13","PAICS"
2.91344726122134e-12,0.721107629088643,0.556,0.207,5.83039065915614e-08,"13","GTF2H5"
3.05533376376843e-12,0.784511373811868,0.899,0.502,6.11433392805338e-08,"13","ATP5MC3"
3.13749026759069e-12,0.913602701431964,0.283,0.078,6.27874552350249e-08,"13","MRPL48"
3.20032889078448e-12,0.858458833845473,0.293,0.082,6.40449817623789e-08,"13","FO393401.1"
3.27027294133586e-12,0.51186783607655,0.566,0.204,6.54447021020133e-08,"13","IFT20"
3.46456197064526e-12,0.989246321810967,0.263,0.07,6.9332814156553e-08,"13","CKS2"
3.55826479392363e-12,0.820949400472205,0.374,0.118,7.12079950559996e-08,"13","TUSC2"
3.89710486103922e-12,0.804841480991241,0.354,0.109,7.7988862479117e-08,"13","IARS"
4.05986355644927e-12,0.762519829124489,0.737,0.314,8.12459894916628e-08,"13","LSM5"
4.09183797955848e-12,0.802454993352139,0.313,0.091,8.18858616469242e-08,"13","SLC35B1"
4.13336032067946e-12,0.776350813469958,0.323,0.095,8.27168067374373e-08,"13","MRNIP"
4.42512693155095e-12,0.769904081649983,0.737,0.33,8.85556401541976e-08,"13","TOP1"
4.4362291617972e-12,0.529593078497017,0.313,0.089,8.87778179858856e-08,"13","SRP68"
4.63273863715585e-12,0.946117988366637,0.838,0.475,9.27103656067629e-08,"13","CALR"
4.7928327973068e-12,0.934386234684811,0.717,0.362,9.59141699397037e-08,"13","GLIPR1"
4.84745577011836e-12,0.776780064053188,0.263,0.07,9.70072848716086e-08,"13","SLC39A3"
5.09547959381962e-12,0.698812554257338,0.626,0.244,1.01970737631518e-07,"13","USP7"
5.33151300885493e-12,0.746801353133955,0.566,0.219,1.06694238333205e-07,"13","VCP"
5.44453371276177e-12,0.831058353477517,0.828,0.419,1.08956008659788e-07,"13","COPE"
6.08113559508183e-12,0.719315099831124,0.737,0.32,1.21695685528778e-07,"13","REEP5"
6.25832718981201e-12,0.672822927681134,0.475,0.165,1.25241643722518e-07,"13","MDM2"
6.51545484231519e-12,0.699168589726469,0.263,0.07,1.30387282304412e-07,"13","GBF1"
6.63558097357964e-12,0.843839096849495,0.535,0.203,1.32791246443276e-07,"13","PRMT1"
7.52642392853886e-12,0.820765748714855,0.677,0.279,1.5061879565792e-07,"13","FKBP1A"
8.63353832869507e-12,0.935291185935473,0.323,0.098,1.72774369033846e-07,"13","ORMDL2"
9.32875998671534e-12,0.724791917340404,0.434,0.149,1.86687144854147e-07,"13","EIF4G1"
9.4029228847603e-12,0.943401485639688,0.404,0.139,1.88171292769823e-07,"13","STXBP2"
9.53259693403652e-12,1.06397254056353,0.929,0.586,1.90766329843939e-07,"13","PPP1R15A"
9.7275520971607e-12,0.674516099164638,0.657,0.27,1.9466777256838e-07,"13","MDFIC"
9.94693216682663e-12,1.11832481795667,0.545,0.229,1.99058006522534e-07,"13","AL121944.1"
9.98223725900971e-12,1.34776358256321,0.263,0.074,1.99764532027302e-07,"13","DSE"
1.03914654658865e-11,0.997375266488789,0.273,0.077,2.07954006903321e-07,"13","RNF141"
1.04389830113405e-11,0.652656760030287,0.414,0.139,2.08904928022946e-07,"13","NXPE3"
1.08519859765011e-11,0.776027739303951,0.687,0.299,2.17169943361739e-07,"13","ZMYM2"
1.12867493129443e-11,0.780634303985554,0.606,0.244,2.25870427250641e-07,"13","FERMT3"
1.15949472245802e-11,0.69147096309279,0.909,0.475,2.32038083858299e-07,"13","PDIA3"
1.18065557330738e-11,0.808377049807437,0.929,0.496,2.36272793330272e-07,"13","PPP1R2"
1.18751675159956e-11,0.778673211396408,0.707,0.308,2.37645852330104e-07,"13","ANAPC11"
1.23603349777568e-11,0.76463451082953,0.253,0.067,2.47355023574869e-07,"13","STK40"
1.25441879106347e-11,0.781706567697194,0.424,0.149,2.51034288467622e-07,"13","BCL2L11"
1.32129862606689e-11,0.749900117652736,0.404,0.137,2.64418281048506e-07,"13","ZEB1"
1.35038646931207e-11,0.570086843229605,0.333,0.101,2.70239340238732e-07,"13","KIAA2013"
1.46089806918326e-11,0.673768058948145,0.505,0.187,2.92354921604954e-07,"13","NCOA4"
1.5250467555461e-11,0.710297433002143,1,0.929,3.05192356719886e-07,"13","HNRNPA2B1"
1.58193458332789e-11,0.89662321629215,0.283,0.081,3.16576748815578e-07,"13","TRMT1"
1.59774415919856e-11,0.621842993923281,0.566,0.217,3.19740561138815e-07,"13","MEF2A"
1.60800261994609e-11,0.5054488214907,0.455,0.156,3.21793484303612e-07,"13","HADHB"
1.62299063077853e-11,0.841800323003374,0.323,0.099,3.247928850314e-07,"13","CSNK1G1"
1.75808256841492e-11,0.717197935262272,0.354,0.112,3.51827483591194e-07,"13","TLE3"
1.76181291777766e-11,0.808252710288547,0.768,0.357,3.52574001105666e-07,"13","FAM96B"
1.78415060503312e-11,0.777429464712381,0.838,0.495,3.57044219079228e-07,"13","DAD1"
1.79241066433633e-11,0.981598234715816,0.354,0.116,3.58697222146986e-07,"13","LINC00909"
1.79700698765828e-11,0.80277248037344,0.758,0.36,3.59617038370175e-07,"13","RBBP4"
1.81492598727573e-11,0.43360672047551,0.838,0.431,3.63202988573619e-07,"13","S100A11"
1.82966974904275e-11,0.920537888017327,0.283,0.081,3.66153510178435e-07,"13","VAMP1"
1.89093185554157e-11,0.883587115040016,0.495,0.187,3.78413282930978e-07,"13","GTF2F1"
1.94662064245676e-11,0.994260600726843,0.263,0.074,3.89557722968448e-07,"13","HLTF"
1.94868565728257e-11,0.805453134401251,0.616,0.259,3.89970973735387e-07,"13","ODC1"
1.96287430753728e-11,0.777076400312232,0.636,0.27,3.9281040642436e-07,"13","APEX1"
2.12063699933651e-11,0.521680248527664,0.717,0.29,4.24381876307223e-07,"13","DUT"
2.15640838518993e-11,0.61399591295771,0.636,0.256,4.3154044604421e-07,"13","OTULIN"
2.2936319510336e-11,0.990873524938545,0.303,0.091,4.59001626040845e-07,"13","ARMC10"
2.30289121105898e-11,0.509637524740819,0.515,0.188,4.60854589157123e-07,"13","EIF4G3"
2.30746532992043e-11,0.964238966981043,0.283,0.083,4.61769961823677e-07,"13","SRGAP2B"
2.31550334461872e-11,0.7567978230029,0.343,0.109,4.63378529325098e-07,"13","CPSF2"
2.36821673382792e-11,0.737363981892304,0.667,0.285,4.73927532773644e-07,"13","CCT8"
2.37607711284227e-11,0.666270581470198,0.374,0.121,4.75500551821995e-07,"13","MRPS25"
2.4177548851867e-11,0.747770950143223,0.374,0.123,4.83841107623562e-07,"13","LARP4B"
2.42565967312203e-11,0.621713166024502,0.586,0.227,4.8542301378518e-07,"13","DARS"
2.48134846003722e-11,0.89081970734907,0.283,0.082,4.96567453822649e-07,"13","TOGARAM1"
2.51330067868594e-11,0.745528454839589,0.404,0.139,5.0296173181863e-07,"13","CCDC14"
2.5287993921097e-11,0.647223851641153,0.798,0.346,5.06063334348994e-07,"13","EWSR1"
2.53186360765767e-11,0.72224382922262,0.657,0.27,5.06676545164453e-07,"13","MRPL51"
2.54209986394471e-11,0.649731433008008,0.545,0.204,5.08725024772616e-07,"13","LSM10"
2.55078180799728e-11,0.796559767039964,0.576,0.231,5.10462455416416e-07,"13","CHMP4B"
2.55460097520199e-11,0.857271140888342,0.333,0.105,5.11226747157423e-07,"13","CBWD1"
2.78017608934533e-11,0.718069822360664,0.313,0.095,5.56368838999788e-07,"13","CDC16"
2.90321100493429e-11,0.882923924620375,0.333,0.105,5.8099058630745e-07,"13","GART"
2.95892199630998e-11,0.609695090172986,0.525,0.197,5.92139469901554e-07,"13","TMEM30A"
2.99045233020934e-11,0.644301220460877,0.576,0.222,5.98449320321492e-07,"13","IREB2"
3.09434700085376e-11,0.331260420521445,0.253,0.068,6.19240721810854e-07,"13","MRS2"
3.1309399517454e-11,0.757920449992239,0.485,0.183,6.2656370314329e-07,"13","DNAJC1"
3.53421736321025e-11,0.668267036971253,0.485,0.176,7.07267578725634e-07,"13","CCDC57"
3.5645708607035e-11,0.634985270998896,0.364,0.118,7.13341920643984e-07,"13","NRAS"
3.65454333461912e-11,0.914680726525529,0.374,0.127,7.31347212123978e-07,"13","ATP6V1D"
3.92810228788676e-11,0.802689755158272,0.657,0.305,7.86091829851898e-07,"13","NIN"
4.01843003317026e-11,0.621757825675718,0.394,0.132,8.04168218238033e-07,"13","ARF3"
4.22046841919155e-11,0.717378206744574,0.354,0.115,8.44600140048613e-07,"13","GTPBP1"
4.25419699467966e-11,1.49630835807984,0.354,0.128,8.51349902575294e-07,"13","PTGDS"
4.3121284321046e-11,0.728387009776788,0.303,0.091,8.62943141832773e-07,"13","RARS2"
4.3364201118834e-11,0.648577377287758,0.273,0.077,8.67804392790106e-07,"13","ZNF593"
4.36299885109293e-11,0.527637139431376,0.444,0.156,8.73123330080716e-07,"13","ERGIC1"
4.3763881407699e-11,0.54966562074813,0.475,0.171,8.75802794730873e-07,"13","RB1"
4.38147296222269e-11,0.814598091397541,0.404,0.141,8.76820369200004e-07,"13","AHCYL1"
4.4655612541078e-11,0.533445520731427,0.414,0.141,8.93648118172052e-07,"13","COG3"
4.57549553800618e-11,0.94039988528172,0.283,0.084,9.15648167065797e-07,"13","CLASRP"
4.6124659647262e-11,0.774877373706008,0.343,0.112,9.23046688861007e-07,"13","PLPP5"
4.65665284110628e-11,0.647243218292703,0.404,0.136,9.31889366562189e-07,"13","MRPL40"
4.67470506748668e-11,0.486569005525959,0.444,0.155,9.35501978105435e-07,"13","GAK"
4.71123140499685e-11,0.604156686708237,0.535,0.203,9.4281162876797e-07,"13","EMC6"
4.76649830716269e-11,0.391868924755912,1,0.999,9.53871641229398e-07,"13","MT-CO1"
4.98807661841738e-11,0.551421767592886,0.455,0.162,9.98213892877686e-07,"13","MCPH1"
5.14168707610452e-11,0.81827221796273,0.495,0.19,1.02895441767004e-06,"13","SMIM19"
5.1811444023997e-11,0.729397180977448,0.657,0.281,1.03685061780823e-06,"13","PSMA3"
5.28281862699487e-11,0.868638546269349,0.434,0.161,1.05719766363421e-06,"13","KIF20B"
5.41255928965256e-11,0.538930907690651,0.475,0.169,1.08316136504527e-06,"13","CHCHD1"
5.56932278072964e-11,0.367693619484335,0.465,0.163,1.11453287487961e-06,"13","PTPN11"
5.68667335443251e-11,0.926549520085008,0.283,0.084,1.13801707168903e-06,"13","TOR3A"
5.92181859104812e-11,0.718276152400659,0.313,0.096,1.18507433644055e-06,"13","LYRM4"
5.95785643042746e-11,0.938620801473576,0.293,0.089,1.19228622885714e-06,"13","KPNA2"
6.30571150850301e-11,0.543172835591509,0.303,0.091,1.26189898708162e-06,"13","CNOT3"
6.32878194295472e-11,1.04613671139333,0.465,0.183,1.2665158424241e-06,"13","TRIM8"
6.51043663424389e-11,0.597411193033898,0.606,0.242,1.30286857924489e-06,"13","PBRM1"
6.63578081372407e-11,0.871879517901301,0.333,0.108,1.32795245644246e-06,"13","GPATCH2"
6.75746125722299e-11,0.610999014520435,0.343,0.11,1.35230314679546e-06,"13","ORAI2"
6.79900580280446e-11,0.862816720066319,0.283,0.084,1.36061704125723e-06,"13","SIT1"
6.90167922812179e-11,0.554554834490357,0.636,0.255,1.38116404713173e-06,"13","ZNF326"
7.1205485951964e-11,0.679236050384163,0.808,0.41,1.4249641848707e-06,"13","EIF2S2"
7.19289072748097e-11,0.733604896443615,0.343,0.111,1.43944129238349e-06,"13","GTF2A1"
7.42153005717228e-11,0.677022405730208,0.576,0.225,1.48519659504132e-06,"13","IER3IP1"
7.42603756265225e-11,0.717035595185414,0.283,0.083,1.48609863703797e-06,"13","RIOK2"
7.51716466851349e-11,0.665035128585919,0.859,0.419,1.50433499346292e-06,"13","SEM1"
7.65727481422118e-11,0.960138761999354,0.313,0.099,1.53237383582194e-06,"13","ARMCX6"
7.75379760398209e-11,0.472351141828657,1,0.879,1.5516899765089e-06,"13","OAZ1"
7.81028575147502e-11,0.752883074995219,0.859,0.442,1.56299438458518e-06,"13","GABARAPL2"
8.03688227080102e-11,0.805896501260594,0.313,0.098,1.6083408800327e-06,"13","CHPT1"
8.05064903630637e-11,0.757111158104386,0.747,0.341,1.61109588514563e-06,"13","ZNHIT1"
8.31548163660045e-11,1.08823991755504,0.253,0.072,1.66409418511648e-06,"13","AC005332.5"
8.50279846531521e-11,0.333698120144451,0.475,0.168,1.70158002887888e-06,"13","PTCD3"
9.42612654597497e-11,0.911545164679467,0.313,0.1,1.88635644438051e-06,"13","COPB2"
9.93731763543337e-11,0.624918922700509,0.465,0.178,1.98865600520293e-06,"13","AC245014.3"
9.94835325229815e-11,0.574411757639071,0.535,0.207,1.99086445284991e-06,"13","ABCE1"
9.96072113679247e-11,0.764293768825493,0.556,0.227,1.99333951389491e-06,"13","RNF181"
1.00039976302924e-10,0.796650385621245,0.323,0.103,2.00200000577411e-06,"13","PRRC1"
1.02237329713262e-10,0.676091503939606,0.455,0.166,2.04597344222179e-06,"13","C1orf43"
1.06454844939208e-10,0.667788339806952,0.556,0.219,2.13037435692343e-06,"13","ANKRD10"
1.08232756090842e-10,0.652226514002886,0.354,0.115,2.16595391488994e-06,"13","MRPS23"
1.09748876653271e-10,0.90358511665502,0.545,0.228,2.19629451958525e-06,"13","DDOST"
1.10472964109931e-10,0.706275275682761,0.697,0.302,2.21078495776794e-06,"13","RANBP2"
1.1278666889325e-10,0.545527959233065,0.424,0.149,2.25708681789172e-06,"13","SMG7"
1.18031140416974e-10,0.864720174440196,0.333,0.108,2.36203918202449e-06,"13","KDM4B"
1.1946421629716e-10,0.683517230269978,0.707,0.309,2.39071789653877e-06,"13","NDUFC1"
1.20503163003605e-10,0.988300610927389,0.293,0.091,2.41150929802814e-06,"13","TBC1D9B"
1.21612275805205e-10,0.729725794909499,0.475,0.18,2.43370486341377e-06,"13","ARCN1"
1.21858079182857e-10,0.898045771819046,0.313,0.1,2.43862388060734e-06,"13","BANP"
1.24896981645861e-10,0.684576241645068,0.273,0.08,2.49943839669697e-06,"13","ATP2C1"
1.25635279957237e-10,0.749646534732561,0.485,0.187,2.51421322250422e-06,"13","PLEKHO1"
1.29575239427027e-10,0.486635989165659,0.384,0.129,2.59305969141366e-06,"13","NSF"
1.29991573061261e-10,0.645719901245968,0.414,0.146,2.60139136010196e-06,"13","ATP6V0D1"
1.31655131241359e-10,0.536994955508749,0.333,0.106,2.63468248640208e-06,"13","NKAPD1"
1.33264510537856e-10,1.06135780153267,0.273,0.082,2.66688938488358e-06,"13","STAMBPL1"
1.36147981777412e-10,0.672526092692671,0.556,0.219,2.72459341132958e-06,"13","LAMTOR2"
1.38490552359372e-10,0.551721540898808,0.707,0.303,2.77147293381574e-06,"13","MXD4"
1.38761668821985e-10,0.801294380565224,0.98,0.829,2.77689851646556e-06,"13","CCNL1"
1.39199762827502e-10,0.736764767530502,0.343,0.112,2.78566565370397e-06,"13","PIGP"
1.39316780334298e-10,0.639201274241549,0.313,0.099,2.78800740804996e-06,"13","ODR4"
1.44822598358019e-10,0.664788024832123,0.354,0.118,2.89818983834067e-06,"13","RHBDF2"
1.46383349886037e-10,0.775217306990189,0.657,0.292,2.92942359791937e-06,"13","SRP72"
1.58779878134396e-10,1.02854039800615,0.283,0.087,3.17750292122554e-06,"13","SLC2A1"
1.71645364588358e-10,1.0230357927489,0.333,0.113,3.43496703614221e-06,"13","MAGOHB"
1.7720580558489e-10,0.858728771339391,0.414,0.154,3.54624258136482e-06,"13","FBXW11"
1.85175874634069e-10,0.52049154331905,0.667,0.269,3.70573960317699e-06,"13","TMEM256"
1.87982962529532e-10,0.722732545416307,0.838,0.405,3.76191504614098e-06,"13","NDUFS6"
1.88266069400811e-10,0.663485091484343,0.778,0.368,3.76758058084903e-06,"13","PRDX6"
1.9233992176737e-10,0.545376396182155,0.566,0.224,3.84910651440862e-06,"13","USP48"
1.99486205332278e-10,0.639770256961569,0.869,0.422,3.99211794110954e-06,"13","GRB2"
2.03006056409549e-10,0.662398786683499,0.495,0.193,4.0625572008679e-06,"13","RNF13"
2.03223438077771e-10,0.585297241190603,0.283,0.085,4.06690744281235e-06,"13","GNS"
2.04833927597292e-10,0.359124718742537,0.364,0.119,4.09913655907701e-06,"13","RFTN1"
2.06634931387839e-10,0.909248389752072,0.273,0.082,4.13517824693344e-06,"13","METTL21A"
2.16216378134959e-10,0.668216375529778,0.859,0.438,4.3269221592368e-06,"13","BRK1"
2.2838708702011e-10,0.889063463887835,0.343,0.116,4.57048238544644e-06,"13","TXNDC15"
2.36257680086283e-10,0.488132357437154,0.333,0.107,4.72798869388669e-06,"13","CLPX"
2.37631248012349e-10,0.758230967164689,0.758,0.388,4.75547653522312e-06,"13","DHRS7"
2.51411780283206e-10,0.991022153301679,0.535,0.236,5.03125254702752e-06,"13","TUBB"
2.53299603514279e-10,0.397285708942814,0.333,0.106,5.06903166552775e-06,"13","ACO2"
2.54081200523615e-10,0.841951949547557,0.414,0.151,5.08467298487858e-06,"13","SRM"
2.69277267150869e-10,1.14052588747181,0.525,0.227,5.38877667022319e-06,"13","SDF2L1"
3.1177616044431e-10,0.686063007139337,0.545,0.222,6.23926452281154e-06,"13","BUD23"
3.2043923070546e-10,0.519170081299589,0.545,0.214,6.41262988487767e-06,"13","TNKS2"
3.25718119142948e-10,0.659327012595132,0.828,0.423,6.51827100028868e-06,"13","JMJD1C"
3.26110694004456e-10,0.777915729672302,0.273,0.082,6.52612720841717e-06,"13","CAPN15"
3.28874039112748e-10,0.875150453788612,0.313,0.102,6.5814272707243e-06,"13","TBC1D4"
3.44161810161836e-10,1.02959966708476,0.323,0.109,6.88736614495866e-06,"13","BICD2"
3.57899265779338e-10,0.606872514610108,0.98,0.534,7.16228010677611e-06,"13","EID1"
3.72225583689101e-10,0.639625775344239,0.485,0.184,7.44897838078629e-06,"13","NDUFS4"
3.88276744089922e-10,0.747666623351399,0.859,0.479,7.77019420272751e-06,"13","PRKCB"
4.1079251111853e-10,0.945233797750256,0.283,0.088,8.22077973250401e-06,"13","ARL17A"
4.12863965237875e-10,0.445612186330202,0.505,0.191,8.26223367234036e-06,"13","ATP2A3"
4.14570822115934e-10,0.818237425479777,0.333,0.112,8.29639129218407e-06,"13","GOLGA2"
4.15227630057302e-10,0.670064823548125,0.343,0.116,8.30953533270673e-06,"13","EXOC6"
4.16918721768411e-10,0.540703714989352,0.434,0.157,8.34337746002944e-06,"13","ELAVL1"
4.26387813945439e-10,0.703368070517411,0.848,0.473,8.53287293267613e-06,"13","ARF1"
4.34108526903287e-10,0.507833699155902,0.596,0.241,8.68737984038859e-06,"13","TTC37"
4.3651526837607e-10,0.684111587170161,0.323,0.106,8.73554355074191e-06,"13","MAST3"
4.42949454892982e-10,0.776882908388187,0.596,0.261,8.86430449131836e-06,"13","PGLS"
4.45379289004677e-10,0.554808735807223,0.343,0.115,8.9129303315616e-06,"13","LARP4"
4.69426941762663e-10,0.559914316465197,0.495,0.191,9.39417195855441e-06,"13","ACBD3"
4.78419526217522e-10,0.635752455002215,0.323,0.106,9.57413155866504e-06,"13","NUPL2"
5.09832842610081e-10,0.520049856574352,0.434,0.158,1.02027748463129e-05,"13","ARL8B"
5.14831732800758e-10,0.619941596665535,0.505,0.201,1.03028126368088e-05,"13","LYPLA1"
5.18510567815156e-10,0.777772013911608,0.293,0.093,1.03764334831169e-05,"13","CASP10"
5.29867927312466e-10,0.75840424414349,0.263,0.079,1.06037169613771e-05,"13","TRAF3"
5.33694644033744e-10,0.438687054075846,0.677,0.283,1.06802972164033e-05,"13","RBM6"
5.46997114270198e-10,0.652470718507182,0.404,0.147,1.09465062507752e-05,"13","RPAP3"
5.61966695400429e-10,0.815367899199959,0.303,0.098,1.12460775083534e-05,"13","DAP"
5.66201752150164e-10,1.32928217461884,0.596,0.341,1.13308294640291e-05,"13","TSPYL2"
5.72984992786019e-10,0.480711975686733,0.545,0.218,1.14665756756338e-05,"13","AP3B1"
5.90242965614607e-10,0.945472562668251,0.313,0.105,1.18119422278795e-05,"13","SLA2"
5.99183147542703e-10,0.318481473827479,0.414,0.146,1.19908531486246e-05,"13","RYBP"
6.05425043431751e-10,0.544664060987545,0.818,0.384,1.21157659691562e-05,"13","SEPT2"
6.40539621343805e-10,0.56343776760185,0.525,0.209,1.28184789023322e-05,"13","EPM2AIP1"
6.5090577372473e-10,0.438929425415694,0.414,0.147,1.30259263437793e-05,"13","ZNF511"
6.55314025266307e-10,0.61628186015321,0.848,0.414,1.31141442736293e-05,"13","NDUFA2"
6.87626622308812e-10,0.678319713614259,0.354,0.121,1.3760783965644e-05,"13","BAG6"
7.08669123383743e-10,0.630799353600707,0.354,0.121,1.41818864971555e-05,"13","KDM3B"
7.15598247325033e-10,0.516165077206199,0.657,0.277,1.43205521254686e-05,"13","POLR2I"
7.18263448717948e-10,0.54083754078593,0.323,0.106,1.43738881357436e-05,"13","GFPT1"
7.51536610721359e-10,0.726935752903647,0.465,0.185,1.50397506537558e-05,"13","ME2"
7.62623519889871e-10,0.507843838226227,0.606,0.248,1.52616218800361e-05,"13","EMC7"
7.84580178603278e-10,0.571648494940509,0.253,0.074,1.57010185342088e-05,"13","REEP3"
7.85998377494934e-10,0.58929288033057,0.838,0.408,1.57293995304286e-05,"13","RAC1"
8.09343703167542e-10,0.472023957087672,0.253,0.074,1.61965861877889e-05,"13","TIFA"
8.10947087259706e-10,0.805749383748473,0.263,0.079,1.62286731102412e-05,"13","CMSS1"
8.49089687449123e-10,0.408372720571388,0.273,0.085,1.69919828252318e-05,"13","CD79A"
8.80383987933442e-10,0.614411880937069,0.313,0.102,1.7618244366524e-05,"13","HDDC3"
9.08005892696906e-10,0.619367159433802,0.374,0.131,1.81710139246505e-05,"13","PHF6"
9.47094180858699e-10,0.655714056950037,0.323,0.108,1.89532487473443e-05,"13","LEMD3"
9.76540182051622e-10,0.708641324661821,0.364,0.127,1.95425221232171e-05,"13","AKR7A2"
9.86236203814883e-10,1.12752686100598,0.253,0.077,1.97365589107434e-05,"13","SLC46A3"
1.00763108967783e-09,0.361056867582724,0.343,0.114,2.01647133666327e-05,"13","CCDC124"
1.01416675057919e-09,0.814510040457193,0.778,0.432,2.02955050125908e-05,"13","PAXX"
1.02794106560111e-09,0.777414321267847,0.303,0.099,2.05711566048095e-05,"13","UBXN6"
1.03959441055679e-09,0.627119662671959,0.899,0.51,2.08043633440624e-05,"13","NDUFB1"
1.09234687961646e-09,0.745440388094205,0.333,0.113,2.18600457548845e-05,"13","C11orf1"
1.13319531536149e-09,0.571619381638486,0.323,0.108,2.26775046510141e-05,"13","NOC3L"
1.16814824480116e-09,0.609092472524267,0.586,0.252,2.33769826749608e-05,"13","FBXW7"
1.24501853271397e-09,0.548333374117844,0.949,0.716,2.4915310876672e-05,"13","COX7A2"
1.25500898562336e-09,0.562833376886968,0.97,0.751,2.51152398202947e-05,"13","HNRNPC"
1.28260047027595e-09,0.87301465963449,0.273,0.086,2.56674006111623e-05,"13","RRAGC"
1.3234178197763e-09,0.597565927042114,0.848,0.444,2.64842374093632e-05,"13","SLC25A5"
1.34138256058236e-09,0.514886902604715,0.596,0.248,2.68437478023742e-05,"13","DNAJC15"
1.34911704030571e-09,0.843458606528664,0.313,0.105,2.69985302105979e-05,"13","SMIM30"
1.44462264373146e-09,0.709361729778208,0.404,0.151,2.8909788346354e-05,"13","HAGH"
1.54581591971237e-09,1.00702497892728,0.273,0.087,3.09348681852839e-05,"13","ABCA7"
1.60855173625407e-09,0.603341509135052,0.96,0.628,3.21903373459165e-05,"13","ATP5MD"
1.74447323253446e-09,0.721209097289258,0.808,0.446,3.49103983294796e-05,"13","PTBP3"
1.75504522026415e-09,0.670256125791672,0.293,0.095,3.51219649479262e-05,"13","ATP6V0A2"
1.77149828139989e-09,0.433573506957755,0.485,0.186,3.54512236073745e-05,"13","DERL2"
1.82483739230577e-09,0.905694532535838,0.313,0.106,3.6518645894823e-05,"13","RGPD5"
1.8887962305314e-09,0.565370365742804,0.98,0.706,3.77985901653943e-05,"13","HMGN1"
1.89707494158142e-09,0.710831391749377,0.333,0.116,3.79642637309274e-05,"13","UTP3"
1.91903248847325e-09,0.612557821189649,0.535,0.22,3.84036781593267e-05,"13","PPCS"
2.09534634088016e-09,0.515928543473164,0.455,0.173,4.19320709736937e-05,"13","SRP54"
2.16225726212826e-09,0.901335901142142,0.434,0.181,4.32710923297108e-05,"13","BAZ2B"
2.16360129812188e-09,0.301264426038552,0.323,0.113,4.3297989178015e-05,"13","HIST1H2AC"
2.20529616790088e-09,0.714452654513085,0.323,0.11,4.41323869120325e-05,"13","ARL6IP6"
2.24164176110264e-09,0.695195726665044,0.293,0.096,4.48597349231861e-05,"13","MFSD1"
2.2431141388779e-09,0.581791996456909,0.677,0.314,4.48892001472245e-05,"13","NOP56"
2.26975727102285e-09,0.544290831557107,0.596,0.246,4.54223825077094e-05,"13","TXNL1"
2.2833703816616e-09,0.727852286590894,0.434,0.171,4.56948080778119e-05,"13","C18orf25"
2.29980656740736e-09,0.429187400838401,0.263,0.081,4.60237290269561e-05,"13","PLCG2"
2.31428942676359e-09,0.326089145502883,0.505,0.194,4.6313560008393e-05,"13","AZIN1"
2.31724528454436e-09,0.764997124828423,0.273,0.087,4.63727126343016e-05,"13","DCLRE1C"
2.35065833464887e-09,0.883306155794525,0.414,0.164,4.70413745929932e-05,"13","ANKRD28"
2.44045494923739e-09,0.47209344808994,0.475,0.184,4.88383844441387e-05,"13","ACAA1"
2.4524884345567e-09,0.544491459312249,0.394,0.144,4.90791985523487e-05,"13","EIF2S1"
2.60460764067716e-09,0.805809637658214,0.303,0.103,5.21234081052313e-05,"13","NUP62"
2.66695598938327e-09,0.590137037882457,0.374,0.135,5.3371123259538e-05,"13","SRA1"
2.79361067612172e-09,0.498036211401131,0.303,0.1,5.59057368505478e-05,"13","ECI2"
2.91170043631439e-09,1.13057557555269,0.303,0.106,5.82689491315236e-05,"13","IRF2BPL"
3.00055846835789e-09,0.536839549108374,1,0.93,6.00471760687782e-05,"13","UBC"
3.09251935171062e-09,0.712165668379367,0.263,0.082,6.18874972664329e-05,"13","ASPSCR1"
3.09974979018079e-09,0.541359024252746,0.636,0.275,6.20321928010981e-05,"13","TMEM167A"
3.11815750997368e-09,0.496390527422152,0.545,0.221,6.24005680895934e-05,"13","MED30"
3.17180215425594e-09,0.30629484432691,0.465,0.174,6.34741047109699e-05,"13","TRIM28"
3.18522164199919e-09,0.905659022698452,0.293,0.098,6.37426554996878e-05,"13","RRP7A"
3.22604098990098e-09,0.609565963969381,0.596,0.259,6.45595322898984e-05,"13","MIA3"
3.33456240397823e-09,0.551214647795275,0.505,0.202,6.67312628284122e-05,"13","ILF2"
3.33785599160308e-09,0.388257475538582,0.364,0.128,6.67971741039608e-05,"13","PIGBOS1"
3.35051919542195e-09,0.611224152352385,0.404,0.153,6.70505901387841e-05,"13","INTS10"
3.36595662453476e-09,0.654811464717435,0.404,0.152,6.73595239701896e-05,"13","ANAPC15"
3.48534867633532e-09,0.614031398055659,0.273,0.087,6.97487977108224e-05,"13","WDR36"
3.5015195187782e-09,0.331195885042205,1,0.999,7.00724086097892e-05,"13","MT-ND2"
3.57385210314476e-09,0.628559111274901,0.253,0.078,7.15199282881329e-05,"13","SUCLA2"
3.60845753277772e-09,0.480208449088108,0.434,0.164,7.22124521459477e-05,"13","DDX1"
3.76051256800736e-09,0.898274416844495,0.818,0.545,7.52553775109632e-05,"13","MTDH"
3.77948805585504e-09,0.630531056593707,0.434,0.169,7.56351149737711e-05,"13","NUMB"
3.84932641317448e-09,0.58253988495811,0.424,0.162,7.70327201804477e-05,"13","MRPS12"
4.00380706366832e-09,0.326528862573229,1,0.992,8.01241869581304e-05,"13","RPS11"
4.20851842264369e-09,0.536115151365401,0.253,0.078,8.42208706739456e-05,"13","GDAP2"
4.50371628879509e-09,0.790477073100422,0.293,0.098,9.01283703713673e-05,"13","ARHGEF7"
4.84689310908948e-09,0.529712848658273,0.333,0.116,9.69960248990986e-05,"13","AUTS2"
4.88197082759712e-09,0.695847043866195,0.343,0.123,9.76980002018735e-05,"13","UBE2E1"
5.14312814559048e-09,0.493190124111647,0.465,0.184,0.000102924280449557,"13","MTREX"
5.2264728100937e-09,0.881965642098382,0.98,0.81,0.000104592173875595,"13","DDX3X"
5.28273114142053e-09,0.559226908949623,0.374,0.138,0.000105718015602108,"13","ATP2A2"
5.35597077799821e-09,0.847246186922217,0.313,0.11,0.0001071836872093,"13","WDR6"
5.43618594583961e-09,0.530767341279352,0.475,0.19,0.000108788953148142,"13","NDUFS2"
5.4434350360566e-09,0.728018959175272,0.263,0.084,0.000108934021941565,"13","ZMPSTE24"
5.45798939377562e-09,0.709335445060839,0.404,0.156,0.000109225283748238,"13","PMF1"
5.53502643718673e-09,0.559763565380181,0.263,0.083,0.000110766949060981,"13","GCLC"
5.58534130057353e-09,0.54933801989925,0.444,0.175,0.000111773850107078,"13","FNDC3A"
6.10571526671322e-09,0.535128859106186,0.485,0.197,0.000122187573917465,"13","DERL1"
6.30673069323961e-09,0.407290009497042,0.414,0.155,0.000126210294633111,"13","GIGYF2"
6.40939412654973e-09,0.884874304172783,0.303,0.105,0.000128264795260513,"13","FUT8"
6.48537223923995e-09,1.13639542853242,0.485,0.229,0.00012978526925167,"13","KDM6B"
6.79629197364306e-09,0.734011806916237,0.545,0.242,0.000136007394976545,"13","NUTM2B-AS1"
7.18022175050237e-09,0.602403938251254,0.303,0.103,0.000143690597671053,"13","ZBTB21"
7.23489734788529e-09,0.416854956350672,0.525,0.214,0.000144784765725881,"13","TARDBP"
7.42954919807914e-09,0.403621001463245,0.414,0.156,0.00014868013855196,"13","TIMM17A"
7.51339768179093e-09,0.591943869701952,0.616,0.271,0.000150358114408,"13","WDR1"
7.53877604786624e-09,0.619059932062904,0.869,0.459,0.000150865986269899,"13","UBXN4"
7.5511861208355e-09,0.507498881243744,0.263,0.083,0.00015111433665016,"13","MTX1"
7.56433848891902e-09,0.541385505298696,0.253,0.079,0.000151377541840247,"13","TRIM27"
7.73875119541856e-09,0.476796917877671,0.313,0.107,0.000154867888922716,"13","ZDHHC24"
7.80290165813824e-09,1.26202092559354,0.424,0.189,0.000156151667982662,"13","AC020916.1"
7.83392639647218e-09,0.59355665845747,0.848,0.44,0.000156772535046201,"13","SNRPG"
8.19922019168473e-09,0.316326729670004,0.465,0.18,0.000164082794475995,"13","MPLKIP"
8.22515922038747e-09,0.329885910563346,1,0.999,0.000164601886318394,"13","MT-ND4"
8.27270962844295e-09,0.777208888827864,0.404,0.163,0.0001655534650844,"13","LEPROT"
8.3450462096124e-09,0.470356250713262,0.606,0.255,0.000167001064746763,"13","GLRX5"
8.46133230147927e-09,0.610182327164235,0.303,0.103,0.000169328182017203,"13","YIF1A"
9.42694744487937e-09,0.657740861913524,0.313,0.109,0.000188652072266926,"13","RNASEH1"
9.98523419504238e-09,0.528001616861302,0.323,0.114,0.000199824506711188,"13","MFN1"
9.99804883328181e-09,0.694615593734284,0.313,0.11,0.000200080953251636,"13","ACYP2"
1.00252255386124e-08,0.793228645300606,0.273,0.091,0.000200624813478711,"13","CFAP20"
1.02807531376925e-08,0.380300705674985,0.394,0.146,0.000205738431791502,"13","TRAPPC3"
1.03472848067554e-08,0.581423274552728,0.313,0.109,0.000207069863552789,"13","WDR45"
1.09086661925772e-08,0.427632162406833,0.758,0.354,0.000218304227845856,"13","PTPN2"
1.15650939935819e-08,0.60326087722462,0.869,0.472,0.00023144066099956,"13","C8orf59"
1.17600944538054e-08,0.675776630308766,0.96,0.651,0.000235343010209554,"13","SFPQ"
1.24000671952729e-08,0.393768971415225,0.394,0.148,0.000248150144711801,"13","ANKIB1"
1.24006014345923e-08,0.286384770024815,0.384,0.14,0.000248160835909061,"13","FAM136A"
1.31367439148988e-08,0.46659043768064,0.535,0.219,0.000262892519224955,"13","LSM1"
1.32365063354456e-08,0.441094316262022,0.455,0.181,0.000264888964784937,"13","KARS"
1.33631727905481e-08,0.51893608790843,0.465,0.187,0.000267423813884449,"13","PHYKPL"
1.38393945192661e-08,0.264717224265584,0.374,0.137,0.000276953963119553,"13","UGGT1"
1.38748330602567e-08,0.550129444301443,0.384,0.146,0.000277663159201857,"13","IP6K1"
1.44443128569094e-08,0.511685822753263,0.404,0.155,0.000289059588892471,"13","PQBP1"
1.48506520414315e-08,0.543306523681289,0.939,0.542,0.000297191248653128,"13","SRSF9"
1.53778287881323e-08,0.347443819456303,0.434,0.171,0.000307741109708104,"13","YWHAH"
1.56189230438031e-08,0.523229482803717,0.323,0.115,0.000312565887952587,"13","GARS"
1.57590316351985e-08,0.618499045228928,0.364,0.137,0.000315369741083593,"13","SPG21"
1.57711370629698e-08,0.445023381024818,0.424,0.166,0.000315611994904152,"13","HERC2"
1.60012882943761e-08,0.380531727984811,0.414,0.16,0.000320217781347054,"13","NBR1"
1.63111297801777e-08,0.612177176571074,0.374,0.142,0.000326418329160916,"13","YIPF5"
1.64785876055618e-08,0.468280326945572,0.343,0.124,0.000329769495162502,"13","OSBP"
1.65573197374869e-08,0.479058559293586,0.293,0.1,0.000331345082586587,"13","ARFGEF2"
1.68932772215413e-08,0.447606665978513,1,0.88,0.000338068263757485,"13","ATP5MG"
1.71463556686291e-08,0.381633217706918,0.545,0.224,0.000343132869640606,"13","STARD7"
1.72509142526422e-08,0.501921254226562,0.434,0.172,0.000345225296023877,"13","TOR1AIP1"
1.7266224672241e-08,0.579966285383056,0.343,0.127,0.000345531688140888,"13","CASP3"
1.75531245094618e-08,0.746209996447912,0.455,0.192,0.000351273127683349,"13","GIT2"
1.79733306016061e-08,0.320214552754152,0.293,0.099,0.000359682291999341,"13","ACAT1"
1.88822568691904e-08,0.519837599989141,0.323,0.116,0.000377871724466239,"13","SLC25A11"
1.91886742051395e-08,0.563667593673464,0.455,0.186,0.000384003748193251,"13","AL357060.1"
1.92428390999311e-08,0.356503790468737,0.303,0.104,0.000385087696067821,"13","CHP1"
2.00247320947256e-08,0.75320867301789,0.273,0.092,0.000400734938679648,"13","GPAA1"
2.03548267130316e-08,0.652086003528789,0.273,0.092,0.000407340792181188,"13","TSPAN31"
2.04738295206397e-08,0.501325699367329,0.303,0.106,0.000409722276367042,"13","IRAK1"
2.04901628997334e-08,0.616967118923014,0.475,0.199,0.000410049139949464,"13","MAP4"
2.14089050931676e-08,0.490139431322914,0.313,0.111,0.00042843500872447,"13","MTMR14"
2.15939175429725e-08,0.58371736869919,0.828,0.427,0.000432137477869965,"13","TRAPPC1"
2.17797244683737e-08,0.502803165988182,0.333,0.121,0.000435855846061095,"13","TMED7"
2.21921794274493e-08,0.387269720889731,0.616,0.265,0.000444109894702116,"13","VDAC3"
2.24611014232323e-08,0.457157521111988,0.626,0.277,0.000449491561681725,"13","RER1"
2.32114734100008e-08,0.462920512985171,0.283,0.096,0.000464508005880937,"13","MFSD11"
2.36412138754361e-08,0.488851997594059,0.758,0.369,0.000473107972075226,"13","GTF2I"
2.36515942386717e-08,0.574848334553908,0.364,0.138,0.000473315703904298,"13","HTT"
2.41163462533223e-08,0.672918290317686,0.303,0.108,0.000482616321221485,"13","FBRSL1"
2.53318290788229e-08,0.441913653628472,0.687,0.321,0.000506940563525404,"13","MT-ATP8"
2.55191494602514e-08,0.517393883186075,0.616,0.276,0.00051068921899855,"13","PSMD7"
2.60469743551539e-08,0.789576202107136,0.798,0.462,0.00052125205079534,"13","RABAC1"
2.62220793967316e-08,0.865797110211013,0.273,0.094,0.000524756252887393,"13","SPART"
2.62981367793458e-08,0.628695430277628,0.303,0.108,0.000526278313228268,"13","EFTUD2"
2.63204893435898e-08,0.670456721382678,0.667,0.342,0.000526725632743918,"13","SELPLG"
2.65017394696088e-08,0.351578706832904,0.364,0.134,0.000530352810265811,"13","FMC1"
2.66550554961498e-08,0.389030573177353,0.354,0.131,0.000533420970588949,"13","ATP6AP1"
2.80891709891762e-08,0.565470366608467,0.737,0.363,0.000562120489835394,"13","PSMB3"
2.87824857281294e-08,0.486547413437961,0.313,0.112,0.000575995104391325,"13","ARHGAP1"
2.89388704111104e-08,0.435352802664483,0.404,0.156,0.000579124674667142,"13","MRPL18"
2.99273401616063e-08,0.594125774750624,0.374,0.148,0.000598905931314064,"13","PCNX4"
3.00441631573278e-08,0.44786476016715,0.354,0.131,0.000601243793104445,"13","PDHB"
3.00469187308749e-08,0.392024425042451,0.404,0.156,0.000601298937642269,"13","AHSA1"
3.0139987172717e-08,0.603759970932521,0.313,0.114,0.000603161423300413,"13","ATP6V1B2"
3.03583400640406e-08,0.600201036586027,0.333,0.123,0.00060753110136158,"13","NTAN1"
3.04662675087997e-08,0.620719206533308,0.828,0.476,0.000609690945386099,"13","PPP1R10"
3.18992401382445e-08,0.475786361577944,0.404,0.158,0.000638367593646549,"13","NDUFS3"
3.21845856632308e-08,0.587192811874247,0.586,0.27,0.000644077928292575,"13","RNASEH2C"
3.22055262458321e-08,0.497870658847435,0.394,0.154,0.000644496991231591,"13","SUDS3"
3.24761144643304e-08,0.551121600192387,0.313,0.113,0.00064991200266018,"13","VPS41"
3.26889300072963e-08,0.599789754157641,0.616,0.278,0.000654170867306014,"13","CHMP2A"
3.30095133449504e-08,0.529879792985211,0.283,0.098,0.000660586381059147,"13","TMUB2"
3.37081813572837e-08,0.50890737843463,0.455,0.186,0.000674568125321962,"13","SURF1"
3.43842962990948e-08,0.494314628641217,0.485,0.207,0.000688098537537485,"13","PAXBP1"
3.45459487682831e-08,0.778892751043089,0.313,0.116,0.000691333526750881,"13","MYO9A"
3.47166391190257e-08,0.737314230954986,0.273,0.094,0.000694749382049942,"13","CDK9"
3.55384477401799e-08,0.563356075895678,0.444,0.184,0.00071119541617648,"13","SAP30BP"
3.56206582008411e-08,0.627262735817598,0.283,0.098,0.000712840611915233,"13","INTS11"
3.57497447200927e-08,0.611911278660943,0.273,0.093,0.000715423891338496,"13","TYK2"
3.63402494762965e-08,0.545529180575687,0.364,0.139,0.000727241072519647,"13","MRPL3"
3.72299269191245e-08,0.513938853021137,0.535,0.234,0.00074504529750552,"13","MESD"
3.72887536403965e-08,0.592847546333467,0.263,0.088,0.000746222537851615,"13","KIF13B"
3.96255566137427e-08,0.536874705128696,0.556,0.247,0.000792986638954218,"13","ARHGAP4"
3.965381423221e-08,0.519245462716057,0.657,0.317,0.000793552130414987,"13","SENP6"
4.02236517427212e-08,0.520010112040973,0.343,0.128,0.000804955718675338,"13","MYD88"
4.16026006977432e-08,0.347937235801618,0.293,0.101,0.000832551245163238,"13","AK6"
4.23617871891935e-08,0.514836674950687,0.798,0.394,0.00084774408523014,"13","LSM3"
4.29116431277521e-08,0.598045617846129,0.525,0.235,0.000858747802272575,"13","CPNE3"
4.32001447947528e-08,0.681633812524861,0.253,0.084,0.000864521297632592,"13","CHERP"
4.41876557566445e-08,0.44013353762852,0.778,0.37,0.00088428336700197,"13","ANP32A"
4.59859499368775e-08,0.50348015181089,0.374,0.145,0.000920270830136793,"13","SLC7A6"
4.75533867838607e-08,0.408985659163065,0.364,0.139,0.00095163837631862,"13","BTBD7"
4.90068607916783e-08,0.38985260555107,0.394,0.155,0.000980725298163065,"13","IRF9"
5.0119363104173e-08,0.558255321978791,0.273,0.094,0.00100298869444071,"13","FUBP3"
5.03642920701708e-08,0.655824280875774,0.263,0.089,0.00100789021290826,"13","TMX2"
5.06214048456854e-08,0.470389327066262,0.293,0.103,0.00101303555377186,"13","MRPL27"
5.07058932619486e-08,0.54612767850669,0.273,0.094,0.00101472633595812,"13","PRCP"
5.07666884086433e-08,0.381862692804172,0.667,0.297,0.00101594296843377,"13","AP2S1"
5.13104432275924e-08,0.473301111582438,0.596,0.268,0.00102682458987058,"13","COPA"
5.1457620386941e-08,0.822013093505792,0.253,0.086,0.00102976989918346,"13","DLST"
5.22797232171968e-08,0.504759176010303,0.687,0.322,0.00104622182102254,"13","HSPA9"
5.24290544312578e-08,0.783753788112066,0.313,0.117,0.00104921023727833,"13","RDH14"
5.36470066148098e-08,0.679248136049257,0.333,0.128,0.00107358389637557,"13","TPD52"
5.40800717541146e-08,0.617576912349546,0.444,0.185,0.00108225039594334,"13","MPG"
5.41813640619893e-08,0.525394033427685,0.808,0.403,0.00108427745760853,"13","ATP5F1C"
5.44583487194217e-08,0.362496515373459,0.535,0.229,0.00108982047457307,"13","YTHDF2"
5.50436849433567e-08,0.357801620898556,0.354,0.132,0.00110153422308645,"13","ITFG2"
5.57824699765064e-08,0.383386350615757,0.293,0.102,0.00111631878916985,"13","IMMP1L"
5.67426212683131e-08,0.517867623052416,0.263,0.089,0.00113553333682148,"13","RNF103"
5.71466916010621e-08,0.409155456212603,0.455,0.186,0.00114361959232046,"13","CHCHD5"
5.75385561418784e-08,0.444476068225009,0.808,0.405,0.00115146158551127,"13","LENG8"
5.77569609916395e-08,0.598479192945725,0.879,0.601,0.00115583230336469,"13","ARPC1B"
6.0374379939887e-08,0.538934402828521,0.626,0.299,0.00120821209135702,"13","TXNL4A"
6.0795416922943e-08,0.657388500470675,0.323,0.121,0.00121663788346194,"13","TIMMDC1"
6.2233186381988e-08,0.414795148185108,0.444,0.183,0.00124541052587634,"13","TCERG1"
6.32692869206863e-08,0.310039706343123,0.384,0.147,0.00126614496985678,"13","TMEM242"
6.33259740201453e-08,0.568512815310367,0.808,0.443,0.00126727939209115,"13","UQCRQ"
6.48530233959832e-08,0.457446597924047,0.333,0.124,0.00129783870420042,"13","MTMR6"
6.52949656565482e-08,0.48420855105076,0.313,0.114,0.00130668285271884,"13","ZDHHC12"
6.55982901331953e-08,0.401654526448442,0.505,0.213,0.0013127529821455,"13","MRPS15"
6.60191534773702e-08,0.467751903225404,0.323,0.119,0.00132117529938913,"13","TIMM17B"
6.66691268857988e-08,0.500883666842736,0.343,0.132,0.00133418256723861,"13","NBN"
6.72037858695518e-08,0.447153474371357,0.455,0.187,0.00134488216282147,"13","CCNC"
6.74551094981268e-08,0.518294031929984,0.283,0.099,0.00134991165127651,"13","QARS"
6.80959681975679e-08,0.469740020115988,0.424,0.171,0.00136273651556973,"13","REXO2"
7.1780257071552e-08,0.414262719204399,0.424,0.172,0.0014364665045159,"13","VEZF1"
7.53403037734302e-08,0.756376783249709,0.253,0.086,0.00150771015911388,"13","PIGS"
7.53468423209114e-08,0.540156907004778,0.273,0.095,0.00150784100852608,"13","TSG101"
7.53524458385613e-08,0.472259992307516,0.343,0.13,0.00150795314612129,"13","ZMYM4"
7.67459618078448e-08,0.505393855740019,0.667,0.316,0.00153584018769859,"13","PSMB6"
7.69983521387019e-08,0.664908183041997,0.424,0.183,0.0015408910229997,"13","RFLNB"
8.07272801939263e-08,0.62391835347697,0.343,0.133,0.00161551433124085,"13","AP3D1"
8.15580549762274e-08,0.54196331376744,0.404,0.165,0.00163213979618426,"13","ATAD2B"
8.32047482024478e-08,0.439151068688648,0.515,0.221,0.00166509342102739,"13","FDX1"
8.32575692832904e-08,0.588555779886769,0.869,0.495,0.00166615047649721,"13","KTN1"
8.33066482464062e-08,0.59902901818578,0.939,0.641,0.00166713264470708,"13","EIF4G2"
8.68843379464579e-08,0.565234702253085,0.606,0.283,0.00173872937098452,"13","STT3B"
8.88226523443336e-08,0.49576712997822,0.465,0.2,0.0017775189187148,"13","SKIL"
8.89421030159099e-08,0.343672219253431,0.384,0.15,0.00177990936555439,"13","PPP3R1"
9.05413666263399e-08,0.341729691742411,0.717,0.335,0.00181191382892631,"13","NOP58"
9.17223501595288e-08,0.45934105685347,0.333,0.125,0.00183554767139249,"13","CFAP298"
9.46574476579087e-08,0.450475030777738,0.384,0.152,0.00189428484253007,"13","TFG"
9.78098648740655e-08,0.462954972210196,0.273,0.096,0.0019573710158598,"13","MTMR12"
9.93867865783926e-08,0.55228771632038,0.677,0.332,0.00198892837300679,"13","GTF2A2"
9.99364502263234e-08,0.591160807407222,0.828,0.474,0.00199992824192918,"13","ERH"
1.00905245936644e-07,0.339291711810806,0.273,0.095,0.00201931578168413,"13","ABCD4"
1.01861268531067e-07,0.664603634188135,0.424,0.181,0.00203844770584372,"13","MSL2"
1.02070386143183e-07,0.554701323528796,0.566,0.259,0.00204263256749737,"13","SUPT5H"
1.02870483686957e-07,0.548714955126852,0.303,0.111,0.00205864411954337,"13","RAB30-AS1"
1.06422367363024e-07,0.589453411538089,0.838,0.487,0.00212972441566883,"13","KRTCAP2"
1.09004028248094e-07,0.400765754203002,0.293,0.105,0.00218138861330086,"13","MFSD14B"
1.12341161706553e-07,0.644100561138434,0.667,0.384,0.00224817132807154,"13","CDKN2D"
1.14651490523698e-07,0.899519275274017,0.616,0.346,0.00229440562836025,"13","NFKBIZ"
1.15670067080131e-07,0.43098760486793,0.626,0.29,0.00231478938240759,"13","THOC7"
1.17810158517528e-07,0.375743003485438,0.424,0.172,0.00235761689225278,"13","TMEM147"
1.20345422072177e-07,0.517078509421303,0.333,0.127,0.0024083525865084,"13","TMEM18"
1.21830413535307e-07,0.329894644511906,0.343,0.13,0.00243807023566855,"13","ATXN10"
1.23399469309504e-07,0.383495011315624,0.303,0.111,0.0024694701798218,"13","PFKL"
1.24482748553589e-07,0.258291752555459,0.343,0.129,0.00249114876405443,"13","ELOF1"
1.26258361543563e-07,0.471980885276228,0.323,0.122,0.00252668233120978,"13","PSMA6"
1.28137518817795e-07,0.391699883135952,0.475,0.202,0.00256428802658171,"13","MTIF3"
1.29953464433896e-07,0.557491442733667,0.455,0.2,0.00260062873025113,"13","SEC14L1"
1.309049564302e-07,0.382468798434627,0.515,0.22,0.00261966998808116,"13","DECR1"
1.38358231982494e-07,0.750054205883478,0.414,0.179,0.00276882493843367,"13","ESD"
1.38578208686013e-07,0.400794958612143,0.323,0.121,0.0027732271122245,"13","SCAF4"
1.41565891231821e-07,0.314883741258501,0.434,0.177,0.0028330166153312,"13","UBE2G1"
1.44626876918963e-07,0.499365537956937,0.283,0.102,0.00289427306090229,"13","SPTLC2"
1.46248196886134e-07,0.301231986572642,0.505,0.213,0.00292671891608531,"13","ERP44"
1.48121910736876e-07,0.436920580601403,0.576,0.255,0.00296421567766636,"13","ETFB"
1.48810249900322e-07,0.868044604067882,0.263,0.094,0.00297799072100524,"13","OTUD6B"
1.56312962351635e-07,0.467220398302403,0.475,0.207,0.00312813500258091,"13","CPEB4"
1.57626715013848e-07,0.580844958766131,0.394,0.163,0.00315442582085712,"13","IDH2"
1.58901705127334e-07,0.446826765036338,0.99,0.818,0.00317994092300822,"13","ARPC3"
1.61684897248549e-07,0.508912392228449,0.263,0.092,0.00323563816373795,"13","SCAMP3"
1.63250835072404e-07,0.412929911668642,0.364,0.142,0.00326697571146894,"13","SLBP"
1.70321553971675e-07,0.272923683587302,0.677,0.304,0.00340847493808116,"13","PTPN1"
1.70402959076554e-07,0.5139744018366,0.545,0.25,0.00341010401704001,"13","RBM4"
1.71992200037607e-07,0.432946037312289,0.859,0.516,0.0034419079071526,"13","AKAP9"
1.77179138471928e-07,0.58202034316349,0.97,0.758,0.00354570891910022,"13","TRA2B"
1.79599688898691e-07,0.445813749649922,0.657,0.314,0.0035941489742406,"13","POLR2A"
1.90380271769541e-07,0.418255660088524,0.697,0.338,0.00380988999865206,"13","SYNCRIP"
1.92670789767035e-07,0.284223628848838,0.697,0.323,0.00385572784481791,"13","ABI1"
1.95268968994355e-07,0.415482005873998,0.768,0.402,0.00390772260751504,"13","SREK1"
1.97513170707708e-07,0.555990930174668,0.465,0.207,0.00395263357220266,"13","ATP6V1E1"
1.99470589379303e-07,0.468703570777608,0.626,0.308,0.0039918054346586,"13","NCKAP1L"
2.00192687094258e-07,0.341829640747233,0.303,0.111,0.0040062560541303,"13","CUEDC2"
2.04056038510814e-07,0.433632307098769,0.394,0.161,0.0040835694426784,"13","PSMD2"
2.08776735677318e-07,0.437617113718918,0.333,0.128,0.0041780400343745,"13","TBC1D1"
2.16663455399058e-07,0.457836510631355,0.626,0.31,0.00433586906944594,"13","TRIM38"
2.19192714867589e-07,0.478798980362943,0.818,0.423,0.00438648460993019,"13","ABRACL"
2.19272724644171e-07,0.520183941605783,0.303,0.114,0.00438808576557914,"13","CLCN3"
2.21093842345255e-07,0.589552304158205,0.364,0.15,0.00442452997301324,"13","NHLRC3"
2.21439381054012e-07,0.486559487454276,0.273,0.098,0.00443144489365288,"13","HMGCS1"
2.22360682977651e-07,0.33933566495272,0.343,0.133,0.00444988198774876,"13","TRRAP"
2.22859543930198e-07,0.539104011282611,0.283,0.104,0.00445986519313113,"13","TRAPPC6B"
2.23987806968751e-07,0.462770162871949,0.626,0.3,0.00448244399305864,"13","ADD1"
2.26437009143154e-07,0.637655979135858,0.667,0.342,0.00453145742697281,"13","TMEM14B"
2.28563567628015e-07,0.555461630957062,0.455,0.198,0.00457401411537184,"13","SAR1B"
2.28851250838602e-07,0.289499304433087,0.434,0.179,0.0045797712317821,"13","RCC2"
2.28899426968354e-07,0.423366938833913,0.333,0.129,0.0045807353324907,"13","COA5"
2.32097768781969e-07,0.299609579377746,0.475,0.201,0.00464474054886477,"13","AKAP17A"
2.35817701810248e-07,0.542756626332348,0.596,0.305,0.00471918384862668,"13","GOLGB1"
2.42037106801263e-07,0.307417394193872,0.465,0.197,0.00484364658130687,"13","CBX5"
2.42416224871533e-07,0.361931817524705,0.545,0.242,0.00485123349212913,"13","HSPB11"
2.42926618598815e-07,0.414359304886556,0.667,0.322,0.0048614474913995,"13","UBE2K"
2.45294370149196e-07,0.549411610492178,0.859,0.497,0.00490883093542571,"13","BRD2"
2.47804349040592e-07,0.495708653691228,0.303,0.115,0.00495906063300033,"13","CEP63"
2.48771899302724e-07,0.424599246208581,0.525,0.236,0.00497842324884612,"13","SLU7"
2.49726711532006e-07,0.33493532391129,0.253,0.088,0.0049975309511785,"13","AP1B1"
2.51004015350276e-07,0.578148390024694,0.303,0.116,0.00502309235518972,"13","AL627171.1"
2.52560135916013e-07,0.601963587305275,0.485,0.221,0.00505423343995126,"13","RERE"
2.54473156990898e-07,0.455485926252358,0.788,0.414,0.00509251681770184,"13","DYNLRB1"
2.55956974282157e-07,0.411394679003908,0.434,0.185,0.00512221096933452,"13","CDC73"
2.58386398499511e-07,0.365672579067919,0.586,0.271,0.0051708286067722,"13","SERINC3"
2.60999840184795e-07,0.542252300554336,0.263,0.094,0.00522312880177811,"13","NCBP1"
2.66475917776177e-07,0.452586717090953,0.313,0.119,0.00533271606653685,"13","NDUFA8"
2.71899082582294e-07,0.309833360140656,0.293,0.107,0.00544124444063687,"13","CYHR1"
2.91571760291376e-07,0.47202149514404,0.465,0.203,0.00583493406695101,"13","CPSF6"
2.91810259289704e-07,0.398236046913404,0.273,0.098,0.00583970690890556,"13","UFSP2"
2.9353966368717e-07,0.484126602336978,0.283,0.105,0.00587431574970765,"13","FAM126A"
2.95225574209468e-07,0.324501778142435,0.566,0.254,0.00590805419107987,"13","SUPT4H1"
2.96250292297628e-07,0.577505751316328,0.939,0.837,0.00592856084946014,"13","FOS"
2.98014542599034e-07,0.419705975362049,0.525,0.233,0.00596386702649188,"13","PSMB2"
3.03707201387837e-07,0.339361088646813,0.586,0.264,0.0060777885141734,"13","RAB8A"
3.0445437326776e-07,0.390518728314517,0.354,0.139,0.0060927409178344,"13","UBE2J2"
3.30289207983725e-07,0.35951886425553,0.293,0.109,0.0066097476301703,"13","TMEM205"
3.38521164433558e-07,0.347808274584719,0.424,0.177,0.00677448554264437,"13","MRPL23"
3.39618299483035e-07,0.604185746316553,0.263,0.095,0.00679644140925451,"13","CRYZL1"
3.42481377257897e-07,0.677681418944601,0.515,0.262,0.00685373732168504,"13","AREG"
3.5389598140867e-07,0.493210374435766,0.899,0.517,0.00708216637995029,"13","ZNF207"
3.57737983014417e-07,0.460692654071462,0.949,0.664,0.00715905251608451,"13","ATP5MPL"
3.74064377473005e-07,0.30902786370852,0.343,0.135,0.00748577632198977,"13","FAM98B"
3.77641550031171e-07,0.458888821775552,0.606,0.289,0.0075573626992238,"13","HEBP2"
3.79569345509978e-07,0.443361534726593,0.354,0.142,0.00759594174234568,"13","SS18"
3.85921581802506e-07,0.637422220740485,0.333,0.136,0.00772306269503176,"13","SERTAD2"
3.91277625855224e-07,0.542278534725781,0.333,0.133,0.00783024784861475,"13","C3orf38"
3.93311640811689e-07,0.328265366639719,0.364,0.146,0.00787095255592352,"13","ACTR10"
3.94528444136455e-07,0.539926200210105,0.788,0.443,0.00789530322405874,"13","HMGN3"
4.04015234600763e-07,0.408931850400803,0.253,0.089,0.00808515287483047,"13","HELLS"
4.102725195132e-07,0.444042824559717,0.808,0.431,0.00821037366049815,"13","APBB1IP"
4.23065544152834e-07,0.785316924995191,0.374,0.165,0.00846638766958652,"13","GNAQ"
4.23817884565025e-07,0.37525431327687,0.545,0.248,0.00848144350591529,"13","ZCRB1"
4.24076011640295e-07,0.266833980575528,0.556,0.248,0.00848660914494559,"13","CTBP1"
4.28049574008327e-07,0.318877096619839,0.323,0.125,0.00856612807505464,"13","NDUFS1"
4.29869527529547e-07,0.463936417027455,0.303,0.115,0.0086025489849213,"13","TRNT1"
4.38635988420089e-07,0.600857580523594,0.333,0.133,0.00877798340026281,"13","MARCH9"
4.43038819852859e-07,0.566400289463478,0.667,0.347,0.00886609286289541,"13","SRSF6"
4.81277649289069e-07,0.682480974784154,0.263,0.097,0.00963132831757285,"13","PFKP"
4.81704050203646e-07,0.409447643758436,0.515,0.229,0.00963986145267537,"13","SMIM7"
4.92075373337286e-07,0.535085690477029,0.909,0.626,0.00984741237122577,"13","SCAF11"
5.10212741611227e-07,0.403799367936666,0.434,0.186,0.0102103773851239,"13","UBE2A"
5.11654277390861e-07,0.323014233791429,0.303,0.115,0.0102392253991459,"13","SLC35E2B"
5.11805663849785e-07,0.454062200884512,0.879,0.532,0.0102422549449619,"13","TCEA1"
5.12037387379038e-07,0.385112635616224,0.556,0.248,0.0102468921962293,"13","NDUFB5"
5.13102364152473e-07,0.512258637996478,0.747,0.407,0.0102682045114193,"13","PCF11"
5.3592760895782e-07,0.557692688523342,0.545,0.268,0.0107249833104639,"13","STAT1"
5.41477402915547e-07,0.489563181003615,0.697,0.351,0.0108360457871459,"13","PSMA4"
5.5470379423106e-07,0.385436337574219,0.263,0.096,0.011100732330152,"13","SPOPL"
5.54906371297292e-07,0.539351685775584,0.808,0.437,0.0111047863024014,"13","DDT"
5.56117007777246e-07,0.291738963361671,0.404,0.169,0.0111290135596382,"13","MRPS5"
5.58112360105056e-07,0.91266266207385,0.253,0.094,0.0111689445504224,"13","EPS8"
5.62001343906715e-07,0.517950428563531,0.374,0.156,0.0112467708942612,"13","CDC123"
5.70459130377898e-07,0.328039957262337,0.333,0.131,0.0114160281171225,"13","NIPA2"
5.90622986518241e-07,0.330527920227368,0.323,0.126,0.011819547206203,"13","BCAP29"
5.93718799457577e-07,0.289009689456087,0.505,0.221,0.011881500614745,"13","RGS19"
5.9738216995342e-07,0.576064348901353,0.364,0.153,0.0119548119851078,"13","RSU1"
6.00623797808453e-07,0.541744812965688,0.909,0.586,0.0120196834417428,"13","SLC25A3"
6.11497955604889e-07,0.476264504397798,0.293,0.112,0.012237297087565,"13","DNAJB12"
6.30067014784075e-07,0.431194330401135,0.899,0.584,0.0126089010998589,"13","SEC62"
6.4003590338757e-07,0.403079305033832,0.263,0.096,0.0128083984985921,"13","SETDB2"
6.41425715430799e-07,0.438629954715712,0.293,0.111,0.0128362114172011,"13","MRPL16"
6.51910993187954e-07,0.601584908739021,0.323,0.131,0.0130460427956773,"13","MZF1-AS1"
6.69901754735136e-07,0.444010742397794,0.808,0.425,0.0134060739157595,"13","ENY2"
6.72554531400138e-07,0.257953863807749,0.313,0.121,0.0134591612823796,"13","TARS"
6.89228932371222e-07,0.333045519368067,0.263,0.095,0.0137928493946129,"13","ECI1"
6.90538451308953e-07,0.615878738898588,0.323,0.13,0.0138190554875948,"13","PSEN1"
6.90785765922186e-07,0.274657787284694,0.444,0.189,0.0138240047476348,"13","PRKCSH"
7.02914741079752e-07,0.275725678802124,0.596,0.274,0.014066729798488,"13","ZFAND6"
7.0812183827762e-07,0.506471259111078,0.828,0.472,0.0141709342276117,"13","HNRNPUL1"
7.11956656518353e-07,0.311457558368504,0.515,0.233,0.0142476766102453,"13","TTC17"
7.23307771677284e-07,0.558766006251092,0.273,0.103,0.0144748351268058,"13","SLC25A13"
7.23937184199386e-07,0.487421259655454,0.293,0.114,0.0144874309301981,"13","SYMPK"
7.37815777807072e-07,0.257408240926525,0.343,0.136,0.0147651693454751,"13","GINM1"
7.64947338138811e-07,0.449121740116535,0.273,0.103,0.0153081261308339,"13","STRN3"
7.67919937638695e-07,0.34540041292425,0.253,0.091,0.0153676137920256,"13","THUMPD3"
7.7710149870569e-07,0.557783782098128,0.96,0.679,0.0155513551920983,"13","BCLAF1"
7.77623225145518e-07,0.494034778634146,0.343,0.14,0.0155617959816121,"13","EXOSC1"
7.94443364871e-07,0.500566812366292,0.313,0.124,0.0158984006177985,"13","EDRF1"
8.23044397746386e-07,0.521963531670613,0.859,0.49,0.0164707644877007,"13","NDUFB4"
8.33316954773622e-07,0.303033710899597,0.576,0.262,0.0166763388989297,"13","STRAP"
8.35343535232624e-07,0.435424206096414,0.364,0.15,0.0167168948270753,"13","KLC1"
8.45092940293668e-07,0.382867974520281,0.283,0.106,0.0169119999211569,"13","GRHPR"
8.75344244644083e-07,0.461049084853519,0.404,0.175,0.0175173890238174,"13","SURF4"
8.78622389066663e-07,0.484579913397005,0.909,0.596,0.0175829912500021,"13","C11orf58"
8.79444597146062e-07,0.399057200540263,0.475,0.213,0.017599445278087,"13","TM2D1"
9.11632615174796e-07,0.264587472647513,0.354,0.144,0.018243591894878,"13","NCOR2"
9.27287905350127e-07,0.26763545465887,0.303,0.116,0.0185568855618667,"13","ANAPC13"
9.41847176916255e-07,0.421219235033469,0.323,0.129,0.0188482457044481,"13","PSD4"
9.42586514618426e-07,0.668072578541569,0.303,0.122,0.018863041330544,"13","CLASP2"
9.55016884018889e-07,0.524260798114625,0.768,0.399,0.019111797882986,"13","MRPS21"
9.58156762376206e-07,0.252960909730121,0.283,0.107,0.0191746331286726,"13","TNK2"
9.71692169615679e-07,0.469725183596613,0.636,0.317,0.019445503698349,"13","BNIP2"
9.76121081963655e-07,0.527610781887865,0.545,0.261,0.0195341350922567,"13","KMT2E-AS1"
9.8173633356069e-07,0.304277623600269,0.414,0.179,0.0196465075072165,"13","LTA4H"
9.8401167059059e-07,0.417107955877297,0.323,0.13,0.0196920415518589,"13","SNAP29"
1.01343589409275e-06,0.344504065982018,0.323,0.129,0.0202808791125841,"13","NEDD9"
1.07101969626378e-06,0.393788194903902,0.384,0.164,0.0214332461616307,"13","TAP2"
1.08359272621428e-06,0.351295125375516,0.293,0.113,0.0216848576370001,"13","GOLT1B"
1.10767028793646e-06,0.496908391313842,0.586,0.295,0.0221666978021844,"13","CDC40"
1.12310027566842e-06,0.591976216130006,0.545,0.284,0.0224754827166764,"13","MAP4K4"
1.13361780873511e-06,0.452051612315184,0.374,0.158,0.022685959588407,"13","PGGT1B"
1.14114627147721e-06,0.264357367628292,0.293,0.112,0.022836619184802,"13","MOGS"
1.15754937590751e-06,0.314426813419723,0.263,0.098,0.023164878110661,"13","YIPF3"
1.18620088374044e-06,0.390039735951827,0.616,0.303,0.0237382520854137,"13","NFATC2IP"
1.21182228407513e-06,0.361857346951542,0.303,0.119,0.0242509875489114,"13","MYO5A"
1.22843484851032e-06,0.285653761273789,0.364,0.152,0.0245834381883885,"13","SLC30A7"
1.26678974332606e-06,0.726461002169183,0.677,0.386,0.0253509963434411,"13","CHMP1B"
1.27129235250045e-06,0.424150193374838,0.283,0.109,0.0254411025582391,"13","PSME3"
1.28640638896727e-06,0.318317176566165,0.333,0.135,0.0257435646560129,"13","AP1M1"
1.31605961617431e-06,0.33454321015784,0.636,0.307,0.0263369850388804,"13","DENR"
1.36203426337467e-06,0.542850693550192,0.869,0.546,0.0272570296786538,"13","YME1L1"
1.39484925831823e-06,0.357541324804616,0.465,0.206,0.0279137233574644,"13","NUDCD2"
1.39785938002568e-06,0.344333576011266,0.384,0.163,0.0279739619130739,"13","SNX5"
1.40465571041304e-06,0.387480762735709,0.556,0.263,0.0281099700767857,"13","MRPS34"
1.41902686023876e-06,0.47236497995126,0.404,0.177,0.028397565527098,"13","TWF2"
1.42423328020058e-06,0.421570373301946,0.747,0.402,0.028501756403374,"13","ARL6IP1"
1.42991271334658e-06,0.379620329683678,0.899,0.59,0.0286154132194918,"13","TAPBP"
1.43990324197318e-06,0.609021562961354,0.263,0.1,0.0288153436783674,"13","AC084033.3"
1.47976176378961e-06,0.252801444349067,0.515,0.232,0.0296129924169577,"13","UFD1"
1.48400645105795e-06,0.32168821968583,0.444,0.198,0.0296979370985717,"13","PITPNB"
1.49478824251759e-06,0.347326861864179,0.404,0.174,0.0299137023092619,"13","UCHL5"
1.53376253586579e-06,0.403739794125852,0.374,0.16,0.0306936558677462,"13","MBNL2"
1.5716045302927e-06,0.295837667202609,0.515,0.238,0.0314509498602176,"13","MAP3K8"
1.58041176545609e-06,0.341192613643742,0.535,0.25,0.0316272002503073,"13","TOX4"
1.59227355056579e-06,0.354677831867795,0.354,0.148,0.0318645782939226,"13","IBTK"
1.61925070085722e-06,0.441188576587775,0.909,0.576,0.0324044450255547,"13","ARPC5"
1.62044453833055e-06,0.254547749902904,0.434,0.191,0.0324283361010709,"13","FIP1L1"
1.66826711334167e-06,0.389037736569314,0.273,0.104,0.0333853614721935,"13","AK2"
1.68161954250401e-06,0.398682531466745,0.677,0.339,0.0336525702845902,"13","MRPL57"
1.71041439900321e-06,0.649081833202183,0.323,0.135,0.0342288129528523,"13","RBM14"
1.74955564502532e-06,0.297522614691339,0.667,0.316,0.0350121075682468,"13","CCT4"
1.76882943492274e-06,0.277773363352598,0.343,0.14,0.0353978146516738,"13","SKA2"
1.79593218740948e-06,0.318782045105819,0.424,0.186,0.0359401949344385,"13","NUP58"
1.79792241472576e-06,0.419740725227646,0.818,0.414,0.0359800233634919,"13","SNRPD3"
1.81922136155421e-06,0.499480625137293,0.818,0.513,0.0364062578874229,"13","NDUFA11"
1.8424707595166e-06,0.316666177034329,0.283,0.109,0.0368715248394462,"13","SEC16A"
1.8950932190176e-06,0.645790228065351,0.657,0.37,0.0379246054989801,"13","SNHG7"
1.90066829319768e-06,0.366438378257117,0.404,0.175,0.038036173883472,"13","NENF"
1.96531739660166e-06,0.419925886197864,0.414,0.186,0.0393299317407925,"13","VOPP1"
1.98246510119127e-06,0.542413604327801,0.859,0.563,0.0396730916050396,"13","EIF5"
2.00794721472164e-06,0.271913752058559,0.778,0.39,0.0401830396610094,"13","IQGAP2"
2.02714730734854e-06,0.456118260300393,0.333,0.138,0.040567271914659,"13","DCAF16"
2.0304096812751e-06,0.276782162168483,0.586,0.27,0.0406325585416774,"13","SHOC2"
2.06431456128975e-06,0.40124525259637,0.273,0.106,0.0413110630005304,"13","GFM1"
2.08323654571352e-06,0.347933955242101,0.677,0.341,0.0416897297528189,"13","M6PR"
2.10787560872561e-06,0.277220500187597,0.596,0.282,0.0421828066818168,"13","ATP1B3"
2.24605893506258e-06,0.378801263537009,0.293,0.117,0.0449481314084723,"13","SMIM15"
2.38520769246797e-06,0.35095146888322,0.313,0.127,0.0477327763416691,"13","AZI2"
2.39777421007226e-06,0.379386333506779,0.586,0.279,0.047984257491966,"13","AP2M1"
2.45501494422484e-06,0.546841716095799,0.727,0.428,0.0491297590638275,"13","SH3KBP1"
2.49309796895858e-06,0.451466733071653,0.283,0.112,0.0498918765547991,"13","DCTN4"
2.60710769928174e-06,0.519947109483482,0.364,0.157,0.0521734392780262,"13","FBRS"
2.61675852186727e-06,0.40368564971035,0.364,0.158,0.0523665715396078,"13","TMEM63A"
2.62969784858846e-06,0.272748307795464,0.606,0.292,0.0526255133459523,"13","LAMP1"
2.6351896829091e-06,0.350976323277169,0.434,0.198,0.0527354159343769,"13","SLC35A3"
2.63768297470435e-06,0.455281638437244,0.869,0.46,0.0527853116897834,"13","HNRNPA0"
2.64106372971362e-06,0.602753911875974,0.283,0.113,0.052852967359029,"13","DTNBP1"
2.64285660755981e-06,0.483026869722001,0.859,0.551,0.0528888464304869,"13","NEDD8"
2.7051595052896e-06,0.478884999617355,0.253,0.097,0.0541356520198555,"13","ZNF580"
2.78076683191131e-06,0.495646023613252,0.687,0.383,0.0556487058402091,"13","SP110"
2.7927214303336e-06,0.318152401592274,0.434,0.194,0.055887941263836,"13","MON2"
2.79731614427625e-06,0.645785811435701,0.253,0.097,0.0559798906792563,"13","P4HA1"
2.872266187115e-06,0.4545372076267,0.707,0.367,0.0574797909365454,"13","AURKAIP1"
2.87442392821191e-06,0.38094803323149,0.667,0.349,0.0575229716513768,"13","ATG12"
2.92227810594348e-06,0.325485786405364,0.465,0.213,0.0584806294561409,"13","ARL5A"
2.94150224799949e-06,0.366636036159439,0.273,0.106,0.0588653429869659,"13","NSUN5"
2.94569837455683e-06,0.491396317477769,0.848,0.508,0.0589493158716312,"13","CHD2"
2.94705407344331e-06,0.412276399496825,0.253,0.096,0.0589764461177475,"13","MACO1"
2.98826074329739e-06,0.265865589061071,0.364,0.155,0.0598010739948673,"13","CYB5R4"
3.04054546607091e-06,0.313718551912032,0.323,0.133,0.060847395867011,"13","RTCA"
3.08094511325407e-06,0.367949221056074,0.333,0.14,0.0616558736064405,"13","KLHDC4"
3.08802329129776e-06,0.534783169718044,0.283,0.114,0.0617975221054508,"13","UBE2D1"
3.23918291011971e-06,0.427408082066866,0.535,0.261,0.0648225283973156,"13","CLTA"
3.24509800364581e-06,0.448630090051167,0.283,0.113,0.0649409012489599,"13","CYB5R3"
3.30319590235995e-06,0.349934502720464,0.505,0.239,0.0661035563980272,"13","DNM1L"
3.33901670668268e-06,0.559432033152877,0.273,0.109,0.0668204023341339,"13","SENP2"
3.35138239759836e-06,0.539871111024774,0.717,0.417,0.0670678645407383,"13","ATF4"
3.3663912439863e-06,0.441578699334153,0.273,0.107,0.0673682215746538,"13","SDR39U1"
3.41261417124983e-06,0.662586980237036,0.283,0.115,0.0682932347950516,"13","DCTN6"
3.45640716115092e-06,0.272024578250198,1,0.992,0.0691696201089522,"13","RPS8"
3.52033801731544e-06,0.518597571532463,0.465,0.221,0.0704490044025166,"13","SUGT1"
3.68809291417804e-06,0.419168787308016,0.263,0.102,0.073806115398531,"13","SURF6"
3.75278728004247e-06,0.330891818802005,0.354,0.15,0.0751007790482099,"13","DHPS"
3.77589358868669e-06,0.315945154924134,0.808,0.392,0.0755631824967979,"13","TAF10"
3.78535627687526e-06,0.389790632422426,0.717,0.362,0.0757525498128278,"13","MRPL41"
3.78789434818394e-06,0.409499580061405,0.859,0.473,0.075803341695857,"13","TRMT112"
3.7927414213712e-06,0.340396001700086,0.455,0.208,0.0759003413244805,"13","EMC3"
3.81591249132285e-06,0.367097730112708,0.768,0.412,0.0763640407763528,"13","PABPN1"
3.87623818154381e-06,0.55013907564865,0.263,0.103,0.0775712784890548,"13","TM9SF4"
4.00200432748576e-06,0.343516874542202,0.646,0.317,0.0800881106016451,"13","PTP4A1"
4.07417128256427e-06,0.353131813491257,0.273,0.108,0.0815323157066761,"13","DCTN5"
4.10084176172276e-06,0.380791088596138,0.263,0.102,0.0820660453355959,"13","TXNRD1"
4.13319816106039e-06,0.45468426086932,0.677,0.351,0.0827135615991406,"13","PRDX5"
4.19880608193424e-06,0.262458764554316,1,0.776,0.0840265073116679,"13","SRGN"
4.40098364773434e-06,0.445180353014959,0.283,0.114,0.0880724847584595,"13","CCNB1IP1"
4.46805627030145e-06,0.366535515355079,0.253,0.098,0.0894147420812725,"13","DNAJC13"
4.74881600820432e-06,0.371771489368958,0.455,0.214,0.0950333059561848,"13","ARID2"
4.7647816872054e-06,0.38539289506759,0.323,0.136,0.0953528111243545,"13","GCHFR"
4.86593039794592e-06,0.679416611918455,0.768,0.454,0.0973769991236937,"13","EIF4A1"
4.87971276164068e-06,0.431469576592273,0.364,0.159,0.0976528117859532,"13","LINC01089"
4.90253936757945e-06,0.437402469549163,0.747,0.405,0.098109617824,"13","UBE2L3"
4.91778437172741e-06,0.536802043125088,0.323,0.139,0.0984147008470089,"13","SAMD4B"
5.00790036661591e-06,0.433846506854661,0.596,0.309,0.100218102136718,"13","HNRNPAB"
5.11610837095056e-06,0.254058699680117,0.263,0.103,0.102383560719463,"13","SCPEP1"
5.15633812514515e-06,0.25973844551452,0.424,0.192,0.103188638560405,"13","LASP1"
5.16793438509744e-06,0.324584776390806,0.404,0.18,0.10342070291457,"13","WASHC4"
5.22140894343437e-06,0.321200229787042,0.364,0.158,0.104490835776009,"13","TBC1D5"
5.22724192086876e-06,0.298903287385066,0.444,0.2,0.104607565320426,"13","RPA3"
5.39413765854313e-06,0.559457497642814,0.273,0.111,0.107947482822765,"13","NFKB2"
5.41061709324886e-06,0.350910365414767,0.263,0.104,0.108277269270096,"13","ERV3-1"
5.4483841460673e-06,0.583005193719106,0.253,0.1,0.109033063531099,"13","IPO5"
5.45403865115368e-06,0.428122855978545,0.626,0.337,0.109146221486887,"13","DOCK2"
5.56180442701226e-06,0.827860673556205,0.343,0.156,0.111302830193369,"13","ZSCAN16-AS1"
5.56751326996618e-06,0.340655855383619,0.313,0.133,0.111417075558563,"13","ZNF37A"
5.64608889530582e-06,0.5304632393233,0.475,0.227,0.11298953097286,"13","MFF"
5.73148041649318e-06,0.483340383011535,0.889,0.569,0.114698386094862,"13","TBCA"
5.75113874234923e-06,0.472919795737363,0.303,0.128,0.115091788511893,"13","NAPG"
5.86298815719033e-06,0.342906533709842,0.444,0.21,0.117330119001693,"13","FKBP3"
5.96068516656167e-06,0.386113766340125,0.485,0.234,0.119285231553232,"13","PPP6R1"
6.1405335818332e-06,0.540438609685036,0.273,0.111,0.122884358039646,"13","NAA25"
6.37456773078249e-06,0.2846317492368,0.303,0.125,0.127567849428419,"13","IQCB1"
6.38426065902031e-06,0.312604516863805,0.667,0.332,0.127761824308315,"13","CMTM6"
6.62879570678676e-06,0.536870050069074,0.253,0.1,0.132655459684217,"13","CEP170"
6.66388769743342e-06,0.334073805141237,0.323,0.138,0.133357720601038,"13","VPS13D"
6.66683990724337e-06,0.883726569465642,0.394,0.198,0.133416800223754,"13","ZBTB10"
6.70878630182337e-06,0.441866166277792,0.939,0.615,0.134256231472089,"13","RHOA"
6.71459752710213e-06,0.390892074334908,0.99,0.717,0.134372525712368,"13","EDF1"
6.91686837939187e-06,0.364397151965435,1,0.983,0.13842037000839,"13","H3F3B"
7.06165160124783e-06,0.455611302653186,0.404,0.191,0.141317771844172,"13","ANKLE2"
7.32103166889431e-06,0.366079575232289,0.434,0.204,0.146508485757913,"13","CHRAC1"
7.4132211163036e-06,0.351639753491967,0.263,0.105,0.148353380979468,"13","SMARCAD1"
7.55841661281842e-06,0.401385495344666,0.364,0.162,0.151259033255722,"13","ZNF506"
7.61743375088386e-06,0.259688227513221,0.455,0.209,0.152440084222688,"13","SMU1"
7.6659801457879e-06,0.516513604632473,0.293,0.123,0.153411594677507,"13","MRPS11"
7.83950416982648e-06,0.512507281615048,0.364,0.164,0.156884157446568,"13","NAA20"
8.14482847966147e-06,0.321368567011893,0.697,0.363,0.162994307534985,"13","KDM5A"
8.22310194426024e-06,0.413909785344815,0.293,0.123,0.164560716108536,"13","WDR61"
8.29710141814211e-06,0.296379685584841,0.283,0.115,0.16604159357986,"13","ISCA2"
8.71607608066149e-06,0.285269757991525,0.343,0.147,0.174426114526198,"13","AL354733.3"
8.74223284252906e-06,0.368231147059065,0.909,0.566,0.174949563644692,"13","POLR2J3.1"
8.78198738152314e-06,0.260311073932406,0.485,0.228,0.175745131479041,"13","CTDNEP1"
9.11454301677495e-06,0.25591604944355,0.475,0.225,0.1824002348517,"13","LPGAT1"
9.13559113135953e-06,0.442882690245605,0.354,0.157,0.182821449720767,"13","MARCKSL1"
9.20845485263833e-06,0.297281765309997,0.374,0.168,0.184279598510998,"13","IKBKB"
9.22372408074246e-06,0.331331306888317,0.505,0.241,0.184585166303818,"13","MRPL34"
9.27958091612169e-06,0.363342343735024,0.263,0.106,0.185702973293427,"13","COG2"
9.35612854591206e-06,0.320227190432858,0.283,0.116,0.187234844460792,"13","VRK3"
9.41083781613727e-06,0.394485880241553,1,0.919,0.188329686376539,"13","PABPC1"
9.47119630168025e-06,0.470349555323646,0.677,0.378,0.189537580389225,"13","ATP5F1A"
9.52351778282789e-06,0.283154913954975,0.515,0.25,0.190584637869952,"13","TMEM165"
9.65398813423946e-06,0.452227259453967,0.273,0.112,0.1931956105424,"13","KDM1A"
9.80119469762286e-06,0.266610625639903,0.384,0.172,0.196141508288829,"13","LSM12"
9.99433422421703e-06,0.299043983313062,0.515,0.252,0.200006616495031,"13","TAP1"
1.00183686888577e-05,0.541286423979533,0.535,0.278,0.200487594201421,"13","MRPL52"
1.01863366175348e-05,0.438296966540541,0.98,0.794,0.203848968390106,"13","DDX17"
1.05472237419413e-05,0.278869809988037,0.323,0.139,0.211071041523729,"13","DENND4B"
1.0688947804427e-05,0.391503745651648,0.798,0.461,0.213907223462193,"13","PSME2"
1.08632635389405e-05,0.387253789806575,0.97,0.655,0.217395629941278,"13","SERBP1"
1.1163515533319e-05,0.38123946572435,0.919,0.59,0.223404272852779,"13","COX6A1"
1.12979688411396e-05,0.282202142125488,0.394,0.18,0.226094952448887,"13","FAM192A"
1.1401674007816e-05,0.358454072021941,0.646,0.333,0.228170300244414,"13","ATP5PB"
1.14243800450886e-05,0.4251891035705,0.253,0.101,0.228624693462313,"13","PMPCA"
1.16820037026066e-05,0.437491316330941,0.566,0.283,0.233780258096564,"13","ELOC"
1.19268366727265e-05,0.361292243470066,0.717,0.396,0.238679855494603,"13","SMARCA5"
1.19561411542346e-05,0.2591227989829,0.283,0.118,0.239266296778543,"13","OGFRL1"
1.21613231853779e-05,0.441708868702227,0.828,0.458,0.243372399585782,"13","UFC1"
1.23459409600013e-05,0.561002758510362,0.364,0.171,0.247066970491546,"13","CMTM3"
1.30744053250531e-05,0.350526851449521,0.606,0.32,0.261644999364963,"13","MSL3"
1.31694094260837e-05,0.323600841122518,0.283,0.118,0.263546221434787,"13","AC025159.1"
1.33425952995037e-05,0.255062769662603,0.303,0.129,0.267012017133667,"13","CPT1A"
1.36077575483284e-05,0.351413214927703,0.253,0.102,0.272318444057149,"13","ING2"
1.36207114262987e-05,0.311835249091026,0.263,0.108,0.27257767706309,"13","IL6R"
1.38231507944564e-05,0.385266376124094,0.343,0.154,0.276628893698661,"13","SEL1L"
1.40612722487887e-05,0.442295480062428,1,0.785,0.28139418024276,"13","DDX24"
1.40693546757387e-05,0.43859523967494,0.828,0.464,0.281555925770882,"13","COX7A2L"
1.41381206668623e-05,0.255723576146002,0.606,0.298,0.282932070785248,"13","ATRAID"
1.45991079851804e-05,0.343150244135158,0.545,0.266,0.29215734899943,"13","SLC3A2"
1.50384248933655e-05,0.384314230161895,0.263,0.109,0.30094895896603,"13","MCFD2"
1.51926220970378e-05,0.347642744864626,0.273,0.113,0.30403475340592,"13","NMD3"
1.56755786873131e-05,0.284541179299212,0.273,0.113,0.313699680690509,"13","ACLY"
1.58441380879726e-05,0.430369064809249,0.626,0.337,0.317072891416507,"13","PHC3"
1.58523673499111e-05,0.41774848423092,0.263,0.109,0.317237575406422,"13","HPS3"
1.68966476268295e-05,0.61141449219276,0.697,0.408,0.338135712308112,"13","DDIT4"
1.69265999065971e-05,0.34202225003892,0.354,0.161,0.33873511733082,"13","TCIRG1"
1.77869745121573e-05,0.380689865713736,0.687,0.37,0.355952933937291,"13","SNHG9"
1.82789631602009e-05,0.439575033440758,0.929,0.643,0.365798610761941,"13","PNN"
1.8450849121443e-05,0.350812719557696,0.283,0.12,0.369238392618318,"13","GTF2E2"
1.86032321691787e-05,0.431047512644768,0.535,0.273,0.372287882169604,"13","LARS"
1.88379062926458e-05,0.414917409530622,0.525,0.274,0.376984180728428,"13","UBE2S"
1.88759638797276e-05,0.30039531995966,0.525,0.257,0.377745789161108,"13","PHB2"
1.88804234817486e-05,0.250196361364,0.455,0.22,0.377835034716752,"13","LRRC58"
1.90001248301375e-05,0.307342658825973,0.263,0.108,0.380230498100711,"13","RAB5B"
2.06173521402064e-05,0.494544356207015,0.535,0.289,0.412594451029811,"13","PABPC4"
2.07017060909198e-05,0.537550760656744,0.283,0.123,0.414282542291487,"13","SDCCAG8"
2.09126256380809e-05,0.279975191328988,0.303,0.131,0.418503464269276,"13","UQCC2"
2.1769294229923e-05,0.369730026591484,0.273,0.115,0.435647116129219,"13","NUP160"
2.18319870319839e-05,0.299124014840487,0.263,0.11,0.436901724484061,"13","LRMP"
2.25250920997677e-05,0.349637223547424,0.323,0.143,0.450772143100552,"13","PSMC4"
2.29791832819792e-05,0.591828077066533,0.263,0.114,0.459859415838968,"13","FBXO22"
2.40432060361062e-05,0.500183830059567,0.313,0.144,0.481152639194558,"13","AC091271.1"
2.40765096204409e-05,0.351487534157952,0.717,0.398,0.481819110524264,"13","GNB1"
2.45077275806693e-05,0.378722236375091,0.96,0.743,0.490448644344355,"13","UBL5"
2.45338407580675e-05,0.505562510993062,0.273,0.117,0.490971221250447,"13","CARS2"
2.48073942132887e-05,0.313816925231847,0.263,0.11,0.496445572996334,"13","TMIGD2"
2.51302811724585e-05,0.28168673205875,0.626,0.322,0.50290718682324,"13","EIF2A"
2.62101461729891e-05,0.680952209145777,0.859,0.565,0.524517445213858,"13","CYCS"
2.73059712498913e-05,0.311813165294898,0.636,0.334,0.546447096652825,"13","GHITM"
2.7353838550237e-05,0.250316639642641,0.475,0.233,0.547405017067343,"13","MKLN1"
2.86036229952824e-05,0.270327896740289,0.636,0.32,0.572415703381592,"13","TMEM230"
2.86815040519972e-05,0.387473165300345,0.263,0.111,0.573974259088568,"13","CLK3"
2.91725234604634e-05,0.265626112766774,0.465,0.225,0.583800539490793,"13","HOOK3"
2.96318088506276e-05,0.320641006219819,0.384,0.181,0.592991758718759,"13","USF3"
2.96484179522771e-05,0.278916197585376,0.283,0.122,0.59332414006097,"13","CCDC28A"
2.97910614310837e-05,0.375055836956035,0.97,0.694,0.596178721358847,"13","ATP5ME"
3.02415274380241e-05,0.335508183081672,0.606,0.319,0.605193447089738,"13","HADHA"
3.09265973275075e-05,0.340443706674884,0.263,0.111,0.618903065718079,"13","STAMBP"
3.12551228043301e-05,0.380044767898166,0.899,0.74,0.625477517560253,"13","HMGN2"
3.22456490697842e-05,0.381831425690077,0.273,0.117,0.645299929184522,"13","RAB3GAP1"
3.26137201167587e-05,0.325358545414078,0.283,0.123,0.652665766976575,"13","KRCC1"
3.28076980782299e-05,0.374716161642643,0.646,0.352,0.656547653941537,"13","NSMCE3"
3.3527187730531e-05,0.406834021895609,0.859,0.528,0.670946080863386,"13","SELENOK"
3.5298863330091e-05,0.281294257573666,0.465,0.235,0.706400852961782,"13","CCNT1"
3.54479897468618e-05,0.275513851969499,0.283,0.122,0.709385170814198,"13","PPP3CB"
3.55089273311737e-05,0.395233829500748,0.879,0.537,0.710604653751449,"13","NDUFB8"
3.57891312969816e-05,0.357435412878847,0.323,0.147,0.716212095515195,"13","GLCCI1"
3.70332488051073e-05,0.293842327944497,0.99,0.911,0.741109375087807,"13","RPL36AL"
3.70801332461035e-05,0.414007413268569,0.899,0.585,0.742047626521023,"13","DBI"
4.11820362846704e-05,0.346673959701493,0.313,0.142,0.824134910128825,"13","U2AF1L4"
4.17955070459719e-05,0.30566506071705,0.384,0.179,0.83641168700399,"13","UBA6"
4.21666352803385e-05,0.332846777840784,0.475,0.241,0.843838705230134,"13","DR1"
4.26021616821703e-05,0.735742390587661,0.303,0.144,0.852554459583593,"13","LYSMD2"
4.37676988220836e-05,0.497903174804256,0.606,0.337,0.875879188827538,"13","SNRPN"
4.45887717266391e-05,0.376790884814085,1,0.991,0.892310499793502,"13","DDX5"
4.54881383840089e-05,0.328739983288568,0.283,0.125,0.910308625340786,"13","ZDHHC5"
4.57656120722572e-05,0.35765751062539,0.424,0.207,0.91586142879001,"13","UBAC2"
4.61061268581808e-05,0.302550724990963,0.848,0.517,0.922675810685915,"13","MOB1A"
4.73843079593639e-05,0.360701562758763,0.717,0.408,0.94825477088279,"13","PGK1"
4.88011994619342e-05,0.254540005598154,0.343,0.158,0.976609603632227,"13","DCAF7"
4.89024762990731e-05,0.393965842754708,0.636,0.357,0.97863635569705,"13","PRDX1"
5.11521805364179e-05,0.292015032373304,0.343,0.158,1,"13","DHX29"
5.12959763692145e-05,0.442181314773893,0.879,0.576,1,"13","ARID1B"
5.29185141973088e-05,0.416914287329071,0.677,0.38,1,"13","C1QBP"
5.33187025544279e-05,0.287949930592427,0.646,0.337,1,"13","PSMD8"
5.39443460165767e-05,0.255338772616119,0.374,0.177,1,"13","SNX17"
5.52907601047981e-05,0.256391132614332,0.737,0.418,1,"13","TUT4"
5.78988624841958e-05,0.300015248431114,0.859,0.515,1,"13","LSM8"
5.81187385753079e-05,0.348037763659826,0.424,0.213,1,"13","DLG1"
5.8175592997145e-05,0.492210728953708,0.98,0.803,1,"13","HNRNPU"
5.92628013493801e-05,0.267557367466761,0.556,0.284,1,"13","TOMM22"
6.1391285585799e-05,0.382314778403651,0.343,0.163,1,"13","MRE11"
6.3374011763484e-05,0.291295762102684,0.556,0.292,1,"13","CCT3"
6.59065934951464e-05,0.321073029650852,0.414,0.204,1,"13","EPRS"
6.85740945538527e-05,0.375067807949807,0.263,0.114,1,"13","CAPN1"
6.90463143298015e-05,0.373955681923156,0.96,0.718,1,"13","COX6B1"
6.96023836277426e-05,0.259251635014588,0.273,0.12,1,"13","MED1"
7.41239491601764e-05,0.413758197345358,0.515,0.273,1,"13","HIST1H1C"
7.74970370605033e-05,0.460599161489012,0.293,0.135,1,"13","TIMM10"
8.00301996763952e-05,0.351235963511012,0.929,0.709,1,"13","RBM3"
8.06193424272017e-05,0.300435762259836,0.869,0.57,1,"13","ZRANB2"
8.23458926704213e-05,0.546165138781566,0.303,0.141,1,"13","CCDC167"
8.36051159049944e-05,0.567111137810849,0.374,0.189,1,"13","CREM"
8.80317539051489e-05,0.326513556991512,0.889,0.542,1,"13","JTB"
8.84617538527976e-05,0.550516981661165,0.283,0.134,1,"13","ARL5B"
8.9400033117748e-05,0.398039920864942,0.273,0.124,1,"13","CEPT1"
9.0571677312079e-05,0.301936788986417,0.859,0.514,1,"13","TTC3"
9.11080470928916e-05,0.359761367852145,0.263,0.117,1,"13","USP4"
9.12840178233232e-05,0.401077220114088,0.354,0.174,1,"13","BSDC1"
9.20674454634174e-05,0.284188504051196,0.929,0.602,1,"13","COX8A"
9.25335447790054e-05,0.250783221854717,0.404,0.199,1,"13","AUP1"
9.65876832186296e-05,0.297977633197459,0.929,0.723,1,"13","KLF6"
9.81895210889761e-05,0.388278509178904,0.283,0.128,1,"13","NAF1"
9.88479743702086e-05,0.258779476817337,0.465,0.241,1,"13","SLC39A10"
0.0001051350445751,0.349679100661241,0.889,0.653,1,"13","NDUFA1"
0.000110182032836637,0.328159775937861,0.404,0.203,1,"13","ATF6B"
0.00011300152298821,0.360367318489632,0.616,0.339,1,"13","HSPD1"
0.000117513450822226,0.254534919987621,0.303,0.142,1,"13","ATL3"
0.000119291645341191,0.333064155473028,0.99,0.845,1,"13","YWHAZ"
0.000121776802677998,0.494295164793277,0.273,0.128,1,"13","SNX10"
0.00012440918986889,0.283626085560446,0.99,0.92,1,"13","XIST"
0.000127879484648208,0.295597725257359,0.283,0.13,1,"13","AMZ2"
0.000129567718200718,0.281710204263222,0.313,0.147,1,"13","SLC25A45"
0.000133898796910836,0.450252874140506,0.283,0.132,1,"13","NSL1"
0.000157775664285875,0.415289288527621,0.343,0.172,1,"13","NPIPB5"
0.000171187774530068,0.251211752989678,1,0.984,1,"13","NACA"
0.000178400180531835,0.4379416931995,0.404,0.212,1,"13","AC114760.2"
0.000203230275501065,0.305290776944032,0.879,0.527,1,"13","SF3B5"
0.000203394175991134,0.330668570807579,0.283,0.135,1,"13","NRIP1"
0.000204349108716473,0.278922510227535,0.374,0.186,1,"13","NUDT4"
0.000208126432610589,0.310863388371162,0.808,0.502,1,"13","H2AFV"
0.000212471957092619,0.256677797317418,0.444,0.234,1,"13","RAB11A"
0.000213743918660025,0.324569448448748,0.273,0.126,1,"13","ARL2"
0.000260885795833721,0.290420240648337,0.768,0.442,1,"13","NDUFB10"
0.000269398898355089,0.260472495469305,0.717,0.403,1,"13","RTN4"
0.000296966641630814,0.35222709741109,0.455,0.267,1,"13","IFI44L"
0.000307506423845805,0.277631967632106,0.818,0.506,1,"13","HSPE1"
0.000319218741400507,0.280005577408246,0.343,0.175,1,"13","PIM2"
0.000346495317396389,0.664120413199281,0.465,0.278,1,"13","ZNF331"
0.000350487578229419,0.259026380073413,0.788,0.472,1,"13","NDUFB7"
0.000414373634457732,0.348675325032341,0.293,0.144,1,"13","DEDD2"
0.000414926631058465,0.264265851700437,0.303,0.15,1,"13","AC118549.1"
0.000488920059494857,0.373574790615325,0.939,0.848,1,"13","COMMD6"
0.000495948011661085,0.287024787727233,0.838,0.516,1,"13","LSP1"
0.000523141985141695,0.306254190816843,0.939,0.641,1,"13","ATP6V0E1"
0.000537789148757684,0.278514683053366,0.263,0.126,1,"13","NDEL1"
0.000605274845955961,0.254705160460543,0.414,0.219,1,"13","MRPS18C"
0.000708754526375088,0.304379856180623,0.333,0.172,1,"13","KHSRP"
0.000718394106737907,0.332396967983602,0.99,0.775,1,"13","HNRNPA3"
0.000821029983303578,0.289735759302792,0.354,0.188,1,"13","RAB5A"
0.000880780643900625,0.273369579055338,0.687,0.41,1,"13","SNRPE"
0.000929171629993064,0.287934507629862,0.828,0.527,1,"13","DDX18"
0.000964169340675891,0.372961134408843,0.808,0.542,1,"13","IDS"
0.00101246886500528,0.293477842688941,0.848,0.559,1,"13","NDUFB11"
0.00117023267397864,0.275953523493321,0.737,0.463,1,"13","C6orf62"
0.00131734290196728,0.25987806302482,0.889,0.585,1,"13","CDV3"
0.00153735243631981,0.35127496122487,0.253,0.129,1,"13","STAU2"
0.00176914737156442,0.261461544281045,0.96,0.658,1,"13","RBM25"
0.00207788483571636,0.45856454192056,0.606,0.426,1,"13","TRIM22"
0.00248912214040664,0.261182987206741,0.293,0.158,1,"13","FLOT1"
0.00379955916779462,0.305441212361393,0.929,0.751,1,"13","SRSF3"
0.00462861927953373,0.26393988886297,0.253,0.139,1,"13","PLSCR1"
0.00527678955244126,0.250209896669347,0.525,0.324,1,"13","NORAD"
0.00762660391837833,0.804403463347676,0.263,0.158,1,"13","TP53INP1"
0.00795341195083599,0.363493008747792,0.909,0.809,1,"13","SRSF7"
0,2.66882463787581,0.971,0.084,0,"14","MS4A1"
0,2.73192657426369,0.913,0.074,0,"14","BANK1"
0,2.52854154349789,0.913,0.083,0,"14","CD79A"
0,2.63097444248495,0.928,0.105,0,"14","RALGPS2"
0,2.87200142078341,0.913,0.091,0,"14","IGHM"
0,3.01021556730364,0.855,0.054,0,"14","IGHD"
0,2.28984641671843,0.942,0.143,0,"14","HLA-DQA1"
0,2.3550042858027,0.942,0.194,0,"14","HLA-DQB1"
0,2.65479854140806,0.812,0.069,0,"14","LINC00926"
0,2.62182441853389,0.826,0.085,0,"14","TNFRSF13C"
0,2.08486586807336,1,0.272,0,"14","HLA-DRA"
0,2.22267390133329,0.841,0.144,0,"14","CD79B"
0,2.3918777531463,0.812,0.117,0,"14","MEF2C"
0,3.01130212381971,0.739,0.052,0,"14","CD22"
0,3.04863070610256,0.71,0.058,0,"14","ADAM28"
0,1.74751006630447,0.986,0.338,0,"14","HLA-DRB1"
0,2.62978932440597,0.71,0.069,0,"14","BCL11A"
0,2.41481281594568,0.783,0.146,0,"14","CD83"
0,2.35278247697145,0.739,0.102,0,"14","HLA-DMB"
0,2.70859841564667,0.696,0.07,0,"14","AFF3"
0,2.30987275330076,0.71,0.102,0,"14","MARCH1"
0,2.36315798740518,0.667,0.085,0,"14","IRF8"
0,3.31104817610972,0.609,0.038,0,"14","PAX5"
0,2.08437762459344,0.638,0.074,0,"14","TCF4"
0,1.55678188333103,0.826,0.262,0,"14","POU2F2"
0,1.56085366406685,0.913,0.35,0,"14","BIRC3"
0,2.05423569404207,0.725,0.162,0,"14","STX7"
0,1.74656351514843,0.696,0.155,0,"14","HLA-DMA"
0,2.99394717790026,0.58,0.042,0,"14","COBLL1"
0,1.4971915058997,0.739,0.213,0,"14","SNX2"
0,2.08399417966793,0.652,0.127,0,"14","SEL1L3"
0,1.53070504931058,0.942,0.419,0,"14","HLA-DPA1"
0,1.41398588155653,0.71,0.188,0,"14","MTSS1"
0,1.48629436243016,0.681,0.168,0,"14","LYN"
0,1.26327486528443,0.681,0.178,0,"14","NCF1"
0,2.98121908462225,0.536,0.038,0,"14","VPREB3"
0,2.4469945064925,0.58,0.087,0,"14","HVCN1"
0,2.52756107965585,0.551,0.059,0,"14","P2RX5"
0,2.7866508985192,0.522,0.032,0,"14","TCL1A"
0,3.18450957987495,0.522,0.036,0,"14","FCRL1"
0,1.54137925518105,1,0.516,0,"14","HLA-DPB1"
0,2.9058633867734,0.522,0.04,0,"14","FAM129C"
0,1.79276302364837,0.594,0.112,0,"14","PLPP5"
0,2.0859855961345,1,0.52,0,"14","CD74"
0,1.82603390438214,0.58,0.1,0,"14","HLA-DQA2"
0,1.31695751466676,0.725,0.248,0,"14","PLEKHA2"
0,2.33222374264966,0.551,0.075,0,"14","SWAP70"
0,1.85551770219248,0.667,0.195,0,"14","YBX3"
0,1.7575957025792,0.623,0.157,0,"14","TP53INP1"
0,2.22096502415455,0.536,0.073,0,"14","CIITA"
0,2.2396769777073,0.565,0.103,0,"14","NFKBID"
0,2.39231472952661,0.522,0.065,0,"14","BCL7A"
0,1.49069515700399,0.594,0.143,0,"14","GGA2"
0,2.87039005056286,0.478,0.031,0,"14","FCRL2"
0,1.60343213038059,0.565,0.122,0,"14","RASGEF1B"
0,1.91260464129232,0.522,0.081,0,"14","PHACTR1"
0,2.70727196269867,0.478,0.042,0,"14","CD40"
0,3.03331386305458,0.464,0.028,0,"14","FCER2"
0,1.61902176528517,0.652,0.222,0,"14","IGKC"
0,2.23682214102396,0.507,0.08,0,"14","EAF2"
0,1.02293045719594,0.507,0.085,0,"14","CYBB"
0,2.00357080418952,0.522,0.101,0,"14","STRBP"
0,2.94949250635545,0.449,0.03,0,"14","LINC02397"
0,1.48055802193856,0.551,0.134,0,"14","IFT57"
0,2.00721765170574,0.478,0.072,0,"14","LY86"
0,1.76334429542813,0.522,0.126,0,"14","BACH2"
0,1.60137714981289,0.536,0.146,0,"14","IL4R"
0,2.13225402491176,0.464,0.081,0,"14","CALHM6"
0,1.4924855707474,0.493,0.121,0,"14","SMIM14"
0,1.46217089444931,0.493,0.128,0,"14","TPD52"
0,2.61671190232405,0.391,0.032,0,"14","POU2AF1"
0,1.66467798984118,0.464,0.109,0,"14","FAM3C"
0,1.84774163752588,0.449,0.095,0,"14","DAPP1"
0,1.49861172621986,0.464,0.118,0,"14","RHBDF2"
0,2.96027400569517,0.377,0.033,0,"14","ARHGAP24"
0,1.81275133509987,0.449,0.107,0,"14","FCHSD2"
0,1.30747292718026,0.449,0.11,0,"14","CXXC5"
0,1.85057811320721,0.435,0.097,0,"14","SNX29"
0,3.13550604435456,0.362,0.028,0,"14","FCRL5"
0,2.94734554223089,0.348,0.027,0,"14","EBF1"
0,1.69070828449315,0.406,0.087,0,"14","SYK"
0,1.68273667908134,0.391,0.075,0,"14","RAB30"
0,2.48799793928911,0.362,0.046,0,"14","HHEX"
0,2.48418453282892,0.348,0.033,0,"14","SPIB"
0,1.40386099933981,0.391,0.077,0,"14","MARCKS"
0,2.50818274690263,0.348,0.034,0,"14","PKIG"
0,1.92733420895123,0.362,0.051,0,"14","PDLIM1"
0,1.78521775560005,0.391,0.085,0,"14","IGLC2"
0,2.2740106069104,0.348,0.05,0,"14","GAPT"
0,1.64292908670709,0.362,0.069,0,"14","HIP1R"
0,2.09567211400251,0.348,0.056,0,"14","BASP1"
0,2.70346335660422,0.319,0.029,0,"14","FAM30A"
0,2.56352453889043,0.319,0.031,0,"14","CD24"
0,2.27911136144465,0.319,0.033,0,"14","BLK"
0,1.89159032898759,0.362,0.077,0,"14","TRAK1"
0,3.14221999065622,0.304,0.019,0,"14","SNX22"
0,2.47765209278288,0.319,0.035,0,"14","FCGR2B"
0,3.32782829094252,0.29,0.014,0,"14","LINC01857"
0,1.9461609196658,0.333,0.058,0,"14","GRK3"
0,2.26424043959302,0.304,0.029,0,"14","TSPAN13"
0,1.76747219253019,0.333,0.062,0,"14","SETBP1"
0,2.82293995604764,0.29,0.02,0,"14","FCRLA"
0,1.24462813294482,1,0.738,0,"14","CD37"
0,2.07090377513617,0.304,0.044,0,"14","SESTD1"
0,2.59541538761539,0.29,0.032,0,"14","BLNK"
0,2.33648831591234,0.29,0.033,0,"14","HLA-DOB"
0,0.520435179992019,0.29,0.044,0,"14","JCHAIN"
0,2.36972076716365,0.275,0.032,0,"14","CD72"
0,1.89493227025232,0.29,0.047,0,"14","LYL1"
0,2.68781259639921,0.261,0.025,0,"14","PAWR"
0,2.23378743805182,0.275,0.046,0,"14","BTK"
0,2.47114721759028,0.261,0.038,0,"14","FGD2"
0,2.23295317672182,0.261,0.042,0,"14","ATP6V0A1"
4.44089209850063e-16,1.73973065882964,0.275,0.051,8.88711326751945e-12,"14","GNG7"
1.11022302462516e-15,1.52873006596092,0.435,0.11,2.22177831687986e-11,"14","RRAS2"
1.55431223447522e-15,1.22942496964892,0.594,0.188,3.11048964363181e-11,"14","PELI1"
1.77635683940025e-15,1.33276944081043,0.377,0.086,3.55484530700778e-11,"14","ENPP4"
1.77635683940025e-15,1.98369375620384,0.29,0.059,3.55484530700778e-11,"14","BMP2K"
1.99840144432528e-15,1.40285169282806,0.507,0.147,3.99920097038375e-11,"14","TMEM154"
2.44249065417534e-15,1.70644238639984,0.261,0.048,4.8879122971357e-11,"14","CDCA7L"
4.44089209850063e-15,1.34453673795746,0.449,0.119,8.88711326751945e-11,"14","SMC6"
5.55111512312578e-15,1.53806220718937,0.42,0.111,1.11088915843993e-10,"14","ORAI2"
6.43929354282591e-15,1.2478474778946,0.478,0.131,1.28863142379032e-10,"14","OTUD1"
7.32747196252603e-15,1.64955081647121,0.304,0.064,1.46637368914071e-10,"14","ALDH16A1"
1.79856129989275e-14,1.93885321261247,0.29,0.061,3.59928087334538e-10,"14","ZNF891"
4.39648317751562e-14,1.70393182219092,0.29,0.061,8.79824213484426e-10,"14","SIDT2"
6.99440505513849e-14,1.65124884518074,0.319,0.073,1.39972033963431e-09,"14","AGPAT5"
8.32667268468867e-14,1.01015394605782,0.609,0.192,1.6663337376599e-09,"14","ITGAE"
8.81517081552374e-14,1.46408940838603,0.406,0.108,1.76409198360261e-09,"14","TAPT1"
2.22044604925031e-13,1.07917978305512,0.71,0.252,4.44355663375973e-09,"14","PARP15"
2.43582931602759e-13,1.03845877080052,0.522,0.158,4.87458162723442e-09,"14","GSAP"
3.79030140607028e-13,0.903867871505835,0.739,0.267,7.58515117382785e-09,"14","PPP3CA"
5.63771251904654e-13,1.3339005661062,0.304,0.069,1.12821902931159e-08,"14","SAV1"
5.87974113841483e-13,1.27099896294696,0.304,0.069,1.17665379661958e-08,"14","BTN2A2"
1.33337785257481e-12,0.964608917727168,0.449,0.127,2.66835575857272e-08,"14","CTSZ"
1.38777878078145e-12,1.41584825408647,0.362,0.096,2.77722289609983e-08,"14","SPOPL"
1.59294799573217e-12,1.30994367999161,0.377,0.1,3.18780752905923e-08,"14","ITPR1"
1.62225788358228e-12,1.05076861102714,0.551,0.173,3.24646247662486e-08,"14","SYPL1"
2.38631336912931e-12,1.07843368953465,0.536,0.172,4.77549031430158e-08,"14","LMBRD1"
2.84638979053398e-12,0.953949668106228,0.826,0.369,5.69619524881659e-08,"14","HERPUD1"
2.89168688993868e-12,1.42930028914614,0.391,0.111,5.78684380414529e-08,"14","NFKB2"
2.97473157218064e-12,1.43254244136628,0.304,0.073,5.95303282224791e-08,"14","TFEB"
3.09308134660569e-12,1.01822056614421,0.681,0.251,6.1898743908273e-08,"14","ST6GAL1"
3.17768034108212e-12,1.2060170526966,0.391,0.107,6.35917389857354e-08,"14","CCDC32"
3.18123305476092e-12,1.24069458172747,0.391,0.108,6.36628358918756e-08,"14","KDM4B"
3.24318349953501e-12,1.24990903667739,0.348,0.089,6.49025881926946e-08,"14","RNF103"
3.45701245407781e-12,1.02154517322535,0.522,0.166,6.91817332310052e-08,"14","SKAP2"
5.46140910273607e-12,0.936894381860049,0.565,0.187,1.09293718963954e-07,"14","MCTP2"
5.74651437545981e-12,1.039396237945,0.638,0.234,1.14999245681702e-07,"14","PDE4B"
9.12891984228281e-12,0.98658916632131,0.899,0.459,1.82687943883764e-07,"14","PRDM2"
1.02897690368309e-11,1.30996051632126,0.319,0.081,2.05918857965059e-07,"14","QRSL1"
1.13740128426798e-11,1.12696021081705,0.681,0.295,2.27616745007708e-07,"14","PARP14"
1.9465096201543e-11,0.769673297403739,0.971,0.688,3.89535505185279e-07,"14","LAPTM5"
2.15347739640492e-11,0.920097922112616,0.957,0.575,4.30953896568553e-07,"14","ANKRD44"
4.81352735448581e-11,1.48083760425693,0.29,0.073,9.63283094179701e-07,"14","GUCD1"
5.34663424645032e-11,0.981708393106421,0.522,0.181,1.06996844539964e-06,"14","TMEM156"
5.94950755328227e-11,1.20176520604214,0.464,0.154,1.19061545156285e-06,"14","DMXL1"
6.96256385879224e-11,1.33344993863132,0.348,0.098,1.3933482794215e-06,"14","CHPT1"
9.76037028976862e-11,1.27048463076261,0.391,0.121,1.9532453023885e-06,"14","RHOQ"
9.87043780042995e-11,1.1680499826488,0.464,0.152,1.97527201262204e-06,"14","KIAA0040"
1.12345466263264e-10,0.492161233128992,0.971,0.428,2.24825747086044e-06,"14","GZMH"
1.39253497621894e-10,1.03470179785734,0.522,0.182,2.78674099440934e-06,"14","CAMK2D"
1.61703095358234e-10,1.00688008673631,0.435,0.141,3.23600234430899e-06,"14","RPS6KA5"
1.64096514154721e-10,0.782532126315674,0.783,0.325,3.28389944126428e-06,"14","EBLN3P"
2.21771268016369e-10,1.34989104746071,0.319,0.088,4.43808661554357e-06,"14","ZNF318"
2.94603230699408e-10,1.4968801534394,0.29,0.077,5.89559985275656e-06,"14","MGAT5"
3.0823743557562e-10,0.639176000686141,0.493,0.16,6.16844756073931e-06,"14","VAV3"
3.19417159388991e-10,1.02049103643169,0.667,0.28,6.39217619369248e-06,"14","NCOA3"
3.59947405215166e-10,1.43538218313323,0.261,0.065,7.20326747316591e-06,"14","GABPB1"
3.74565489735801e-10,1.36267950914196,0.261,0.065,7.49580458059285e-06,"14","ATN1"
3.88904020098835e-10,0.793655449927744,0.899,0.501,7.78274725021788e-06,"14","MTPN"
4.091320615629e-10,1.00515608836828,0.507,0.181,8.18755081599676e-06,"14","SP140"
4.15205647641415e-10,1.17820659769817,0.609,0.26,8.30909542059999e-06,"14","PMAIP1"
4.39072556090991e-10,1.15898448487408,0.377,0.115,8.78671999249292e-06,"14","ABHD13"
4.42279102230714e-10,1.46300972534759,0.275,0.071,8.85088939384104e-06,"14","WWC3"
4.7416071069506e-10,1.03574306995715,0.928,0.714,9.48890414242953e-06,"14","CD69"
4.81302109278658e-10,0.866445625165467,0.638,0.25,9.63181781088451e-06,"14","ZCCHC7"
5.18580289821102e-10,1.43793911434117,0.261,0.066,1.03778287598999e-05,"14","PRDM4"
6.01994232241054e-10,0.967262723461012,0.478,0.164,1.2047108575608e-05,"14","MAPK14"
7.99389887617963e-10,1.13611546972613,0.435,0.15,1.59973904310107e-05,"14","MYC"
8.83034534382432e-10,0.899575240304182,0.841,0.479,1.76712871020612e-05,"14","PRKCB"
1.17757337214641e-09,0.930691350491803,0.449,0.151,2.3565598323394e-05,"14","PLEKHF2"
1.25697741104602e-09,0.990227484394496,0.551,0.21,2.5154631949853e-05,"14","DENND4A"
1.35955025015733e-09,0.871752286994439,0.594,0.232,2.72073196061484e-05,"14","APPL1"
1.44702583249057e-09,0.831753662920087,0.667,0.272,2.89578809598012e-05,"14","DGKD"
1.48778678266126e-09,0.800228340288636,0.826,0.482,2.97735890946171e-05,"14","REL"
1.61831281708658e-09,0.795641658582307,0.855,0.424,3.23856760955366e-05,"14","EIF1B"
1.99993088756401e-09,0.81064056348441,0.739,0.329,4.00226169219309e-05,"14","RCSD1"
2.02340388888445e-09,1.34246657602605,0.319,0.095,4.04923586243555e-05,"14","MTHFR"
2.04674055481746e-09,0.829790224262372,0.638,0.264,4.0959371983007e-05,"14","ZNF652"
2.19783369281856e-09,1.59945708415531,0.304,0.09,4.39830478606851e-05,"14","SNX9"
2.24769269863145e-09,0.366685967086507,0.957,0.416,4.49808262850127e-05,"14","KLRD1"
2.41373010467782e-09,0.80298967463307,0.623,0.245,4.83035668548126e-05,"14","USP7"
2.41580022652954e-09,1.12055518055511,0.275,0.074,4.83449941333092e-05,"14","RABEP2"
2.44047471120723e-09,1.20984538910901,0.29,0.081,4.88387799206791e-05,"14","PLCG2"
2.58034993372291e-09,0.737140410475761,0.536,0.191,5.1637962873663e-05,"14","ACBD3"
2.72553823954524e-09,0.946932885242439,0.71,0.309,5.45434712497794e-05,"14","BAZ2A"
2.73068168077373e-09,0.86724587444739,0.377,0.118,5.46464017956438e-05,"14","OGFRL1"
2.75472000765831e-09,1.3283386889233,0.333,0.104,5.5127456793258e-05,"14","GRASP"
2.85187229387418e-09,1.10511441137948,0.391,0.129,5.70716683450101e-05,"14","NEDD9"
3.20972404210806e-09,1.10562346283377,0.522,0.204,6.42329975306666e-05,"14","ELOVL5"
3.82907305862545e-09,0.677107808046654,0.884,0.44,7.66274100492126e-05,"14","IKZF3"
3.9976295607147e-09,0.903088590367099,0.493,0.18,8.00005627690226e-05,"14","WASHC4"
4.82501949505831e-09,1.41513153462532,0.275,0.078,9.6558290135107e-05,"14","TLE1"
5.01434627153685e-09,1.17457592813868,0.29,0.082,0.000100347097585995,"14","ATXN1L"
5.24753618336149e-09,1.46583954804883,0.275,0.077,0.00010501369410143,"14","SNRNP25"
6.43331188321383e-09,0.99853753410325,0.348,0.109,0.000128743437406875,"14","BICD2"
6.46367626089273e-09,0.803860724888173,0.638,0.267,0.000129351089332985,"14","CREBBP"
6.51908838023019e-09,1.08424240392742,0.406,0.14,0.000130459996665166,"14","CYB5A"
6.55916521097311e-09,0.858358608719023,0.522,0.205,0.000131262014201994,"14","TRGC2"
7.07720282377977e-09,0.813915885086548,0.464,0.162,0.000141628982909481,"14","USP28"
7.3659369714818e-09,0.803371666640267,0.565,0.22,0.000147407130673294,"14","IQSEC1"
7.78155140324088e-09,1.04855445346716,0.29,0.083,0.000155724406681657,"14","CD82"
8.17332179714469e-09,1.21448858743038,0.261,0.072,0.00016356451580446,"14","CCP110"
8.50272408037256e-09,1.06721877943876,0.435,0.156,0.000170156514296416,"14","TCOF1"
8.73605632278895e-09,1.12352682878446,0.275,0.077,0.000174825959131653,"14","ARFIP1"
9.7244277075248e-09,1.11664278404461,0.377,0.128,0.000194605247282986,"14","SNX10"
1.08002489174197e-08,0.947006150866091,0.333,0.103,0.000216134581335403,"14","CYB561A3"
1.08343563010038e-08,0.732032980205823,0.899,0.542,0.000216817138295688,"14","MYCBP2"
1.11423086313067e-08,0.782092294369463,0.899,0.505,0.00022297988032971,"14","MDM4"
1.14719558297338e-08,0.887984070424005,0.362,0.117,0.000229576780064633,"14","HSH2D"
1.2432652019001e-08,0.831605134565602,0.638,0.272,0.000248802232204248,"14","MBD4"
1.26382553311544e-08,1.03190464894391,0.478,0.182,0.000252916765687061,"14","RABEP1"
1.27644448344455e-08,0.894346491230763,0.333,0.104,0.000255442070026923,"14","LAT2"
1.2841590679713e-08,0.827752406230746,0.638,0.278,0.000256985912682417,"14","ZNF331"
1.29364805534493e-08,0.893957234297423,0.812,0.44,0.000258884848835628,"14","ATF7IP"
1.37941926769969e-08,0.999016223760509,0.29,0.084,0.000276049383852062,"14","RBM41"
1.40203744170009e-08,0.981639718904558,0.261,0.072,0.000280575732833022,"14","METTL7A"
1.42016256532429e-08,0.938784358341556,0.406,0.14,0.000284202932572697,"14","GALNT10"
1.83809525378109e-08,0.598780181632383,0.507,0.187,0.000367839622186672,"14","GAB3"
1.88625561836631e-08,0.791205272199821,0.58,0.237,0.000377477474347465,"14","PTK2B"
1.93056364228283e-08,0.538836832272364,1,0.958,0.000386344396093641,"14","JUND"
2.07674941687941e-08,0.713449085380226,0.522,0.197,0.000415599093305907,"14","APOBEC3C"
2.11620438950177e-08,0.86325700829986,0.449,0.165,0.000423494822427095,"14","WDR11"
2.21538409839184e-08,0.835180760523019,0.435,0.157,0.000443342665770174,"14","ADK"
2.21733427174797e-08,0.999539175687074,0.319,0.099,0.000443732934462204,"14","ARHGAP17"
2.26055536511893e-08,1.05428656759661,0.348,0.114,0.000452382339667601,"14","MTMR4"
2.26676415415739e-08,0.993752654320252,0.333,0.106,0.000453624842529976,"14","GPATCH11"
2.27564487254028e-08,1.02712862078599,0.464,0.174,0.000455402051892762,"14","CUX1"
2.40430551023962e-08,0.687566201068599,0.449,0.158,0.000481149618709154,"14","RPN1"
2.40726634181954e-08,0.893767368068476,0.406,0.141,0.000481742140324926,"14","CYB5B"
2.59833501381479e-08,0.746117544982646,0.797,0.419,0.000519978802964616,"14","EZR"
2.84338392830819e-08,0.811295468579785,0.493,0.188,0.000569017991733034,"14","EIF4G3"
3.03402192258773e-08,0.831587513602159,0.377,0.129,0.000607168467148256,"14","FCRL3"
3.1816242973548e-08,0.869209661558724,0.377,0.128,0.000636706654386643,"14","ZDHHC21"
3.20231876571597e-08,0.723147684092706,0.42,0.147,0.00064084803139508,"14","GLCCI1"
3.21484172616238e-08,0.648790197135137,0.928,0.611,0.000643354126239615,"14","SP100"
3.53728661917074e-08,0.334528038030301,0.348,0.114,0.000707881798228449,"14","MT1E"
3.84002254438798e-08,0.922629801483198,0.362,0.122,0.000768465311582922,"14","SCAF4"
3.99031103714975e-08,0.735887195932164,0.565,0.223,0.000798541044754408,"14","NGLY1"
4.39514182826173e-08,1.19076252204192,0.29,0.089,0.000879555782671737,"14","SNIP1"
4.45504999557755e-08,0.505902142691347,1,0.981,0.00089154460511498,"14","BTG1"
4.47595644992305e-08,0.528729139092434,0.362,0.121,0.0008957284047586,"14","CCDC50"
4.54705266772493e-08,0.256068192576456,0.681,0.284,0.000909956179865112,"14","FCGR3A"
5.1205902185103e-08,0.899126107308067,0.261,0.074,0.00102473251452828,"14","TIFA"
5.2248752879791e-08,0.955625460475137,0.362,0.124,0.00104560204263038,"14","TCF12"
5.40222770961662e-08,0.699179723870164,0.507,0.19,0.00108109380924848,"14","STAT6"
6.5363574108801e-08,0.29265990032746,0.507,0.187,0.00130805584506533,"14","CX3CR1"
6.78133866838238e-08,1.03651049279384,0.261,0.075,0.00135708149431668,"14","NDRG3"
6.83062235662391e-08,1.24313886374115,0.304,0.1,0.00136694414600758,"14","LINC01215"
7.35942176088855e-08,0.616629459462013,0.681,0.295,0.00147276748278902,"14","INPP5D"
7.96727004370723e-08,0.846196649929605,0.304,0.095,0.00159441008114669,"14","ARHGEF2"
8.6426773959758e-08,0.810471658751046,0.304,0.095,0.00172957260048268,"14","CDC16"
8.723964750601e-08,0.966882646807262,0.42,0.154,0.00174583982589027,"14","FBXW11"
8.72475174329423e-08,0.606834156471357,0.594,0.242,0.00174599731886804,"14","CSNK1G3"
8.77496701967573e-08,0.671501392692566,0.609,0.26,0.00175604639997751,"14","CHD9"
9.09878705712686e-08,0.412359858962083,0.899,0.451,0.00182084926587223,"14","CTSW"
9.49839877861791e-08,0.958555060699631,0.275,0.083,0.00190081956357702,"14","CCNG2"
9.74362706074317e-08,0.55255758877263,0.623,0.275,0.00194989464739592,"14","CEP78"
9.88310981941964e-08,1.05051293203744,0.29,0.091,0.00197780793706226,"14","DDI2"
1.00379542233853e-07,0.693968475664154,0.855,0.446,0.00200879539918386,"14","PTBP3"
1.16821588180827e-07,0.698737904018472,0.667,0.3,0.0023378336226747,"14","ADD1"
1.18350061084627e-07,0.834060602519355,0.449,0.171,0.00236842142242555,"14","RB1"
1.20559875860238e-07,0.678877546035828,0.58,0.239,0.00241264423571508,"14","ETNK1"
1.20871310738124e-07,0.802144370819085,0.406,0.148,0.00241887667049134,"14","GSE1"
1.26618355356101e-07,1.00348174876974,0.333,0.113,0.00253388652738629,"14","VEGFB"
1.26875833172946e-07,0.728985185054836,0.768,0.371,0.00253903917345699,"14","RBM26"
1.34696653386612e-07,0.590879336352045,0.377,0.13,0.00269554942757289,"14","TTC38"
1.51421240213168e-07,0.898252458667977,0.536,0.229,0.00303024185914591,"14","KDM6B"
1.51937341374975e-07,0.795142861191661,0.464,0.179,0.00304057007559599,"14","LTA4H"
1.59405429744908e-07,0.823529945541844,0.623,0.299,0.00319002146005509,"14","PDIA6"
1.63717668311136e-07,0.818123088026711,0.406,0.151,0.00327631797824246,"14","PHTF2"
1.68265281708102e-07,0.756972732572092,0.536,0.226,0.00336732481754254,"14","VPS37B"
1.83416977383999e-07,0.65790047090965,0.855,0.493,0.00367054055140859,"14","TAF7"
2.02891504930136e-07,0.27839624957027,0.971,0.471,0.00406026479666188,"14","ZEB2"
2.09935916206661e-07,0.614717703534646,0.638,0.278,0.00420123755512769,"14","MAP3K1"
2.24020622052734e-07,0.587226914471563,0.391,0.138,0.00448310068851931,"14","HTT"
2.24751328659067e-07,0.789572612294979,0.522,0.222,0.00449772358912526,"14","ZMYND8"
2.27017415310726e-07,0.412527972356485,0.855,0.419,0.00454307251519825,"14","PLEK"
2.40349185220978e-07,0.841598626860888,0.493,0.199,0.00480986789464222,"14","UBE2J1"
2.41998475480898e-07,1.0855625910448,0.29,0.094,0.00484287349132373,"14","FUBP3"
2.68127936964291e-07,0.684806308559891,0.551,0.238,0.00536577627452939,"14","MAP3K8"
2.73508149239987e-07,0.91286335304113,0.377,0.136,0.00547344508259062,"14","STX10"
2.73602015710139e-07,0.637163622173633,0.522,0.207,0.00547532353839131,"14","SLAMF6"
2.9099033649338e-07,0.785991849418981,0.333,0.114,0.00582329861390551,"14","NUP88"
2.96798453813807e-07,0.633548365638396,0.42,0.156,0.0059395306577219,"14","CCDC174"
2.97022263229252e-07,1.17398475259099,0.275,0.089,0.00594400953174379,"14","DELE1"
2.97357428014067e-07,0.745500311064652,0.348,0.119,0.0059507168494175,"14","NDUFA8"
2.98744310178733e-07,0.750734596669916,0.333,0.113,0.00597847113529681,"14","REXO1"
3.0202369027954e-07,0.577854557565585,0.449,0.169,0.00604409808987416,"14","SECISBP2L"
3.06479990497266e-07,0.667776652217829,0.812,0.414,0.00613327756983129,"14","RB1CC1"
3.12336608798702e-07,0.91940418089991,0.391,0.147,0.00625048021527963,"14","ERO1B"
3.16833420610507e-07,0.773404237880044,0.681,0.342,0.00634047041325747,"14","GABPB1-AS1"
3.20069348580532e-07,0.912852972364776,0.377,0.14,0.0064052278037936,"14","PIKFYVE"
3.25511735121964e-07,0.828643451223661,0.319,0.107,0.00651414084326074,"14","EED"
3.38427984747369e-07,0.910030634083739,0.333,0.114,0.00677262083076435,"14","PSMG3"
3.4359543743534e-07,0.956973699202647,0.275,0.088,0.00687603189395602,"14","DENND3"
3.48498496283156e-07,0.97776776479662,0.319,0.108,0.00697415190761852,"14","RANGRF"
3.51474885418313e-07,0.909251199839439,0.348,0.123,0.00703371540699127,"14","DUSP22"
3.87367208309897e-07,1.07010073831313,0.275,0.089,0.00775199257269765,"14","ELOVL1"
3.92891786660243e-07,0.869364411194793,0.565,0.263,0.00786255043464479,"14","TAGAP"
4.26492164251613e-07,0.705987157667084,0.638,0.307,0.00853496119100328,"14","FCMR"
4.67105514712074e-07,0.582656828654676,0.565,0.234,0.00934771556041802,"14","XPA"
4.67753889177303e-07,0.805883480891251,0.435,0.172,0.00936069083021618,"14","USP12"
5.38302880048747e-07,0.339992467143094,0.783,0.366,0.0107725172355355,"14","HOPX"
5.457927045871e-07,0.842443531750841,0.652,0.314,0.0109224036041971,"14","PPM1K"
5.82614561928096e-07,0.682358730206891,0.304,0.101,0.0116592826133051,"14","TIMM44"
5.88117729627413e-07,0.72311410713221,0.348,0.123,0.0117694120053038,"14","HECTD4"
6.33011036699216e-07,0.620543843393632,0.362,0.13,0.0126678168664247,"14","SNX14"
6.47357110139524e-07,0.672046971834264,0.652,0.305,0.0129549104881121,"14","PTPN1"
6.4861839832453e-07,0.417756421945507,0.986,0.866,0.0129801513872705,"14","PNISR"
7.74359965260984e-07,0.880508637674873,0.391,0.152,0.0154964916248028,"14","UVRAG"
7.95047670365534e-07,0.725705503025384,0.348,0.124,0.0159104939793551,"14","DPH3"
8.12218231338591e-07,0.944461885072589,0.275,0.091,0.0162541112455479,"14","INTS6L"
8.23944737771143e-07,0.594017234236364,0.696,0.321,0.0164887820922761,"14","BLOC1S6"
8.98315295483343e-07,0.982814535797317,0.449,0.191,0.0179770856932127,"14","ZNF791"
9.21635585626746e-07,0.8832458950819,0.333,0.12,0.0184437713395624,"14","PIGC"
9.22259493885136e-07,0.725963121909956,0.594,0.287,0.0184562569916293,"14","MIS18BP1"
9.51422847172978e-07,0.651152337700862,0.478,0.194,0.0190398740176256,"14","FAM13B"
9.81828232271553e-07,0.746108560653442,0.638,0.311,0.0196483465842183,"14","TRIM38"
9.86751542919606e-07,0.679136018321221,0.391,0.149,0.0197468718769072,"14","FAM53B"
9.96116664486735e-07,0.650091865532573,0.406,0.153,0.0199342866897085,"14","DDRGK1"
1.0698435872758e-06,0.556751411254981,0.783,0.41,0.0214097098685633,"14","CTSC"
1.15428215141655e-06,0.506335041074285,0.522,0.214,0.023099494414148,"14","SASH3"
1.21075528780601e-06,0.807292559239716,0.29,0.098,0.0242296348195739,"14","EPG5"
1.30032928646884e-06,0.643025128991938,0.449,0.18,0.0260221896808144,"14","KDM4C"
1.30296436595678e-06,0.819637286758271,0.333,0.12,0.0260749228915271,"14","TMEM109"
1.31066580277839e-06,0.704825911489819,0.304,0.103,0.0262290440452011,"14","P2RY10"
1.36781058679425e-06,0.57622692437669,0.942,0.542,0.0273726254629265,"14","IDS"
1.38159133666882e-06,0.589347978491951,0.652,0.295,0.0276484058294164,"14","CDC40"
1.47293168684115e-06,0.722690091396534,0.435,0.176,0.0294763089170651,"14","ARFGAP2"
1.56049719168827e-06,0.574682453094285,0.536,0.228,0.0312286698000657,"14","RABGGTB"
1.68338795947243e-06,0.566233446929277,0.406,0.154,0.0336879598449622,"14","ACBD6"
1.72507116324994e-06,0.506274230827988,0.986,0.843,0.0345221241189577,"14","CXCR4"
1.74315702583527e-06,0.788475626205902,0.536,0.247,0.0348840584010155,"14","FNIP1"
1.77224222386307e-06,0.545737356944596,0.623,0.276,0.0354661113839478,"14","PRRC2B"
1.78810235951232e-06,0.390577059978133,0.565,0.235,0.0357835044185606,"14","RASSF1"
1.80815286965341e-06,1.11753117017595,0.275,0.096,0.0361847552275041,"14","A2M-AS1"
1.80970358343302e-06,0.588123309913037,0.478,0.199,0.0362157881116616,"14","COPB1"
1.91916816327797e-06,0.58278572626267,0.333,0.119,0.0384063932835188,"14","TRIB2"
1.99133422440489e-06,0.645041883235998,0.362,0.137,0.0398505804987908,"14","MIR4435-2HG"
1.99525280053514e-06,0.652557489512551,0.478,0.2,0.0399289990443092,"14","RPA3"
1.99700192737851e-06,0.941859385450069,0.261,0.087,0.0399640025706987,"14","WWP2"
2.0846044148648e-06,0.574165212209502,0.58,0.267,0.0417171035502744,"14","LPP"
2.09946386564575e-06,0.662170391612825,0.304,0.106,0.0420144708793027,"14","YPEL1"
2.13825697836789e-06,0.840226773145956,0.536,0.247,0.0427907986510982,"14","SP140L"
2.19377397114862e-06,0.766723810739558,0.29,0.1,0.0439018047106261,"14","ANXA4"
2.26341482134629e-06,0.977543563245718,0.348,0.135,0.0452954574047819,"14","NUP153"
2.28214315733943e-06,0.882101494698814,0.348,0.136,0.0456702488646767,"14","CHD7"
2.53898231838967e-06,0.705370399611051,0.275,0.092,0.0508101141556141,"14","GPAA1"
2.55461096321241e-06,0.554061620576227,0.377,0.149,0.0511228745958068,"14","TTN"
2.67009264898199e-06,0.883508009377775,0.261,0.087,0.0534338940914276,"14","SLC2A1"
2.67072035775584e-06,0.680267798549366,0.435,0.184,0.0534464557994099,"14","ITPR2"
2.9126849236949e-06,0.933069570679507,0.304,0.112,0.0582886506929823,"14","SLC35E1"
3.09704260970101e-06,0.493277099866961,0.435,0.174,0.0619780167053365,"14","DIS3"
3.10036097128652e-06,0.70669756928142,0.435,0.181,0.0620444237573858,"14","USF3"
3.12562233162339e-06,0.49886537569,0.522,0.222,0.0625499541004473,"14","RERE"
3.27250105613963e-06,0.605149511325674,0.348,0.131,0.0654892911354663,"14","JAZF1"
3.32744500686211e-06,0.961529507350772,0.29,0.105,0.0665888294773245,"14","MANBA"
3.58575035219744e-06,0.657447985803069,0.377,0.148,0.0717580360481751,"14","NRDE2"
3.61453316832794e-06,0.975912029669232,0.319,0.122,0.0723340377645787,"14","NOTCH2"
3.69855181769907e-06,0.497291390047753,0.971,0.777,0.0740154189757938,"14","DUSP1"
4.06388555540538e-06,0.86581164640882,0.449,0.2,0.0813264777347724,"14","N4BP2L1"
4.07316035766492e-06,1.03804045070342,0.261,0.09,0.0815120850775903,"14","PXK"
4.18081330710862e-06,0.672597273659785,0.377,0.149,0.0836664359018577,"14","ZNF92"
4.4728807899741e-06,0.619469351742429,0.768,0.406,0.0895112903689617,"14","SNX3"
4.48523885476781e-06,0.567499611535821,0.725,0.382,0.0897585999616135,"14","BBX"
4.57668845688097e-06,0.626238972803507,0.565,0.257,0.091588689399102,"14","PACS1"
4.5872433054317e-06,0.813843709304668,0.261,0.089,0.0917999130282992,"14","CCL28"
4.60749266939509e-06,0.571358046769165,0.768,0.387,0.0922051432999345,"14","PPP4R3A"
4.62285817137698e-06,0.608312736266561,0.391,0.155,0.092512637725596,"14","RAB22A"
4.66917103292275e-06,0.593956562870233,0.609,0.284,0.09343945071085,"14","RBM6"
4.68539880715824e-06,0.637131135363898,0.812,0.55,0.0937642009288506,"14","ZFP36L1"
4.81421540898808e-06,0.937268090257228,0.275,0.098,0.0963420787646694,"14","GCLM"
4.99934986208928e-06,0.817042775730024,0.348,0.136,0.100046989440131,"14","AKAP8"
5.38270939620666e-06,0.453518158918397,0.928,0.59,0.107718780436888,"14","CLIC1"
5.69132470129574e-06,0.694935532146165,0.261,0.089,0.11389478992233,"14","ORC2"
5.82228888257319e-06,0.473682217401526,0.725,0.338,0.116515645118055,"14","DNAJC7"
5.85430620292371e-06,0.654071304707629,0.435,0.184,0.117156375732909,"14","SAP30BP"
5.8553710560183e-06,0.778515615381211,0.464,0.205,0.117177685573038,"14","LSM10"
5.89730334232819e-06,0.533891616715737,0.855,0.501,0.118016834486672,"14","CEMIP2"
5.94078184845692e-06,0.755980258918081,0.29,0.105,0.11888692635132,"14","CDC27"
5.96592134294305e-06,0.832512297842308,0.29,0.105,0.119390017914976,"14","CBWD1"
5.99299323278402e-06,0.398976228189314,1,0.92,0.119931780574474,"14","CD52"
6.18966701093626e-06,0.857507724797882,0.275,0.099,0.123867616222856,"14","ARHGAP35"
6.26485107635411e-06,0.458259269479683,0.58,0.255,0.125372199739998,"14","MAN1A2"
6.32203554706834e-06,0.374990446642205,0.435,0.183,0.126516575367932,"14","KLRG1"
6.32944407774616e-06,0.658016260439726,0.536,0.246,0.126664834883856,"14","SMARCC1"
6.49437100563865e-06,0.585815122039815,0.362,0.142,0.129965352564841,"14","CDYL"
6.52079541274553e-06,0.554838450763628,0.58,0.268,0.130494157799864,"14","EFCAB14"
6.63207726625537e-06,0.675523030171994,0.42,0.175,0.132721130252302,"14","SOS2"
6.67583638125357e-06,0.727717355637601,0.275,0.097,0.133596837661647,"14","CEP120"
6.78023164835118e-06,0.427263060563087,0.42,0.168,0.135685995746804,"14","ARMC8"
6.81360295495814e-06,0.569306126125125,0.435,0.18,0.136353822334622,"14","KANSL2"
6.8939685635705e-06,0.658604904062673,0.261,0.09,0.137962098894173,"14","CTSH"
7.02396995366783e-06,0.278546616917636,0.304,0.113,0.140563686712801,"14","HIST1H2AC"
7.15558287933682e-06,0.577284281481792,0.652,0.316,0.143197524581288,"14","SYNRG"
7.35547753216714e-06,0.77607457297065,0.348,0.137,0.147197816373729,"14","GLRX3"
7.412356255454e-06,0.387797437549604,0.551,0.267,0.148336073384145,"14","RGS2"
7.54145959724895e-06,0.44598246181146,0.928,0.591,0.150919689460146,"14","TAPBP"
7.71162721058261e-06,0.873137976335724,0.304,0.115,0.154325083738179,"14","CEP63"
7.87939795365844e-06,0.737914058497906,0.304,0.113,0.157682511848613,"14","VPS41"
7.90748678825004e-06,0.618874288226579,0.391,0.16,0.15824462560646,"14","ZC3H6"
7.9733722417874e-06,0.549403513593335,0.406,0.166,0.159563125302649,"14","KDM7A"
8.25920752567377e-06,0.51558896006771,0.507,0.228,0.165283261003784,"14","NT5C3A"
8.37294652100695e-06,0.579071359643058,0.391,0.158,0.167559405778391,"14","KDM5C"
8.51975126914262e-06,0.614367737320468,0.348,0.135,0.170497262398082,"14","FAM98B"
8.54155331975193e-06,0.840321011779649,0.275,0.1,0.170933565034876,"14","FAM193A"
8.9724505978328e-06,0.688993415291995,0.406,0.17,0.17955668136383,"14","AP1G1"
9.10807475973385e-06,0.624792611399355,0.377,0.151,0.182270792091794,"14","HDAC2"
9.24301664739779e-06,0.868237183389812,0.377,0.16,0.184971249147725,"14","RNF38"
9.32898735706011e-06,0.930585465973677,0.348,0.146,0.186691694989487,"14","CEP135"
9.33498883548545e-06,0.553550345425786,0.87,0.517,0.186811796575735,"14","MOB1A"
9.59687970203404e-06,0.709412454726154,0.29,0.107,0.192052756597105,"14","DSTYK"
1.0023381624924e-05,0.648409768709769,0.464,0.208,0.200587913077979,"14","MITD1"
1.03633630585964e-05,0.578807267342574,0.507,0.231,0.207391621528632,"14","C1GALT1"
1.05953780797918e-05,0.878424081928373,0.29,0.109,0.212034706132794,"14","TMEM205"
1.10066044936019e-05,0.501513732253474,0.957,0.668,0.220264169125961,"14","YPEL5"
1.1296006379391e-05,0.65566540860473,0.391,0.161,0.226055679664372,"14","C7orf50"
1.13355444921748e-05,0.474782710589626,0.391,0.157,0.226846916377402,"14","GID8"
1.18820989389867e-05,0.587122017376695,0.522,0.237,0.237784563967002,"14","NT5C"
1.21640996399996e-05,0.527109769428487,0.507,0.248,0.243427961995673,"14","CD8A"
1.22788142531416e-05,0.974762565536165,0.261,0.094,0.245723630833869,"14","AMFR"
1.26473777755098e-05,0.679366865019534,0.565,0.29,0.253099324043503,"14","CCAR1"
1.27568170857906e-05,0.282326031641918,1,0.89,0.255289423520841,"14","CYBA"
1.28454734202865e-05,0.569391607377978,0.739,0.386,0.257063614086774,"14","CHMP1B"
1.28700886996569e-05,0.58536697588769,0.348,0.137,0.257556215057534,"14","ZNF302"
1.33471230880922e-05,0.814130695633159,0.304,0.116,0.2671026272389,"14","MYO9A"
1.37851808732492e-05,0.897991650000427,0.261,0.095,0.275869039635463,"14","C1orf174"
1.39018431821736e-05,0.640876293140177,0.435,0.187,0.278203685761658,"14","DEGS1"
1.39398544340974e-05,0.288072409366506,0.362,0.148,0.278964366935157,"14","BCL2A1"
1.39809742560892e-05,0.430775075095199,0.391,0.161,0.279787256812858,"14","PRSS23"
1.40223878222212e-05,0.535840753914889,0.942,0.61,0.280616025098291,"14","SMAP2"
1.42146052424241e-05,0.639343742838637,0.29,0.11,0.284462680111392,"14","NR4A1"
1.43672928738514e-05,0.372231235306747,0.536,0.231,0.287518264991514,"14","CNPY3"
1.46805328125055e-05,0.601559536941099,0.507,0.229,0.29378682264386,"14","CCDC82"
1.48956319856453e-05,0.535417232603147,0.667,0.337,0.298091387296733,"14","PHC3"
1.48990990624931e-05,0.513847329394086,0.623,0.307,0.298160770438612,"14","EPS15"
1.49151686597015e-05,0.641341582909061,0.348,0.14,0.298482355217947,"14","TSPAN3"
1.49889871847719e-05,0.634136203146964,0.333,0.132,0.299959611541656,"14","TBC1D22A"
1.51459786930097e-05,0.692929889033606,0.29,0.109,0.30310132560451,"14","RUFY2"
1.59350802395597e-05,0.47676570760596,0.768,0.423,0.318892825754069,"14","GRB2"
1.59568985118597e-05,0.563598428575464,0.565,0.269,0.319329453019336,"14","HIF1A"
1.61942398391179e-05,0.501607670615868,0.333,0.13,0.324079127660428,"14","RHOC"
1.634612105339e-05,0.543275970499588,0.449,0.199,0.32711857452044,"14","CLTC"
1.65648206698066e-05,0.700794859406153,0.391,0.167,0.331495191244169,"14","ZNF431"
1.74151730341077e-05,0.419884884720894,0.667,0.336,0.348512442758563,"14","ATP2B1"
1.75892263269972e-05,0.701556269471656,0.29,0.11,0.351995597255868,"14","SLC25A42"
1.78132043926471e-05,0.9226055432323,0.261,0.096,0.356477846305654,"14","ECI1"
1.80258100308528e-05,0.889435572161782,0.319,0.127,0.360732510337426,"14","SMARCB1"
1.84292861962199e-05,0.604019605412783,0.29,0.108,0.368806875358752,"14","SDR39U1"
1.85816811701933e-05,0.442868237344079,0.522,0.235,0.371856603577909,"14","APOBEC3G"
1.9028759420614e-05,0.627738641732283,0.377,0.158,0.380803533525327,"14","UBXN2A"
1.93109684150095e-05,1.04528990499283,0.304,0.124,0.386451099921169,"14","CEPT1"
1.93222926561099e-05,0.51714076518294,0.478,0.213,0.38667772063407,"14","ARL5A"
1.96322963930129e-05,0.562534999670509,0.696,0.37,0.392881515416974,"14","SNHG7"
1.97736602491894e-05,0.782749868756309,0.377,0.162,0.395710488906778,"14","GLO1"
2.00292679100045e-05,0.671577784784672,0.275,0.102,0.40082570941501,"14","SPTLC2"
2.01433870314904e-05,0.393719203569365,0.493,0.222,0.403109461274187,"14","TRIP11"
2.08098979637139e-05,0.472357315092004,0.551,0.249,0.416447678049843,"14","RAB5C"
2.08273810737847e-05,0.784610662338228,0.261,0.097,0.416797550048579,"14","MFSD1"
2.10870653691853e-05,0.734938818080346,0.29,0.111,0.421994352168135,"14","ZNF330"
2.15541786816598e-05,0.834101732518514,0.333,0.136,0.431342223777375,"14","GMFB"
2.17866258502841e-05,0.651777683044571,0.406,0.178,0.435993956515886,"14","SYNGR2"
2.28936718902339e-05,0.857775975764188,0.304,0.121,0.458148161867362,"14","ZRANB1"
2.31030945427868e-05,0.57797543868471,0.71,0.365,0.46233912799025,"14","YWHAQ"
2.32179442232194e-05,0.564599888408193,0.493,0.232,0.464637499795067,"14","BAZ1B"
2.33467440720059e-05,0.67956736736228,0.478,0.229,0.467215042368982,"14","AL121944.1"
2.42145658337911e-05,0.686595795442155,0.333,0.135,0.484581891465828,"14","AC087239.1"
2.42626618218722e-05,0.717114459050176,0.29,0.111,0.485544388379306,"14","TRMT13"
2.4438232488988e-05,0.564830694793354,0.58,0.293,0.489057908569628,"14","HERC1"
2.47157174348978e-05,0.68870784209173,0.261,0.094,0.494610937307174,"14","PCED1A"
2.498105847204e-05,0.695517813961992,0.333,0.136,0.499920942142465,"14","RMND5A"
2.58136702173672e-05,0.406257126572591,0.638,0.329,0.516583168389953,"14","MAPK1"
2.60960543108091e-05,0.613133594281079,0.391,0.17,0.522234238867911,"14","PHF12"
2.6225942717506e-05,0.254147208115934,0.971,0.542,0.52483356566273,"14","CCL5"
2.64072781441804e-05,0.558658306818753,0.565,0.288,0.528462450221339,"14","CNTRL"
2.66893491140952e-05,0.698519778867646,0.362,0.153,0.534107254471272,"14","MIGA1"
2.70521408971547e-05,0.604667669153452,0.261,0.095,0.54136744363386,"14","ELP6"
2.71864612944039e-05,0.503254490502841,0.594,0.294,0.544055463423612,"14","ZBTB44"
2.81032177005258e-05,0.42668469627987,0.957,0.796,0.562401592622923,"14","JUN"
2.812518603168e-05,0.456514599764081,0.478,0.215,0.56284122286598,"14","PSME4"
2.86216720335464e-05,0.667639239355257,0.478,0.231,0.57277690073533,"14","MAPRE2"
2.87532897764731e-05,0.522084933386765,0.348,0.14,0.575410835006779,"14","EXOSC1"
2.89105061173078e-05,0.531677523442694,0.681,0.35,0.578557048419564,"14","PRKAR1A"
2.89958236268095e-05,0.736329628872637,0.261,0.097,0.580264422419712,"14","SLC50A1"
2.92219322679532e-05,0.660147777956716,0.42,0.189,0.58478930854628,"14","C8orf33"
2.97561235627075e-05,0.680878250536237,0.275,0.105,0.595479544736903,"14","PIK3AP1"
2.98339654096758e-05,0.713423290975292,0.304,0.121,0.597037315778431,"14","TIMM10B"
3.01015342376587e-05,0.514768912621704,0.739,0.426,0.602391903164026,"14","TRIM22"
3.02370896498871e-05,0.751142447435437,0.261,0.098,0.605104638073541,"14","DNAJC13"
3.05234466488891e-05,0.6061112297781,0.565,0.277,0.610835214337568,"14","PRPF8"
3.2154959034969e-05,0.507705532938634,0.275,0.103,0.6434850402078,"14","ZNF107"
3.2249588093558e-05,0.482594138935589,0.623,0.31,0.645378756928284,"14","CAPNS1"
3.27723361024379e-05,0.351584140346575,0.362,0.147,0.655839990081987,"14","GOLGA3"
3.29396520222236e-05,0.691382697899126,0.362,0.155,0.659188316268739,"14","CYB5R4"
3.29644035987897e-05,0.782951648094338,0.304,0.122,0.65968364481898,"14","BLCAP"
3.39618354752158e-05,1.02102175546431,0.362,0.169,0.679644251530019,"14","FOXO1"
3.47620080356492e-05,0.741611020757317,0.362,0.158,0.695657304809412,"14","PGGT1B"
3.48595385397665e-05,0.646937144386987,0.391,0.173,0.697609085257808,"14","LTN1"
3.53512479036588e-05,0.489454784093885,0.42,0.181,0.707449173048021,"14","PHF1"
3.60048105898514e-05,0.709779101832857,0.449,0.215,0.720528269524106,"14","CREB1"
3.61634724719284e-05,0.503404347104876,0.855,0.566,0.723703411108231,"14","CYCS"
3.61650021161175e-05,0.522818831170646,0.725,0.382,0.723734022347744,"14","SF3B2"
3.63459077095118e-05,0.643670919661961,0.768,0.534,0.727354305082751,"14","NR4A2"
3.68113887385668e-05,0.545332587892325,0.304,0.119,0.736669511436199,"14","PEPD"
3.68621463813223e-05,0.536717418144292,0.362,0.155,0.737685273383023,"14","IRF9"
3.79737045104189e-05,0.90801414105887,0.348,0.152,0.759929774662504,"14","DRAM2"
3.85949186192391e-05,1.02178865159436,0.275,0.108,0.772361511408214,"14","DCTN5"
3.92228969288144e-05,0.685584311787336,0.406,0.188,0.784928613339434,"14","PLEKHO1"
3.97828653648791e-05,0.608410555954806,0.58,0.301,0.79613470168196,"14","PCMTD1"
4.05841028214837e-05,0.424160812362645,0.449,0.198,0.812169065663532,"14","AFF1"
4.06504770131821e-05,0.566199027646171,0.304,0.12,0.813497345987801,"14","GTF2E2"
4.06657752332062e-05,0.516097965403435,0.406,0.178,0.813803493966923,"14","CEP95"
4.09509488807913e-05,0.703055769475035,0.362,0.156,0.819510389002396,"14","CCDC6"
4.10850905334659e-05,0.471068198939529,0.913,0.586,0.822194831755719,"14","DBI"
4.13568271520059e-05,0.541059877294025,0.464,0.216,0.827632824965943,"14","AIDA"
4.23479707438723e-05,0.620913764364285,0.29,0.113,0.847467590526373,"14","FOPNL"
4.25229664478e-05,0.563071190276322,0.319,0.131,0.850969604553373,"14","TENT5A"
4.36838482806845e-05,0.333088791178893,0.536,0.247,0.874201171793058,"14","KIDINS220"
4.54389507986708e-05,0.431155709902112,0.507,0.236,0.909324283383,"14","UBXN7"
4.57859002234162e-05,0.63857688700935,0.362,0.156,0.916267435271005,"14","GOPC"
4.66543453188084e-05,0.873415561155958,0.304,0.127,0.933646758519994,"14","GTF2F2"
4.68391562886694e-05,0.683729569260526,0.435,0.205,0.937345195648852,"14","PARVG"
4.74227783144876e-05,0.560847861106882,0.522,0.26,0.949024639629526,"14","PDCD6IP"
4.82695311885273e-05,0.395752741812211,0.362,0.151,0.965969858144808,"14","TAF1"
4.92089782877514e-05,0.618093577120537,0.29,0.114,0.984770073494481,"14","MFN1"
5.0186465733848e-05,0.473746894287512,0.87,0.538,1,"14","PCSK7"
5.05017752092662e-05,0.679474835254817,0.319,0.134,1,"14","FRA10AC1"
5.05452425121344e-05,0.616912141879174,0.319,0.13,1,"14","AMZ2"
5.05715559009356e-05,0.812353028416768,0.319,0.133,1,"14","OSTM1"
5.06625108815939e-05,0.870105468515579,0.275,0.111,1,"14","ROCK2"
5.07974952395074e-05,0.346159551651751,0.841,0.56,1,"14","MACF1"
5.0822617044588e-05,0.737636007956352,0.377,0.171,1,"14","POGZ"
5.14621540363969e-05,0.577267781539466,0.377,0.164,1,"14","IDH2"
5.18141781307158e-05,0.514189689273258,0.536,0.25,1,"14","MED6"
5.18474689008563e-05,0.362097300152719,0.71,0.366,1,"14","BDP1"
5.26007063732514e-05,0.710003175162939,0.275,0.108,1,"14","ZNF160"
5.29084355846976e-05,0.513786425301745,0.406,0.177,1,"14","SNX17"
5.30576766879509e-05,0.599709410973445,0.623,0.353,1,"14","XAF1"
5.35189697048466e-05,0.46250035550417,0.594,0.309,1,"14","GNPTAB"
5.37556301736242e-05,0.290555016077011,0.58,0.269,1,"14","CSNK2A1"
5.6238898179517e-05,0.488393221251951,0.899,0.593,1,"14","ARID4B"
5.6378142587965e-05,0.534610473171899,0.275,0.106,1,"14","METTL17"
5.68939499023813e-05,0.569598932889648,0.464,0.218,1,"14","CALCOCO2"
5.7345066708292e-05,0.512517971673797,0.275,0.106,1,"14","GDI1"
5.74420890704364e-05,0.428556209201833,0.377,0.16,1,"14","ZNF830"
5.75462398795246e-05,0.365958779905087,0.855,0.523,1,"14","CD81"
5.77545185089789e-05,0.711593292611411,0.275,0.109,1,"14","XPOT"
5.80249534620769e-05,0.567388263892614,0.406,0.183,1,"14","RAB3GAP2"
5.83116967878272e-05,0.566600069122621,0.507,0.246,1,"14","PUM2"
5.92251219317941e-05,0.690781657562096,0.319,0.134,1,"14","TRRAP"
5.9305374785934e-05,0.710210147374488,0.362,0.162,1,"14","ICE1"
5.96992194319412e-05,0.644472888204736,0.493,0.243,1,"14","PBRM1"
5.99189436920611e-05,0.418350861548177,0.565,0.271,1,"14","STIM2"
6.07132552576939e-05,0.582309494296906,0.565,0.277,1,"14","CCDC69"
6.07957407243731e-05,0.331446216391148,0.754,0.403,1,"14","C12orf75"
6.14946475261391e-05,0.562235297534554,0.435,0.203,1,"14","ZBTB11"
6.15683257847444e-05,0.561678577281499,0.754,0.435,1,"14","SCP2"
6.25716260136411e-05,0.590302580588073,0.435,0.202,1,"14","MRPL47"
6.26762354845045e-05,0.492006733475267,0.464,0.216,1,"14","SPPL2A"
6.28251849825734e-05,0.434440424565469,0.58,0.282,1,"14","MARCH6"
6.31410816338551e-05,0.573592413500827,0.391,0.174,1,"14","CCPG1"
6.34266209573742e-05,0.471811044796483,0.362,0.154,1,"14","PIK3R5"
6.47309781451888e-05,0.404522083918214,0.29,0.114,1,"14","ATP6V1B2"
6.57304189062291e-05,0.339696959226381,0.536,0.248,1,"14","ARHGAP4"
6.61762088811635e-05,0.680536963652485,0.29,0.118,1,"14","SYT11"
6.76743783087908e-05,0.409265530650991,0.638,0.318,1,"14","RBM23"
6.78999673009439e-05,0.622361786196282,0.391,0.176,1,"14","KBTBD2"
6.90114175903034e-05,0.430273531918383,0.899,0.595,1,"14","CLEC2D"
6.9154284413786e-05,0.670830253948593,0.29,0.116,1,"14","ZNF224"
6.95387886422427e-05,0.515576588718279,0.362,0.156,1,"14","DHX40"
7.0677296200472e-05,0.283509616181878,0.522,0.239,1,"14","APMAP"
7.07180874723878e-05,0.478544096848434,0.536,0.267,1,"14","KIAA2026"
7.11407623246174e-05,0.431890827506316,0.275,0.106,1,"14","MAST3"
7.23228400676401e-05,0.576925275350238,0.71,0.444,1,"14","BOD1L1"
7.24517123327217e-05,0.610501375064729,0.275,0.108,1,"14","LEMD3"
7.31871244965543e-05,0.61461787961974,0.29,0.117,1,"14","AGO1"
7.4449598919557e-05,0.299013582289577,0.507,0.234,1,"14","TERF1"
7.50292965543409e-05,0.33168808394778,0.377,0.16,1,"14","UTP23"
7.62413702932729e-05,0.73913138797932,0.275,0.11,1,"14","LRMP"
7.64945257702987e-05,0.438597141011898,0.667,0.357,1,"14","SETX"
7.67666253247423e-05,0.584714763295412,0.493,0.241,1,"14","RAPGEF1"
7.86747630117102e-05,0.612061732438832,0.464,0.224,1,"14","SAMD9L"
7.87812743772154e-05,0.510675013446278,0.391,0.171,1,"14","GSDMD"
7.89534962712946e-05,0.412346438448042,0.406,0.179,1,"14","PPP3CC"
7.97119832465221e-05,0.415480862688507,0.435,0.197,1,"14","AGFG1"
8.01907989078643e-05,0.61664031222959,0.522,0.26,1,"14","RBBP7"
8.02974590499161e-05,0.639475445957876,0.348,0.153,1,"14","NELFCD"
8.16253461393135e-05,0.55911384104596,0.507,0.26,1,"14","SPG7"
8.31792696438516e-05,0.416654022026892,0.797,0.44,1,"14","DHX36"
8.3347603315298e-05,0.350080438882367,1,0.897,1,"14","RBM39"
8.41667181135097e-05,0.67908198162553,0.522,0.28,1,"14","USP8"
8.68333996666415e-05,0.496205371673447,0.754,0.413,1,"14","PABPN1"
8.70446199698893e-05,0.764570911072942,0.261,0.103,1,"14","STX5"
8.71478549941962e-05,0.398338483967078,0.565,0.28,1,"14","CSNK1D"
9.02416636459069e-05,0.470363511453168,0.435,0.199,1,"14","FBXO9"
9.11612418508234e-05,0.452937712407607,0.841,0.555,1,"14","CREBRF"
9.12014655660709e-05,0.36062760050285,0.391,0.17,1,"14","U2AF2"
9.24142757374735e-05,0.390579292395953,0.391,0.172,1,"14","NPIPB5"
9.35011778955275e-05,0.490962823041003,0.667,0.369,1,"14","GTF2I"
9.58068675243062e-05,0.856960083660032,0.275,0.114,1,"14","GOLT1B"
9.662686656986e-05,0.330974191454442,0.696,0.358,1,"14","CHD4"
9.67959718674027e-05,0.603526198204879,0.377,0.169,1,"14","MED23"
9.80380499777667e-05,0.537043714105704,0.464,0.226,1,"14","TANK"
9.81552315670875e-05,0.679576675752282,0.333,0.145,1,"14","PSMF1"
9.86893943570877e-05,0.82907784985055,0.333,0.15,1,"14","CYC1"
0.000100716110959631,0.731867603086126,0.29,0.12,1,"14","CAMK1D"
0.000104018173548548,0.514823812536461,0.667,0.356,1,"14","LAMTOR5"
0.000104096027857326,0.609107164878798,0.42,0.203,1,"14","CMIP"
0.000104177960974727,0.700148909372957,0.304,0.129,1,"14","CRNKL1"
0.000105435181329661,0.386785884921982,0.609,0.297,1,"14","PTEN"
0.000108461849416042,0.582855545345999,0.261,0.103,1,"14","SCPEP1"
0.000108496328815599,0.624645494529861,0.406,0.192,1,"14","CDK2AP2"
0.000109273045853397,0.645098189454592,0.29,0.119,1,"14","MED21"
0.000109296179249041,0.617228546650526,0.275,0.111,1,"14","ZNF274"
0.000109638441165849,0.466877101095317,0.507,0.251,1,"14","FLI1"
0.000110107537018234,0.574505498072621,0.348,0.152,1,"14","TFG"
0.000110876044367991,0.561321972420122,0.304,0.126,1,"14","SSSCA1"
0.000111253694032198,0.330051919738465,0.884,0.547,1,"14","VPS13C"
0.000112604926203241,0.654183177598131,0.261,0.104,1,"14","ZBTB21"
0.000113969005664183,0.326563313011394,0.333,0.139,1,"14","SAMD4B"
0.000114560986410606,0.574092294007794,0.623,0.324,1,"14","ABI1"
0.000115831750451045,0.783935711889945,0.29,0.121,1,"14","CGRRF1"
0.000116519307281626,0.368924095432795,0.449,0.204,1,"14","TTC1"
0.000117486219971985,0.349484758773749,0.623,0.316,1,"14","ITSN2"
0.000117550284541856,0.544602274680073,0.522,0.265,1,"14","RCN2"
0.000117802964346048,0.552960839902833,0.362,0.16,1,"14","KMT2B"
0.00011850992798812,0.36507891762551,0.551,0.268,1,"14","SRPK2"
0.000118780309549926,0.503237817923774,0.841,0.585,1,"14","SEC62"
0.000120714610539085,0.46985469130538,0.507,0.267,1,"14","IFI44L"
0.000122375983095502,0.435951468010588,0.377,0.166,1,"14","TWISTNB"
0.000124173097495239,0.335681520595801,0.667,0.327,1,"14","BCAS2"
0.000125209279679517,0.460037763626623,0.493,0.235,1,"14","MTF2"
0.000126365886502278,0.647797730336552,0.261,0.104,1,"14","YY1AP1"
0.000127626897977517,0.388923014402637,0.594,0.303,1,"14","NFATC2IP"
0.000131309912106303,0.465539593612325,0.42,0.194,1,"14","SIPA1"
0.000131626608215418,0.41355495036581,0.551,0.281,1,"14","PPP2R5E"
0.000135019798530145,0.576407767662455,0.464,0.232,1,"14","SMARCE1"
0.000135340011630181,0.371581038276474,0.667,0.375,1,"14","SPN"
0.000135569546189318,0.472436259061091,0.391,0.178,1,"14","CHMP2B"
0.0001362650045027,0.383548373622939,0.739,0.407,1,"14","PCF11"
0.000138718661530701,0.350290772167579,0.768,0.455,1,"14","GOLGA4"
0.000139239271807368,0.645266273058997,0.304,0.129,1,"14","LINC00476"
0.000140786261750181,0.569780140765019,0.261,0.104,1,"14","ERV3-1"
0.000142256481953318,0.824433614797053,0.348,0.162,1,"14","NELFE"
0.000142707751699334,0.604736307375171,0.319,0.14,1,"14","USO1"
0.00014274737811526,0.80115132125811,0.261,0.107,1,"14","ACO2"
0.00014444159994631,0.41301656206556,0.464,0.22,1,"14","DDX52"
0.000145837680055827,0.700933685227851,0.348,0.154,1,"14","PARP9"
0.000146399787639417,0.473322935052377,0.42,0.195,1,"14","UBE2V2"
0.000147133071382477,0.26649009928879,0.464,0.211,1,"14","TRAPPC2"
0.000149714788478805,0.651385454430122,0.377,0.179,1,"14","ADPGK"
0.000149761941144133,0.251456116424337,0.493,0.229,1,"14","PLEKHA1"
0.000150575153964327,0.32597785112958,0.522,0.253,1,"14","MED13L"
0.000152150265238404,0.440283462482972,0.391,0.179,1,"14","EHMT1"
0.000152232018825638,0.536128521392482,0.783,0.471,1,"14","WAC"
0.000153957263025584,0.32794023940149,0.493,0.239,1,"14","RAB11FIP1"
0.000158164484965972,0.525789464099432,0.565,0.304,1,"14","SMC3"
0.000159176573808484,0.399348621918665,0.42,0.195,1,"14","AZIN1"
0.000159502638574116,0.393118037035464,0.493,0.242,1,"14","SCFD1"
0.000164576393806293,0.466372619467185,0.942,0.652,1,"14","SFPQ"
0.000165331717571826,0.396033686632203,0.464,0.218,1,"14","MPHOSPH10"
0.000165627109077526,0.453290876588703,0.638,0.347,1,"14","EWSR1"
0.000166424625993811,0.261643532915979,0.362,0.157,1,"14","ADAM8"
0.000166461403259044,0.777955745484483,0.275,0.117,1,"14","PTS"
0.000166980370446046,0.477635214137053,0.551,0.281,1,"14","MEAF6"
0.000169616696872987,0.594006611584943,0.333,0.147,1,"14","AL354733.3"
0.000170254139401527,0.527933862204897,0.478,0.238,1,"14","MAF1"
0.000170985269652091,0.626570727305578,0.304,0.13,1,"14","UTP18"
0.000171019149552309,0.535752448766264,0.362,0.169,1,"14","TRG-AS1"
0.0001716363406572,0.552435555330095,0.42,0.204,1,"14","PRKAA1"
0.000171806436557453,0.685392834573436,0.319,0.142,1,"14","OSBPL9"
0.000172893434216226,0.380033227468031,0.696,0.364,1,"14","EAPP"
0.000175810849595948,0.812269767918188,0.261,0.107,1,"14","SIPA1L1"
0.000176671359559011,0.349522130865164,0.493,0.237,1,"14","IGF2R"
0.000177208542590401,0.389225101312048,0.406,0.187,1,"14","ATXN2"
0.000177378220648228,0.379230521216893,0.449,0.213,1,"14","RSRC1"
0.000177565037108307,0.589417834627854,0.42,0.205,1,"14","COL4A3BP"
0.000177861238956245,0.510681687533175,0.478,0.238,1,"14","ARHGAP25"
0.000178767492332144,0.621845257544736,0.348,0.157,1,"14","PMF1"
0.000179031368253479,0.509983949019321,0.275,0.113,1,"14","CAMK2G"
0.000179113455197832,0.496134876737585,0.623,0.335,1,"14","CCDC12"
0.000180966530830551,0.373649405257801,0.507,0.249,1,"14","CTBP1"
0.000182598568720715,0.597807142956725,0.333,0.147,1,"14","SNX13"
0.000185594954172696,0.465067800826374,0.536,0.264,1,"14","HBP1"
0.000188721326831454,0.663644426491662,0.304,0.132,1,"14","PDHB"
0.000188864133010558,0.38506521383306,0.623,0.336,1,"14","RNASEH2B"
0.000189532429903272,0.490374720345215,0.522,0.271,1,"14","SHOC2"
0.000190193101540004,0.272842992029999,0.609,0.302,1,"14","SSBP4"
0.00019098539598672,0.646948402845457,0.304,0.134,1,"14","POU2F1"
0.000191187237901014,0.618947899324231,0.29,0.123,1,"14","SF3B4"
0.000191292282197164,0.534295459881724,0.304,0.129,1,"14","HPS4"
0.000193723154923386,0.389181811945889,0.551,0.271,1,"14","APEX1"
0.00019414601020884,0.412491546572447,0.652,0.334,1,"14","ATP5PB"
0.000195332033020357,0.555759611133613,0.493,0.263,1,"14","MKNK2"
0.000198283432770063,0.361685709714858,0.391,0.174,1,"14","NUDCD3"
0.000198338880463389,0.496529391246055,0.362,0.165,1,"14","CNST"
0.000200729505215547,0.710150532768407,0.406,0.195,1,"14","SMARCC2"
0.000203437580925003,0.312388678854524,0.478,0.233,1,"14","CHST12"
0.000203554450816767,0.726844611969328,0.377,0.184,1,"14","GNL1"
0.000204799502726782,0.294754425816673,0.609,0.304,1,"14","TRIM44"
0.000204984927072216,0.411165736389879,0.42,0.198,1,"14","PITPNB"
0.000206613458641369,0.623680024233731,0.319,0.142,1,"14","AHCYL1"
0.00020686508176837,0.429597158190621,0.377,0.17,1,"14","C19orf25"
0.000207035250158638,0.704636753333769,0.348,0.165,1,"14","BACH1"
0.000207475190725503,0.472844661447226,0.348,0.153,1,"14","COIL"
0.000212914100548023,0.505793392156513,0.435,0.215,1,"14","TUT7"
0.000213183973599929,0.388757220121142,0.275,0.112,1,"14","MRPL16"
0.000213736694969269,0.421566520093957,0.855,0.577,1,"14","KRT10"
0.000214697732869418,0.610490409184028,0.391,0.183,1,"14","SCLT1"
0.000215866561018796,0.434747226841804,0.478,0.233,1,"14","TOMM5"
0.000217015259782016,0.572634993089343,0.261,0.106,1,"14","ZNF335"
0.000217963074730987,0.617825509218458,0.29,0.124,1,"14","MAP4K5"
0.000218011359280901,0.425465415198821,0.319,0.139,1,"14","GABPB2"
0.000220641601525351,0.269596633774117,0.493,0.233,1,"14","VPS36"
0.000221674733089428,0.465980161232523,0.435,0.211,1,"14","GALNT1"
0.000222914468505975,0.649629120549843,0.464,0.241,1,"14","SLC39A10"
0.00022789073411289,0.362399121917915,0.406,0.186,1,"14","VOPP1"
0.000234718256248101,0.388730024645036,0.826,0.521,1,"14","OGA"
0.000236086326276697,0.565757887571468,0.275,0.115,1,"14","PLA2G16"
0.00023697557091551,0.293408383349466,0.348,0.15,1,"14","RNF113A"
0.000238207491878528,0.384673808815074,0.536,0.266,1,"14","B4GALT1"
0.000240728005659552,0.287745773489662,0.333,0.146,1,"14","FNDC3B"
0.000240867243248344,0.371258514986919,0.377,0.172,1,"14","RAF1"
0.00024173946454753,0.398681110477723,0.348,0.154,1,"14","MARK2"
0.00024338324995532,0.306852964490742,0.754,0.405,1,"14","NCOR1"
0.000244088968140987,0.346625760484549,0.507,0.252,1,"14","USP47"
0.000244244912929625,0.421748066321548,0.565,0.307,1,"14","NSD1"
0.000244366844852184,0.516532101679735,0.348,0.158,1,"14","DHX29"
0.00024477964029801,0.471072166356257,0.623,0.316,1,"14","BUD31"
0.000248971374855911,0.372243621501657,0.928,0.643,1,"14","PNN"
0.000252729896944581,0.616186176656039,0.29,0.125,1,"14","NAGK"
0.000253293785549724,0.346459953883003,1,0.907,1,"14","TSC22D3"
0.000254097063042469,0.477034588526538,0.348,0.157,1,"14","OGFR"
0.000254976089242298,0.535469126849924,0.275,0.115,1,"14","SLC35E2B"
0.000255064611775158,0.319031608869939,0.29,0.122,1,"14","PECAM1"
0.000255160440288726,0.601036401649647,0.348,0.161,1,"14","EFR3A"
0.000255424718400787,0.564561599813079,0.304,0.133,1,"14","AP3D1"
0.000257135928549479,0.665222086620457,0.261,0.108,1,"14","RPP30"
0.000258636241514454,0.406465005327692,0.406,0.191,1,"14","ATP2A3"
0.000259057892000314,0.459331798639204,0.478,0.239,1,"14","NCOA1"
0.000259493392435362,0.310562954760878,0.319,0.137,1,"14","CUL4A"
0.000260724644756571,0.357907260891839,0.551,0.274,1,"14","ZBTB38"
0.000261153250228574,0.404673002587223,0.565,0.292,1,"14","PDS5A"
0.000261678837349288,0.286161760875906,0.783,0.445,1,"14","AKNA"
0.000263057977772929,0.610309216083081,0.594,0.348,1,"14","RBM17"
0.000268920953230944,0.336453068623736,0.884,0.567,1,"14","UTRN"
0.000269270730840043,0.59965910863319,0.377,0.18,1,"14","MOB3A"
0.000271078463534025,0.329475416873051,0.841,0.487,1,"14","TRA2A"
0.000272322640701983,0.372638754291529,0.377,0.172,1,"14","TLK2"
0.000278934967234967,0.271777650358827,0.913,0.586,1,"14","FLNA"
0.000282125635526098,0.400144822642748,0.304,0.131,1,"14","UPF3B"
0.000282142899471483,0.277043419914749,0.609,0.306,1,"14","SECISBP2"
0.000282972186988584,0.341682982514344,0.841,0.516,1,"14","TAF1D"
0.000283435398787946,0.540512123904812,0.478,0.243,1,"14","WAPL"
0.000283599127237855,0.435179860181137,0.406,0.19,1,"14","CLTB"
0.000283782082125317,0.390897614526559,0.377,0.173,1,"14","CSNK2A2"
0.000287399295422652,0.418557894778446,0.609,0.314,1,"14","NDUFA6"
0.000291431094362249,0.437286167956976,0.362,0.166,1,"14","LRBA"
0.00029165097802597,0.453878869054902,0.42,0.201,1,"14","VPS26A"
0.000296460352390504,0.295781097742584,0.377,0.171,1,"14","DDX42"
0.00029978039682832,0.425272777878601,0.391,0.185,1,"14","PPTC7"
0.000301586553697053,0.37209266201839,0.362,0.162,1,"14","PSMD2"
0.000303006609062573,0.336682780798552,0.493,0.237,1,"14","MTERF4"
0.000303457728145995,0.418122452535423,0.362,0.164,1,"14","SNX5"
0.000304774123321083,0.41116089738317,0.348,0.156,1,"14","UBE2E3"
0.000305550682550226,0.520480302446837,0.348,0.16,1,"14","MAPKAP1"
0.000308218798076965,0.424160222054094,0.536,0.275,1,"14","SPEN"
0.000313180375479893,0.554626776071979,0.449,0.223,1,"14","USP1"
0.000318929411838198,0.606344364230579,0.261,0.109,1,"14","EGLN1"
0.000319968566518947,0.473413646136217,0.333,0.15,1,"14","SMG7"
0.000321325054088328,0.482052669463638,0.696,0.396,1,"14","IDI1"
0.000324359632840387,0.414471676341181,0.667,0.367,1,"14","PHF20"
0.00032522555322001,0.389020684328625,0.58,0.305,1,"14","WBP11"
0.000326668095371963,0.905144953463066,0.275,0.121,1,"14","TIMMDC1"
0.000329604687508533,0.560667111412858,0.362,0.172,1,"14","KHSRP"
0.000331668356040815,0.452114416824391,0.42,0.202,1,"14","EMD"
0.000333290228085037,0.57722244065314,0.261,0.109,1,"14","SENP2"
0.000333302450163275,0.548964726139586,0.406,0.196,1,"14","HBS1L"
0.000333508470340194,0.262095272194676,0.565,0.277,1,"14","DDX27"
0.000335576088302147,0.544312546115733,0.478,0.249,1,"14","DNAJC15"
0.000341967951436706,0.322671546040397,0.638,0.339,1,"14","SNRNP70"
0.000346058538140515,0.294488607598427,0.826,0.507,1,"14","FAM49B"
0.000349709966890988,0.59286981789843,0.362,0.172,1,"14","NDE1"
0.000350175116883289,0.290817443737561,0.986,0.855,1,"14","ARPC2"
0.00035181091576697,0.296505559748076,0.377,0.172,1,"14","S1PR5"
0.000352701540925482,0.517706318342944,0.594,0.348,1,"14","ZBTB1"
0.000352832935458514,0.619216219292307,0.362,0.175,1,"14","DNAJC10"
0.000357190162014076,0.613243544755475,0.42,0.214,1,"14","UHRF2"
0.000359661191529526,0.351003134321812,0.464,0.232,1,"14","CCR7"
0.000365521491198617,0.321237279500164,0.333,0.148,1,"14","CD320"
0.000365717933569432,0.353118914304966,0.435,0.205,1,"14","TMEM9B"
0.000366086158770873,0.365964075880381,0.565,0.296,1,"14","ALG13"
0.000366885395988836,0.449177291917813,0.652,0.36,1,"14","ZNF644"
0.000370413531457725,0.497549822335895,0.333,0.151,1,"14","DDX39A"
0.000380502047077513,0.414549761471461,0.348,0.159,1,"14","RYK"
0.000380566709021091,0.540100147041584,0.449,0.24,1,"14","AC103591.3"
0.000382379573240055,0.632045875764001,0.319,0.147,1,"14","RPAP3"
0.000383798688558645,0.333167212688937,0.464,0.225,1,"14","STK24"
0.000388585047232715,0.544629703653663,0.478,0.241,1,"14","PSMB8-AS1"
0.000388750628514956,0.604969930775651,0.275,0.12,1,"14","LGALS9"
0.000391354348298067,0.410217771017296,0.551,0.286,1,"14","THUMPD3-AS1"
0.000391981704924049,0.38710344245621,0.478,0.239,1,"14","LRP10"
0.00039224167496088,0.397257486527263,0.377,0.176,1,"14","FAM53C"
0.000392870945149504,0.494502369677069,0.391,0.188,1,"14","EIF6"
0.000396228466319259,0.674657844444351,0.478,0.263,1,"14","BLOC1S2"
0.000397350067529167,0.457270100029674,0.29,0.126,1,"14","KPNA1"
0.000397421416851396,0.269977964850039,0.391,0.181,1,"14","MLXIP"
0.000400573384382374,0.371390191226011,0.522,0.271,1,"14","NECAP1"
0.000401833557741593,0.329511010591001,0.551,0.285,1,"14","UBL3"
0.000402674383654267,0.370296807537924,0.594,0.31,1,"14","TGFBR2"
0.000403139950705178,0.461373629414231,0.652,0.355,1,"14","LSM14A"
0.00040591790703437,0.41953293868799,0.42,0.2,1,"14","FUNDC2"
0.00040783406410938,0.354416616051799,0.42,0.201,1,"14","ANKRD17"
0.000409354466346157,0.502267642227261,0.333,0.153,1,"14","TRAF5"
0.000411027507480455,0.437064635915178,0.522,0.271,1,"14","LMAN1"
0.000413907085201393,0.478402824927287,0.362,0.17,1,"14","NUMB"
0.000414482554270901,0.578930052867846,0.29,0.129,1,"14","SSRP1"
0.000422173084672739,0.338172266905763,0.652,0.348,1,"14","ANP32E"
0.000422828960215949,0.674044844209443,0.275,0.122,1,"14","SC5D"
0.000422996514113816,0.383791271620728,0.42,0.203,1,"14","NSUN6"
0.000424867300645504,0.715803332525075,0.261,0.112,1,"14","RNF5"
0.000428438257754848,0.369592870684775,0.348,0.161,1,"14","TGFBR1"
0.000433518389803433,0.379450184912267,0.826,0.539,1,"14","LY6E"
0.000434560095144976,0.306460481986012,0.449,0.224,1,"14","AC025164.1"
0.000437122965572634,0.317086224181357,0.899,0.629,1,"14","PLAC8"
0.000442928665788767,0.434463413800344,0.638,0.361,1,"14","PPP1CC"
0.000450121164644379,0.685761450569292,0.333,0.158,1,"14","NDUFS3"
0.000450369321759458,0.573318791253589,0.29,0.129,1,"14","SCAF8"
0.000452855687482545,0.432758477303549,0.435,0.214,1,"14","ERP44"
0.000454587873621515,0.467378739952105,0.406,0.2,1,"14","SMARCD1"
0.000455774531533448,0.390756813680742,0.652,0.365,1,"14","CCNH"
0.00045588749072567,0.433837715933862,0.435,0.214,1,"14","TARDBP"
0.000462080078028171,0.443805477708197,0.319,0.142,1,"14","SLBP"
0.000462629260277181,0.257420174013376,0.261,0.108,1,"14","SCAMP4"
0.000465990905770486,0.321318324449558,0.913,0.633,1,"14","TCF25"
0.000468325554670912,0.371936279788059,0.348,0.16,1,"14","PNPLA2"
0.000476288946213765,0.301132235130941,0.406,0.194,1,"14","FAM91A1"
0.000483381184154918,0.271977327674254,0.522,0.259,1,"14","SYTL1"
0.000494877898553403,0.264975346663922,0.507,0.256,1,"14","ZNF326"
0.00049826032494682,0.401031312802775,0.377,0.177,1,"14","UBE2G1"
0.000499173223982519,0.481009376125977,0.406,0.204,1,"14","USP14"
0.000501509803698674,0.54411786137566,0.333,0.157,1,"14","ERGIC1"
0.000505823565635444,0.410347608006033,0.435,0.215,1,"14","TNKS2"
0.00050666952631051,0.310356089990339,0.304,0.133,1,"14","SP4"
0.000508834462532359,0.429080014004223,0.275,0.118,1,"14","AC025159.1"
0.000512853518637613,0.691936709293182,0.391,0.195,1,"14","TAF9"
0.000517191038615028,0.309913833301772,0.449,0.22,1,"14","IST1"
0.00051803511445625,0.313524257521891,0.522,0.267,1,"14","ARIH1"
0.000518465743972074,0.559920816607917,0.449,0.233,1,"14","FAM32A"
0.000522925263582996,0.341142893510176,0.565,0.296,1,"14","WDR33"
0.000530564513578247,0.392515071231681,0.754,0.437,1,"14","CDK13"
0.000533045844701041,0.328046238312541,0.739,0.41,1,"14","ARPC4"
0.000533379493233621,0.346622508666032,0.391,0.189,1,"14","SMC4"
0.000533801273988166,0.407492842256691,0.464,0.236,1,"14","CPNE3"
0.000535786612800182,0.404330348631944,0.507,0.266,1,"14","VASP"
0.000545646781198839,0.297174074902816,0.391,0.185,1,"14","SAFB"
0.000546010853614609,0.308373773318845,0.29,0.126,1,"14","STK39"
0.000548263895902457,0.446800490374178,0.304,0.137,1,"14","ZEB1"
0.000550706717344029,0.348026975258102,0.638,0.363,1,"14","GLIPR1"
0.000554998316641298,0.786892802015832,0.29,0.134,1,"14","DENND1C"
0.000555208188722567,0.608520118831383,0.275,0.121,1,"14","KDM3B"
0.000556209282130515,0.309627298242873,0.493,0.25,1,"14","TOP2B"
0.000556394222263279,0.554684334042414,0.261,0.114,1,"14","UVSSA"
0.000558713062349003,0.364993454525105,0.638,0.338,1,"14","PSMD8"
0.000560803415120326,0.406646657508578,0.609,0.323,1,"14","ANXA6"
0.000563465481397074,0.2980726204846,0.565,0.291,1,"14","QKI"
0.000573430305616851,0.439586725110071,0.464,0.233,1,"14","TTC17"
0.000578641597221763,0.413179113085951,0.493,0.248,1,"14","SNF8"
0.000584091427540567,0.394728326609386,0.449,0.222,1,"14","S1PR4"
0.000588855576882485,0.48637213174016,0.362,0.174,1,"14","USP10"
0.000593999777431575,0.665386250042009,0.275,0.124,1,"14","RANBP9"
0.000596445334803297,0.418320724817003,0.652,0.383,1,"14","SP110"
0.000598262617131695,0.376237979937511,0.493,0.249,1,"14","POLE4"
0.000600751434685076,0.289164981225017,0.565,0.296,1,"14","XPO1"
0.000601863280544457,0.342898098749372,0.855,0.583,1,"14","BPTF"
0.000602178151742017,0.545354804629933,0.362,0.175,1,"14","PRKD3"
0.000608021473700981,0.27970058771965,0.971,0.722,1,"14","PTP4A2"
0.000610079806275809,0.421051252777499,0.565,0.311,1,"14","ARID4A"
0.000610618872788127,0.403156550078738,0.449,0.225,1,"14","PPP4C"
0.000615675555223572,0.408822366618348,0.493,0.259,1,"14","KLHL24"
0.000620114893343349,0.307832909458578,0.377,0.179,1,"14","NUDT3"
0.000621362932927916,0.715468352764584,0.29,0.134,1,"14","COMMD1"
0.000621579672217321,0.449821480531551,0.71,0.415,1,"14","SNRPD3"
0.000628214418191275,0.411019547907604,0.449,0.229,1,"14","SMIM7"
0.000631149649309437,0.515289322621419,0.391,0.199,1,"14","ZBTB10"
0.000632762716610502,0.452522170995521,0.522,0.281,1,"14","BRAF"
0.00064048144298634,0.32454466243883,0.565,0.293,1,"14","PSMC6"
0.000640520236987463,0.331066200969915,0.493,0.254,1,"14","INO80D"
0.000643413681698402,0.400912877632993,0.362,0.172,1,"14","STIM1"
0.000649048301150312,0.454886477493071,0.319,0.152,1,"14","RHOB"
0.000649751038220625,0.434913064642223,0.449,0.229,1,"14","FKBP2"
0.00065007507405257,0.5750449209655,0.319,0.15,1,"14","MORF4L2"
0.000654046996968027,0.287779232723362,0.696,0.361,1,"14","FOXN3"
0.000657188994621638,0.311654034327618,0.42,0.203,1,"14","ZC3H18"
0.000662501319849573,0.363484381306016,0.739,0.443,1,"14","RICTOR"
0.000663571749613068,0.452209743140887,0.275,0.129,1,"14","PTGDS"
0.000667673448758066,0.317584892958145,0.348,0.162,1,"14","RPS6KA1"
0.00066965004741415,0.586812289546141,0.29,0.133,1,"14","ARF3"
0.000671515542462142,0.556126400630699,0.29,0.132,1,"14","NIPA2"
0.000672350607135996,0.329796331581729,0.406,0.197,1,"14","NPEPPS"
0.000674433964722221,0.423378326750196,0.275,0.121,1,"14","C6orf106"
0.000674926844072443,0.378974890049404,0.42,0.207,1,"14","RNF4"
0.000691179492139371,0.497598769236201,0.275,0.123,1,"14","TOB2"
0.000693732649497569,0.417197908193798,0.333,0.155,1,"14","MIAT"
0.000694724198126551,0.278042787064124,0.464,0.23,1,"14","GNA13"
0.000698528741037485,0.351833996834545,0.478,0.249,1,"14","TRIM56"
0.000699644879845973,0.280442648162502,0.986,0.792,1,"14","SEPT7"
0.000700901889746808,0.261411676147514,0.522,0.263,1,"14","PHF14"
0.000703248883741292,0.422715505599712,0.449,0.227,1,"14","CLNS1A"
0.000706390445612826,0.602596079146039,0.275,0.125,1,"14","RREB1"
0.000713056029502335,0.353394654241256,0.261,0.112,1,"14","PATL1"
0.000717409095805976,0.380372947512016,0.565,0.301,1,"14","UBE2G2"
0.000718187395994718,0.413393226345195,0.522,0.27,1,"14","TMEM256"
0.000719919812421921,0.493802822026391,0.275,0.123,1,"14","EXOC1"
0.000720129586871732,0.352016432260053,0.623,0.337,1,"14","LBR"
0.000732511462168128,0.291211241363862,0.304,0.137,1,"14","NXF1"
0.000733426479358146,0.47362175190695,0.348,0.169,1,"14","WDFY2"
0.000733882652657059,0.314247271416382,0.304,0.138,1,"14","UGGT1"
0.000734097667245859,0.416078075462075,0.319,0.148,1,"14","UBR1"
0.000734767373157696,0.477671348703266,0.348,0.166,1,"14","IPO7"
0.000738190788338366,0.464982369502272,0.29,0.132,1,"14","DENND1B"
0.000742682095431491,0.357207402934797,0.261,0.112,1,"14","ITFG1"
0.000744637750363486,0.411331788298935,0.362,0.174,1,"14","PIK3CA"
0.00074854444911332,0.52040754854166,0.275,0.124,1,"14","YPEL2"
0.000750213880370998,0.387310354948548,0.362,0.173,1,"14","AKAP8L"
0.000750258673595017,0.710281947718345,0.304,0.144,1,"14","PEX2"
0.000755881952674065,0.278428367984017,0.522,0.266,1,"14","GABARAPL1"
0.000758050100381213,0.426883509110824,0.29,0.13,1,"14","ZPR1"
0.000758321152309227,0.456132603739664,0.406,0.207,1,"14","JARID2"
0.000762213959949909,0.295882956913261,0.812,0.496,1,"14","ROCK1"
0.00076875220839967,0.565661800967332,0.261,0.115,1,"14","MRPS18B"
0.000776772612762988,0.628881522499056,0.261,0.117,1,"14","CBWD5"
0.000782361905296014,0.348397900742759,0.275,0.121,1,"14","BTN2A1"
0.000783430423195952,0.544124713897565,0.348,0.169,1,"14","AFTPH"
0.000783516861148303,0.295821903010377,0.304,0.136,1,"14","SNRPA"
0.000787254488903377,0.355496113930866,0.58,0.315,1,"14","POLR2A"
0.000790082434246608,0.363014556330695,0.362,0.173,1,"14","ACSL3"
0.000791152029794073,0.478553043614561,0.261,0.114,1,"14","COMMD9"
0.00079135141036768,0.337364041075112,0.536,0.283,1,"14","ZNF148"
0.000796029574496648,0.329905422856101,0.58,0.303,1,"14","CLINT1"
0.000797309114396016,0.547395219776099,0.275,0.125,1,"14","MTMR6"
0.000798434282830662,0.439734855163871,0.391,0.196,1,"14","DIDO1"
0.000798899780640516,0.30850289439958,0.304,0.137,1,"14","ZCCHC10"
0.000807516917915585,0.324152175767701,0.435,0.215,1,"14","MIEN1"
0.000807664915815742,0.301165989569681,0.42,0.207,1,"14","IDH3B"
0.000811036798280762,0.399947285089401,0.812,0.476,1,"14","SPCS2"
0.000815446379820006,0.267848985204138,0.478,0.238,1,"14","FAM214A"
0.000817447684266392,0.380643294875096,0.493,0.252,1,"14","MYDGF"
0.000821012427516754,0.544688941978689,0.42,0.22,1,"14","VCP"
0.000822006180786428,0.62032942319716,0.275,0.126,1,"14","BCAP29"
0.000824540696248377,0.488656799347548,0.725,0.454,1,"14","ASH1L"
0.000827239642265498,0.325984577741277,0.304,0.141,1,"14","NFIL3"
0.000836391663015634,0.345839397680231,0.42,0.209,1,"14","BAG5"
0.000842420337343608,0.424778100653213,0.594,0.335,1,"14","IFRD1"
0.000865291217003739,0.306328102898585,0.449,0.23,1,"14","DICER1"
0.000882174497879085,0.348365696052743,0.638,0.354,1,"14","ARID1A"
0.000885082753223854,0.436077475125523,0.333,0.159,1,"14","TBC1D5"
0.000887321470700586,0.52876892089253,0.478,0.258,1,"14","NRDC"
0.000889064636082626,0.338140734364493,0.739,0.431,1,"14","PPP1CA"
0.00088996142702813,0.543088705734912,0.261,0.116,1,"14","PMM2"
0.000893995953487048,0.350070543824906,0.319,0.149,1,"14","ZNF281"
0.000898831836557701,0.424072996136299,0.304,0.14,1,"14","TINF2"
0.000899703054927814,0.25280884199668,0.638,0.345,1,"14","ZBTB7A"
0.000905024480748695,0.495261549302238,0.406,0.207,1,"14","RNF139"
0.000911305989512945,0.473904295507802,0.29,0.134,1,"14","KHDC4"
0.000915453987410331,0.291268833764351,0.638,0.348,1,"14","MAP3K2"
0.000917878176506459,0.341131111604062,0.391,0.192,1,"14","GIT2"
0.000921493309465449,0.274122640005177,0.507,0.269,1,"14","TFDP2"
0.00092265231459554,0.508037463475906,0.29,0.136,1,"14","NRIP1"
0.000927406972584199,0.369760770170006,0.275,0.122,1,"14","COMMD4"
0.000934414092348623,0.404748929393095,0.391,0.195,1,"14","DNAJB9"
0.00093544902676479,0.510737800018498,0.391,0.2,1,"14","BTG3"
0.000941393457231765,0.348680995058343,0.42,0.21,1,"14","RAB1B"
0.000943180706565627,0.271783845398911,0.522,0.27,1,"14","CAPZA2"
0.000959947087052715,0.295505826654442,0.449,0.229,1,"14","NFATC2"
0.000965239446596211,0.459906993714757,0.304,0.144,1,"14","SMAD3"
0.00096995131401667,0.289381863051022,0.812,0.493,1,"14","ZNF292"
0.000970335202926886,0.47854628869757,0.391,0.199,1,"14","LYRM2"
0.000979992001898911,0.315506803249924,0.507,0.258,1,"14","PHB2"
0.000982637249125284,0.290449197527047,0.986,0.895,1,"14","HSP90AA1"
0.0009846033784493,0.620351523305415,0.261,0.118,1,"14","MPHOSPH6"
0.00099476013537303,0.415200726726554,0.783,0.51,1,"14","TPR"
0.00100910173562285,0.487285648694904,0.29,0.134,1,"14","NUP98"
0.00101577578540302,0.689545970760775,0.29,0.139,1,"14","LY9"
0.0010163298121848,0.307497753229495,0.507,0.266,1,"14","DYRK1A"
0.00101942976858105,0.451172489441739,0.29,0.133,1,"14","NSL1"
0.00102228676707594,0.413624938748908,0.435,0.227,1,"14","COQ7"
0.00102783004784435,0.418021068678452,0.348,0.169,1,"14","TMEM131L"
0.0010293024832535,0.414135714343647,0.478,0.253,1,"14","EIF4EBP2"
0.00104122973271403,0.420158402141291,0.348,0.172,1,"14","ARHGAP5"
0.00104425165054511,0.511102613056298,0.29,0.135,1,"14","AC005261.1"
0.00105877839251378,0.574286760869224,0.493,0.279,1,"14","YIPF4"
0.00106079879221466,0.467677159379097,0.319,0.153,1,"14","WDFY1"
0.00106506301280662,0.346568445471102,0.536,0.293,1,"14","LAMP1"
0.00108970026005362,0.28784665770399,0.333,0.158,1,"14","PIK3C2A"
0.0010965332737054,0.530422535587261,0.29,0.135,1,"14","PRPF31"
0.00109676389171609,0.3306913410879,0.899,0.64,1,"14","FAM133B"
0.0011050871899001,0.52603958862464,0.319,0.154,1,"14","ZFP91"
0.0011077037168139,0.3218344827266,0.435,0.216,1,"14","PPP6R3"
0.00110852588310273,0.271293155885224,0.478,0.243,1,"14","NUTM2B-AS1"
0.00110884053825555,0.562633520754139,0.319,0.155,1,"14","SLC12A6"
0.00111064992833709,0.261967923734151,0.565,0.3,1,"14","ZFC3H1"
0.00111947072206542,0.306622407329341,0.696,0.403,1,"14","WSB1"
0.00112111844023466,0.293460385886091,0.609,0.333,1,"14","CMTM6"
0.00112115838892923,0.37824011419777,0.536,0.284,1,"14","TROVE2"
0.00112120278924399,0.478891098335599,0.333,0.162,1,"14","FAM96A"
0.0011272787267993,0.428561743976954,0.319,0.152,1,"14","HMBOX1"
0.00113074408348335,0.383651813850842,0.435,0.228,1,"14","SDF2L1"
0.00113274959280729,0.364177484235177,0.841,0.565,1,"14","ACTR3"
0.00114088611131447,0.362761996107619,0.261,0.115,1,"14","CSNK1E"
0.00114663239800894,0.305935688142515,0.652,0.353,1,"14","THRAP3"
0.00114743889306501,0.261327941019135,0.565,0.296,1,"14","MAZ"
0.00114765304886366,0.348091800565219,0.507,0.265,1,"14","MSI2"
0.00114927490765826,0.386228709878689,0.319,0.15,1,"14","RPS6KB2"
0.00114952641356414,0.269003314523752,0.971,0.723,1,"14","KLF6"
0.00115243801448739,0.475100919655024,0.319,0.153,1,"14","C15orf40"
0.00115937272881617,0.367966614632686,0.319,0.151,1,"14","PPP3R1"
0.00117107232375724,0.488858812269409,0.333,0.163,1,"14","COX16"
0.00118096065848117,0.416832322505645,0.435,0.23,1,"14","EMC10"
0.00120072919339909,0.495933201212302,0.42,0.223,1,"14","WHAMM"
0.00120354531551992,0.549283020844217,0.29,0.135,1,"14","TOPBP1"
0.00120700446204958,0.56238044864912,0.377,0.196,1,"14","EIF3B"
0.00120734243039333,0.316733576374538,0.362,0.178,1,"14","NCOA2"
0.00121294626444524,0.293927117250306,0.594,0.319,1,"14","PDAP1"
0.00121335038878789,0.573317093833687,0.406,0.218,1,"14","MEF2A"
0.00121366186570704,0.355986029087329,0.623,0.352,1,"14","UPF2"
0.00122517916729037,0.431614288830058,0.71,0.432,1,"14","GGNBP2"
0.00123882179730717,0.281148392243829,0.71,0.406,1,"14","ARHGDIA"
0.00123921984925546,0.375519068417961,0.826,0.577,1,"14","ARID1B"
0.00124082114649116,0.380350413203107,0.391,0.196,1,"14","SCAMP2"
0.00124109950478779,0.384873546643722,0.42,0.215,1,"14","GTF2B"
0.00124170758071607,0.447360109360341,0.536,0.297,1,"14","PDCD10"
0.00124188502019162,0.326514731042326,0.362,0.176,1,"14","AKT2"
0.00124273728332036,0.425453635701203,0.551,0.301,1,"14","EP300"
0.00125494002411219,0.288043985148593,0.377,0.183,1,"14","TSNAX"
0.00125628569956948,0.334031303148321,0.29,0.133,1,"14","ITFG2"
0.00126081597397998,0.259501711842125,0.406,0.203,1,"14","PPIP5K2"
0.00126458154966458,0.352802776104453,0.652,0.367,1,"14","ACAP2"
0.00127065669742832,0.495490383154387,0.319,0.156,1,"14","GIGYF2"
0.00128142794153785,0.435264701716001,0.377,0.192,1,"14","CCNT2"
0.00128632980361965,0.644934258671877,0.319,0.16,1,"14","AFG3L2"
0.00129513041893592,0.272198099204474,0.536,0.287,1,"14","LARP7"
0.00129709115367116,0.772774869085098,0.29,0.139,1,"14","AOAH"
0.00132389490227824,0.333870194307012,0.29,0.133,1,"14","VIRMA"
0.00132980088500689,0.461185113442584,0.275,0.126,1,"14","PBX2"
0.00133305374071058,0.355250070979598,0.464,0.241,1,"14","PFDN4"
0.00133711385654856,0.420841790975137,0.348,0.172,1,"14","PDXDC1"
0.00133786430913019,0.370031754554339,0.275,0.126,1,"14","SAMD8"
0.00133844802080141,0.375672651030194,0.507,0.28,1,"14","TRAPPC10"
0.00134262718280209,0.529230925293911,0.435,0.236,1,"14","PARP1"
0.00136865593054525,0.273674737405241,0.681,0.388,1,"14","PTPRA"
0.00136906743173681,0.334247670052247,0.261,0.117,1,"14","NCR3"
0.00138686644533026,0.572605975393875,0.261,0.12,1,"14","IMP4"
0.0014079896915753,0.436285254976712,0.261,0.119,1,"14","NRAS"
0.0014101870471579,0.32340906577165,0.493,0.259,1,"14","SAFB2"
0.00141631206346848,0.278902944706386,0.681,0.397,1,"14","CIR1"
0.00141810763486072,0.421940695759075,0.493,0.274,1,"14","UBTF"
0.00143539951555827,0.388402316732437,0.493,0.272,1,"14","POLR2B"
0.00143738396086612,0.320681935751485,0.768,0.48,1,"14","RPL22L1"
0.00143809483487733,0.425916552007669,0.522,0.276,1,"14","NCK2"
0.00143866730528064,0.309572958509075,0.783,0.478,1,"14","TAOK3"
0.00144072709331278,0.407279045415475,0.319,0.153,1,"14","PBDC1"
0.00144099114274976,0.358734107306918,0.261,0.117,1,"14","LMBR1L"
0.00144106335800087,0.476566571958636,0.362,0.183,1,"14","CLK4"
0.00146082632696465,0.298656533544124,0.609,0.337,1,"14","TNFRSF14"
0.00146282101632345,0.635453397568592,0.261,0.123,1,"14","SDCCAG8"
0.00147201379548534,0.357767718153797,0.449,0.234,1,"14","DPY30"
0.00147857185352618,0.335155506571465,0.551,0.301,1,"14","GDI2"
0.00148139258938151,0.415112278907384,0.319,0.152,1,"14","SRM"
0.00148243013801275,0.47156558868431,0.42,0.22,1,"14","PPCS"
0.0014864312282985,0.504848361930594,0.594,0.358,1,"14","POLR2K"
0.00149117609879146,0.29646781725671,0.667,0.384,1,"14","BIRC6"
0.00149568338977435,0.375633829061636,0.275,0.128,1,"14","SLC25A37"
0.00150226173798296,0.29127668675315,0.609,0.324,1,"14","TMED2"
0.00151137180973704,0.367434081329666,0.797,0.541,1,"14","IFI16"
0.00151258200535587,0.334105197459544,0.478,0.258,1,"14","HUWE1"
0.00152656682624608,0.401617549342156,0.362,0.184,1,"14","FAM126B"
0.00154879988558587,0.287034128275781,0.609,0.338,1,"14","R3HDM2"
0.00156747670173285,0.285942538700796,0.391,0.194,1,"14","IAH1"
0.00157399287165605,0.332319318206134,0.652,0.368,1,"14","TMEM243"
0.00159317100071843,0.308015487765101,0.362,0.177,1,"14","ADRM1"
0.00161049760951459,0.259967656147297,0.623,0.342,1,"14","ELF2"
0.00162655434644821,0.413091920889833,0.362,0.185,1,"14","SOS1"
0.00163826970679226,0.438834300879379,0.261,0.119,1,"14","AGL"
0.00164150491981618,0.260317501515221,0.348,0.169,1,"14","DCUN1D1"
0.00165336085809509,0.622310382032917,0.406,0.217,1,"14","AGO3"
0.00165849304782539,0.36359191827955,0.464,0.25,1,"14","TMEM165"
0.00167450286535131,0.309203946736563,0.565,0.31,1,"14","HNRNPAB"
0.00167600691754033,0.399332550887811,0.464,0.249,1,"14","ZCRB1"
0.00168658936102029,0.479269801913655,0.348,0.178,1,"14","UBR4"
0.00171485381082181,0.269508433019745,0.377,0.19,1,"14","LMO4"
0.00171676454152481,0.302101138108001,0.478,0.252,1,"14","COPS6"
0.00172486765853086,0.264748952116606,0.29,0.134,1,"14","TCF3"
0.00173285283919422,0.332807157552944,0.319,0.153,1,"14","PPWD1"
0.00176498325547136,0.411404980361046,0.362,0.182,1,"14","MICU2"
0.00177423840590318,0.306647152887805,0.362,0.179,1,"14","MOB4"
0.00177863268522893,0.26461495335763,0.449,0.238,1,"14","GBP5"
0.00178132455345859,0.364158311473049,0.377,0.192,1,"14","TMEM248"
0.00179872520257884,0.340935681097392,0.333,0.165,1,"14","POLK"
0.001805069223072,0.521103718447776,0.261,0.121,1,"14","TXNDC9"
0.00180960018437593,0.279120560213192,0.42,0.215,1,"14","COMMD7"
0.00181763207975649,0.486910290122249,0.348,0.176,1,"14","NDUFAF3"
0.00181772000173508,0.295311524246854,0.522,0.274,1,"14","TRIM33"
0.00184392381613119,0.414452000988202,0.377,0.195,1,"14","PUS7L"
0.00184420295450916,0.315195643326947,0.275,0.127,1,"14","RBM48"
0.00186555766250285,0.361992466047537,0.507,0.285,1,"14","PHF11"
0.00188086378624175,0.268741908646644,0.42,0.214,1,"14","MBD5"
0.00188288835577066,0.501187360140314,0.304,0.148,1,"14","SDR42E2"
0.00190273846540046,0.372452923848989,0.696,0.456,1,"14","HNRNPR"
0.00190697157624031,0.357060973201216,0.855,0.631,1,"14","DAZAP2"
0.00191086889812464,0.442875523676173,0.275,0.129,1,"14","CCS"
0.00192220528027098,0.325995763692328,0.493,0.269,1,"14","CCNDBP1"
0.00192262121772901,0.309168811826563,0.42,0.215,1,"14","ADH5"
0.00193115742539884,0.410883923291807,0.536,0.3,1,"14","SH3BP5"
0.00193164486642106,0.359717835784591,0.304,0.147,1,"14","ACTR10"
0.00193242542223748,0.301870161306799,0.449,0.238,1,"14","PKN2"
0.00195368043514432,0.494376709358135,0.261,0.122,1,"14","PDPK1"
0.00196967623447364,0.263640583281173,0.377,0.188,1,"14","MED15"
0.00198656706363542,0.432221366512026,0.449,0.243,1,"14","HSPB11"
0.0020096343253444,0.265079956553717,0.826,0.518,1,"14","CD164"
0.00202638590611293,0.334982305248815,0.58,0.328,1,"14","RHOH"
0.00202781475824199,0.496465751161107,0.696,0.428,1,"14","ZBTB20"
0.00205070122464757,0.387622364647007,0.362,0.185,1,"14","MARF1"
0.00205309839226442,0.308219243654584,0.696,0.414,1,"14","RSF1"
0.0020533159909033,0.515538270597668,0.348,0.181,1,"14","ZZEF1"
0.0020611619010138,0.354274539976676,0.261,0.121,1,"14","SLF2"
0.00208389803525244,0.262392430402065,0.449,0.237,1,"14","HECTD1"
0.00208618433748375,0.415071843015256,0.275,0.13,1,"14","TPGS1"
0.00209414330033919,0.25557868440433,0.348,0.173,1,"14","ARID5A"
0.0021239853047903,0.336209367136459,0.725,0.497,1,"14","POMP"
0.00212779285008113,0.404336445208532,0.333,0.168,1,"14","ZBED5"
0.00213504858877345,0.299162170987494,0.391,0.199,1,"14","KAT7"
0.00217352318288788,0.331012125172656,0.391,0.205,1,"14","HM13"
0.00219192053814643,0.41671811359276,0.275,0.131,1,"14","ACAA2"
0.00219359609432912,0.392495694095894,0.304,0.149,1,"14","TGIF1"
0.00219553238501202,0.473668710269917,0.29,0.142,1,"14","ECHDC2"
0.00219932905299558,0.276118257198267,0.942,0.628,1,"14","KMT2E"
0.00220555069820638,0.449066601009301,0.478,0.262,1,"14","CTCF"
0.00224474303206712,0.364510446858603,0.768,0.493,1,"14","RBM8A"
0.00225664166930861,0.342938494097791,0.87,0.545,1,"14","RSRC2"
0.00226384734881213,0.287793803362605,0.391,0.199,1,"14","IFNAR1"
0.00226646827345633,0.391183342142779,0.42,0.225,1,"14","STARD7"
0.00226975863708678,0.272454254621587,0.261,0.12,1,"14","PARN"
0.0022912494882914,0.29048632730241,0.333,0.167,1,"14","APC"
0.00229489029015806,0.400103501631208,0.319,0.158,1,"14","ELAVL1"
0.00230367349350447,0.412397270432386,0.348,0.179,1,"14","LUC7L2"
0.00230758516776053,0.39066904373913,0.319,0.159,1,"14","KRIT1"
0.002312003310323,0.27939661486615,0.855,0.539,1,"14","SRSF10"
0.00232298530675701,0.373804759439427,0.261,0.123,1,"14","ZBTB37"
0.00232313298194664,0.410055649002034,0.319,0.158,1,"14","CASC3"
0.00232487946159532,0.487545602593236,0.333,0.167,1,"14","ZMYND11"
0.00233712633765726,0.361768116407309,0.536,0.3,1,"14","TXNL4A"
0.00235827749885731,0.327468422623919,0.377,0.194,1,"14","PSMD11"
0.00236208031938445,0.369876957321575,0.29,0.14,1,"14","ARL8A"
0.00237933165744408,0.278163944748427,0.391,0.201,1,"14","COMMD2"
0.00241002195177553,0.389301342382798,0.391,0.206,1,"14","VTI1B"
0.00243103096882513,0.292785198528346,0.841,0.563,1,"14","EIF5"
0.00243375839741744,0.580123889425467,0.29,0.145,1,"14","RLIM"
0.00245441319138751,0.400019677625141,0.319,0.159,1,"14","ATP9B"
0.00246794722943888,0.321399989001728,0.464,0.246,1,"14","CSNK1G2"
0.00249985789621343,0.28317209479633,0.406,0.209,1,"14","BTF3L4"
0.00250297143128742,0.282350758431483,0.42,0.22,1,"14","TMEM181"
0.00250583441822005,0.361963904583469,0.333,0.167,1,"14","HERC2"
0.00251526727145346,0.305557380962214,0.536,0.293,1,"14","CUL3"
0.00251993326446565,0.540188977414284,0.261,0.124,1,"14","CUTC"
0.00252273069761033,0.551981708882228,0.261,0.125,1,"14","AKR1B1"
0.00256067556343131,0.294216430514036,0.275,0.128,1,"14","PPIH"
0.00256163778147989,0.374361861480598,0.275,0.132,1,"14","TMEM131"
0.00256564824338645,0.253722159930083,0.986,0.783,1,"14","SRRM2"
0.00259131497389142,0.420481840236045,0.478,0.271,1,"14","MALT1"
0.00259589344248257,0.262379703497527,0.493,0.265,1,"14","RAB8A"
0.00261554397851649,0.379259476744529,0.333,0.169,1,"14","COPZ1"
0.00262255501856035,0.766105111463224,0.29,0.147,1,"14","SNX1"
0.00264688833269422,0.374111113195949,0.319,0.16,1,"14","GAPVD1"
0.00264719369564159,0.325590082257859,0.536,0.309,1,"14","NCKAP1L"
0.00266150418178457,0.514849979576965,0.304,0.149,1,"14","ZBTB4"
0.00267065073449779,0.484170883958365,0.464,0.273,1,"14","ESCO1"
0.00267989295861071,0.295653253613113,0.971,0.845,1,"14","YWHAZ"
0.00271941144185539,0.343736991463344,0.391,0.208,1,"14","TBC1D15"
0.00273192659229649,0.335342607499395,0.783,0.484,1,"14","TGOLN2"
0.00273589116362505,0.290915877043263,0.42,0.218,1,"14","APH1A"
0.00280372896927905,0.317920955347562,0.348,0.175,1,"14","CENPX"
0.00280897910932154,0.28561409339144,0.812,0.562,1,"14","ARF6"
0.00283855426582091,0.268311978324351,0.826,0.479,1,"14","ZC3H15"
0.00284423122474053,0.273341903904229,0.333,0.168,1,"14","ZRSR2"
0.00285078407179551,0.361256010697,0.464,0.251,1,"14","RAB7A"
0.00287393075971831,0.287045254616807,0.377,0.191,1,"14","MANF"
0.00294015931487568,0.395867004616467,0.754,0.529,1,"14","SELENOK"
0.00295120092724632,0.260203472908562,0.319,0.158,1,"14","YLPM1"
0.00297552843376514,0.275609486217596,0.319,0.16,1,"14","PLEC"
0.00298286227106326,0.252505834630519,0.261,0.122,1,"14","PSMA6"
0.00299995860507085,0.404450062389298,0.261,0.124,1,"14","ACADM"
0.00300311123699615,0.357370012626322,0.667,0.386,1,"14","UBE2I"
0.00301868346361234,0.351230207593311,0.362,0.188,1,"14","TDG"
0.00303191125550839,0.338990694857999,0.464,0.249,1,"14","NUDC"
0.00303223551228848,0.280480903414571,0.551,0.309,1,"14","GADD45GIP1"
0.00303766085645751,0.409698996113702,0.29,0.144,1,"14","ZNRF2"
0.0030513173256328,0.255403222683989,0.275,0.133,1,"14","RAP1GAP2"
0.00308762732246293,0.284325521946216,0.754,0.475,1,"14","TLN1"
0.00312008774350203,0.294236728328505,0.319,0.159,1,"14","ARL8B"
0.00313568077610871,0.343748860496266,0.377,0.195,1,"14","DCK"
0.00314018621168466,0.344444906378875,0.652,0.403,1,"14","ARL6IP1"
0.00315799523060889,0.398961012007276,0.261,0.125,1,"14","DAXX"
0.0031708591651407,0.557715161559753,0.319,0.168,1,"14","C16orf87"
0.00317882144353154,0.482143731067741,0.261,0.125,1,"14","DCAF13"
0.00320933176582772,0.274281824621513,0.928,0.616,1,"14","RHOA"
0.00323284946892111,0.250272145826041,1,0.903,1,"14","PPIA"
0.00323688440814607,0.285457193674865,0.478,0.263,1,"14","SUPT16H"
0.00326841228066432,0.316554650824566,0.435,0.234,1,"14","RAB11A"
0.00336117922210311,0.269891147527665,0.667,0.419,1,"14","TUT4"
0.00336843707892087,0.340762827012346,0.609,0.361,1,"14","NASP"
0.00340350406589551,0.38762243643171,0.29,0.146,1,"14","PDZD8"
0.00343263118345583,0.333814642740743,0.768,0.508,1,"14","H1FX"
0.00344670547134629,0.394859499913959,0.464,0.263,1,"14","CPNE1"
0.00346324948109245,0.331921076050478,0.261,0.125,1,"14","MCM3AP"
0.00346381192030609,0.267652309048183,0.87,0.515,1,"14","CBX3"
0.00349538093365642,0.276449511005196,0.594,0.338,1,"14","DOCK2"
0.00351659201206322,0.385820854076676,0.87,0.627,1,"14","SCAF11"
0.00351743276443539,0.521697088709041,0.348,0.185,1,"14","MCTS1"
0.00354200794333015,0.256075587346771,0.362,0.19,1,"14","CREM"
0.00355786095749089,0.263524830116216,0.304,0.151,1,"14","IL27RA"
0.00360294169214082,0.344198036632477,0.522,0.305,1,"14","MBD2"
0.00361283869890294,0.319522009302023,0.739,0.44,1,"14","TSTD1"
0.00362080756338679,0.282091443640192,0.551,0.319,1,"14","NFE2L2"
0.00364482757883877,0.323836216559079,0.377,0.2,1,"14","USP36"
0.00365065892889294,0.360844761411361,0.406,0.221,1,"14","RAB1A"
0.00370162035520605,0.315088514596613,0.348,0.18,1,"14","NMI"
0.00372329361746404,0.366273421619941,0.29,0.147,1,"14","LPCAT1"
0.00372435225216727,0.296342734881528,0.638,0.371,1,"14","ANP32A"
0.00374052143458359,0.275502460291216,0.928,0.631,1,"14","VAMP2"
0.00374173378623932,0.284819946025543,0.609,0.364,1,"14","KDM5A"
0.00374811572336431,0.250867117131704,0.536,0.302,1,"14","PPP4R3B"
0.00375879879148244,0.38448497600383,0.406,0.224,1,"14","IL16"
0.00378635335834954,0.512207978620961,0.333,0.179,1,"14","PLCL2"
0.00379607112666092,0.316462676095723,0.377,0.201,1,"14","PAN3"
0.00381645457195789,0.428345616599824,0.362,0.194,1,"14","PLEKHA3"
0.00389983244921499,0.323802822048758,0.754,0.474,1,"14","TRMT112"
0.00390055422043623,0.400932143473256,0.261,0.127,1,"14","ZNF708"
0.00393949552816486,0.342262778725599,0.551,0.313,1,"14","PAFAH1B1"
0.00397099110382548,0.340554294573438,0.565,0.343,1,"14","PRKDC"
0.00397753622989927,0.312947442469443,0.348,0.179,1,"14","OXA1L"
0.00400048942785847,0.330645759952479,0.493,0.283,1,"14","RAB29"
0.00400196366039562,0.378520962235787,0.464,0.267,1,"14","ZMAT2"
0.00401488210663459,0.274757969862955,0.58,0.352,1,"14","GPATCH8"
0.00402498580830257,0.30206757735077,0.435,0.239,1,"14","HERC4"
0.00404423792795661,0.408572207336073,0.435,0.242,1,"14","NFKB1"
0.00407594431821656,0.329629377031663,0.333,0.171,1,"14","PAFAH1B2"
0.00410100895931698,0.305661752116918,0.304,0.153,1,"14","UBE2Z"
0.00411653676047297,0.470748734173426,0.275,0.14,1,"14","BTBD7"
0.00415349999253412,0.352358616967599,0.348,0.185,1,"14","PPM1A"
0.00420520874260299,0.252548421383601,0.623,0.366,1,"14","RASA2"
0.00427157518458254,0.413059428153748,0.681,0.447,1,"14","RAD21"
0.00434795383225062,0.337945380913116,0.435,0.244,1,"14","ARFGEF1"
0.00436213944516162,0.385486615093611,0.536,0.309,1,"14","SUZ12"
0.00436278577618565,0.411583512417207,0.275,0.136,1,"14","POLD4"
0.0043647337756445,0.469402454944586,0.391,0.217,1,"14","CHMP5"
0.00438942987675928,0.260335422907571,0.899,0.641,1,"14","FOXP1"
0.00439374552858895,0.340111633352231,0.449,0.249,1,"14","NDUFB5"
0.0044102492041469,0.30830696476547,0.826,0.531,1,"14","LSM7"
0.00441968561613115,0.305153802641396,0.362,0.193,1,"14","KLHDC2"
0.00447705245011298,0.516822502721875,0.319,0.175,1,"14","PRMT9"
0.00449668253283475,0.318182554452716,0.29,0.144,1,"14","PSMC4"
0.00457870717964992,0.32780594120063,0.304,0.157,1,"14","CACUL1"
0.00459424832295374,0.280450083715502,0.275,0.134,1,"14","THAP11"
0.00459746645956871,0.319264077156854,0.754,0.516,1,"14","PSMB9"
0.00461461498505145,0.315918040475561,0.522,0.309,1,"14","TMX4"
0.00461558374942106,0.291880922029976,0.812,0.557,1,"14","CLK1"
0.00462908717982824,0.252970689913607,0.739,0.487,1,"14","TAGLN2"
0.0046884608775597,0.307313907740178,0.275,0.136,1,"14","WIPF2"
0.0046954816238185,0.414847627074881,0.275,0.138,1,"14","EXOSC9"
0.00474308990357897,0.271220680426112,0.797,0.504,1,"14","PHF3"
0.00477196529022539,0.320748404681947,0.406,0.219,1,"14","PLEKHJ1"
0.00477323526322149,0.537237325704932,0.261,0.132,1,"14","PHF6"
0.00477775176559803,0.307886432126779,0.464,0.263,1,"14","CLDND1"
0.00478459618892679,0.434734775722371,0.362,0.201,1,"14","ZFR"
0.00478782016963719,0.320407352589787,0.449,0.256,1,"14","SMC5"
0.00480614586833283,0.450378005286831,0.377,0.21,1,"14","FAM76B"
0.00483385034433859,0.422363081203193,0.478,0.273,1,"14","LARS"
0.00484509679890599,0.460661645158169,0.42,0.243,1,"14","ZNHIT3"
0.0049336101206372,0.269561544992737,0.333,0.174,1,"14","KATNBL1"
0.0049878922642701,0.25262480902766,0.58,0.329,1,"14","ILF3"
0.00500328712795484,0.368994246903525,0.333,0.176,1,"14","PIM2"
0.00501671285838867,0.25025211034356,0.928,0.77,1,"14","SET"
0.00507490117630938,0.387551658098539,0.29,0.151,1,"14","NHLRC3"
0.0050970340886447,0.301551868348052,0.797,0.587,1,"14","PPP1R15A"
0.00510384843563894,0.310414944597514,0.304,0.155,1,"14","HSBP1"
0.00513151506877541,0.281927503711992,0.71,0.472,1,"14","GLS"
0.00516918895934193,0.395393094034972,0.435,0.25,1,"14","ERGIC2"
0.00520892851812316,0.291907501633094,0.377,0.205,1,"14","WDR45B"
0.00528003102525432,0.538708879672898,0.304,0.161,1,"14","MBNL2"
0.0052807377768147,0.256806605715636,0.464,0.256,1,"14","ETFB"
0.00530927194738662,0.329725990923018,0.333,0.176,1,"14","COMT"
0.00531680149074254,0.355707938289481,0.449,0.253,1,"14","ORAI1"
0.00531854761802997,0.378656464625564,0.377,0.205,1,"14","RBM22"
0.0054786298917775,0.343325132757592,0.333,0.178,1,"14","SIK3"
0.00550259146376297,0.332027320969395,0.261,0.13,1,"14","MON1B"
0.00552706755431154,0.342475569023928,0.739,0.469,1,"14","SELENOF"
0.00556285788010791,0.29070615331375,0.406,0.226,1,"14","PTPN6"
0.00558544381842441,0.392193333572637,0.29,0.15,1,"14","IARS2"
0.00559576276498475,0.400864869761465,0.348,0.187,1,"14","HIKESHI"
0.00564730293021887,0.253449811978793,0.29,0.146,1,"14","OTUD4"
0.00569916599293396,0.409703721860113,0.304,0.162,1,"14","TCIRG1"
0.00573174497964768,0.275075410840484,0.348,0.185,1,"14","SIAH2"
0.00584964115064657,0.263058078286806,0.391,0.211,1,"14","TIMM13"
0.00603583854097378,0.418839838071973,0.348,0.192,1,"14","EIF4E"
0.00605137400264333,0.37860083132576,0.275,0.141,1,"14","UBP1"
0.00610856554781769,0.266101889865228,0.493,0.279,1,"14","PPP2CA"
0.00612896859192436,0.361430937560303,0.319,0.171,1,"14","ATG2A"
0.00614086149465121,0.305552760656789,0.71,0.439,1,"14","UCP2"
0.00615347940002064,0.277927325699557,0.261,0.13,1,"14","ZNFX1"
0.00617131887962286,0.475789803367733,0.348,0.194,1,"14","STXBP3"
0.00618258896937518,0.285313523001917,0.261,0.128,1,"14","GMPS"
0.00634883978803225,0.586274920259572,0.348,0.203,1,"14","SETD5"
0.00640325859806867,0.500460299672911,0.275,0.145,1,"14","GLYR1"
0.00642803133835268,0.333873387480299,0.449,0.256,1,"14","FBXO33"
0.00645155128084607,0.282913222715449,0.377,0.208,1,"14","RAB6A"
0.00647803966160554,0.268693265677904,0.623,0.397,1,"14","PHIP"
0.00651780062747909,0.313902137806637,0.29,0.15,1,"14","SACM1L"
0.00652883410425131,0.517218845943368,0.319,0.176,1,"14","RAP2C"
0.00671253679423622,0.348569615966436,0.377,0.21,1,"14","SMU1"
0.00676411743910821,0.253929668927985,0.739,0.488,1,"14","YPEL3"
0.00692066432192506,0.258563021012143,0.29,0.153,1,"14","CEP290"
0.00706385006359844,0.261208865706384,0.855,0.568,1,"14","SEC61B"
0.00711107030816271,0.56060397676887,0.304,0.163,1,"14","ZNF506"
0.00715703005084833,0.472555270124498,0.377,0.213,1,"14","MRPS15"
0.00718178026723892,0.399553825953133,0.362,0.204,1,"14","THOC1"
0.00719250750819156,0.335839071159258,0.348,0.19,1,"14","FBXO11"
0.0071954904325584,0.536003551005034,0.304,0.168,1,"14","CTBS"
0.00725855987991353,0.298485191752385,0.71,0.54,1,"14","STK17A"
0.00728836477812211,0.32818595191255,0.391,0.217,1,"14","TAF11"
0.00735486431882126,0.275802045775874,0.333,0.18,1,"14","RCC2"
0.00736295106724993,0.255872483508063,0.304,0.158,1,"14","FBRS"
0.00743027858104783,0.305228282371547,0.478,0.287,1,"14","COX20"
0.00748094780925768,0.283321744613774,0.42,0.241,1,"14","FBXO7"
0.00750414254899745,0.263872449223242,0.275,0.142,1,"14","FBXL20"
0.00761870365130823,0.332682844803338,0.522,0.318,1,"14","COPS2"
0.00766494071382762,0.252841151356676,0.957,0.74,1,"14","ATP6V1G1"
0.00767016332331893,0.286384261202878,0.261,0.131,1,"14","RETREG2"
0.00785345421526329,0.449136035416811,0.29,0.155,1,"14","ESYT1"
0.0080087767212198,0.325378857167016,0.319,0.17,1,"14","CHCHD1"
0.00815626210225906,0.373579485281147,0.71,0.469,1,"14","PSMB8"
0.00826504528736405,0.258777920379341,0.377,0.205,1,"14","SEC22B"
0.00842446201776403,0.255049108941217,0.71,0.439,1,"14","OSTF1"
0.00842560656540448,0.284772917768877,0.464,0.263,1,"14","FTX"
0.0085972201837583,0.32992168415491,0.841,0.53,1,"14","PAPOLA"
0.0086190361934233,0.383126052436958,0.29,0.156,1,"14","GAK"
0.00864597151088242,0.299140181977871,0.304,0.162,1,"14","VCPIP1"
0.00866829914276956,0.299237486510299,0.319,0.174,1,"14","HEXA"
0.0087289863621991,0.459787670584391,0.319,0.178,1,"14","MPHOSPH9"
0.00873495868844509,0.332823611090106,0.304,0.16,1,"14","UBA1"
0.00884483931842639,0.27292769326661,0.913,0.679,1,"14","BCLAF1"
0.00886075914148687,0.300189054657042,0.667,0.418,1,"14","ATF4"
0.00894279803813935,0.3235010262568,0.304,0.164,1,"14","CYTH4"
0.00903291767754744,0.256345060074781,0.42,0.241,1,"14","ZNF24"
0.00903980424640993,0.275964947189084,0.536,0.323,1,"14","HSPA9"
0.00917379337302471,0.299299656141666,0.29,0.152,1,"14","MOB2"
0.00929813728489748,0.264011141756853,0.507,0.3,1,"14","PPP1R18"
0.00935581601033486,0.490014121837975,0.29,0.159,1,"14","KPNA3"
0.00942729925886199,0.324070055861265,0.362,0.206,1,"14","NXT1"
0.00948342570220428,0.316111994010281,0.725,0.515,1,"14","TTC3"
0.00950840992560753,0.254040964391638,0.261,0.133,1,"14","FBXO21"
0.0095836096630515,0.277687408730984,0.638,0.399,1,"14","KDM2A"
0.00965669080941645,0.352304675487461,0.275,0.146,1,"14","TP53TG1"
0.00968697687738018,0.284474981548596,0.609,0.37,1,"14","NOL7"
0.00974529914519584,0.258655748605717,0.362,0.203,1,"14","WIPI2"
0.00978467276259365,0.39176204851284,0.29,0.156,1,"14","TMEM179B"
0.00981528759429207,0.266849027418093,0.29,0.153,1,"14","RCOR3"
0.00984706518368328,0.258735125230038,0.29,0.152,1,"14","NUBP2"
0.00985987269368693,0.272212848091382,0.783,0.541,1,"14","CIB1"
0.00995298028026692,0.372125461089327,0.464,0.282,1,"14","LCOR"
0,9.62705751695412,0.906,0.035,0,"15","PF4"
0,9.52430735627682,0.849,0.034,0,"15","PPBP"
0,8.63793184819157,0.811,0.042,0,"15","NRGN"
0,9.99523995090476,0.755,0.017,0,"15","GNG11"
0,10.2371650620542,0.736,0.01,0,"15","TUBB1"
0,8.86814166262257,0.736,0.045,0,"15","RGS18"
0,9.99229412828386,0.679,0.013,0,"15","CAVIN2"
0,10.4888278274394,0.623,0.008,0,"15","ACRBP"
0,7.93445414622332,0.566,0.019,0,"15","CLU"
0,10.8151050148213,0.528,0.005,0,"15","PTCRA"
0,8.91257378400119,0.528,0.011,0,"15","PRKAR2B"
0,7.25244130526895,0.623,0.113,0,"15","HIST1H2AC"
0,11.6391404944702,0.509,0.003,0,"15","GP9"
0,8.5562119911177,0.509,0.008,0,"15","SPARC"
0,7.09081884921554,0.528,0.033,0,"15","MAP3K7CL"
0,7.44912209098089,0.566,0.071,0,"15","TSC22D1"
0,7.6991833105329,0.491,0.019,0,"15","F13A1"
0,11.495016150088,0.472,0.002,0,"15","TMEM40"
0,8.26154991853265,0.472,0.014,0,"15","C2orf88"
0,5.0811470954339,0.66,0.22,0,"15","LIMS1"
0,6.03405359118381,0.509,0.069,0,"15","MMD"
0,6.59901974475858,0.491,0.053,0,"15","MTURN"
0,3.83454810871674,0.604,0.188,0,"15","VCL"
0,5.34535458042798,0.491,0.076,0,"15","PGRMC1"
0,6.34021866916346,0.434,0.044,0,"15","DAB2"
0,3.80547155782241,0.604,0.216,0,"15","EIF2AK1"
0,7.33606188771533,0.415,0.031,0,"15","RAB32"
0,4.16707167421475,0.566,0.188,0,"15","NCOA4"
0,6.027796124342,0.415,0.039,0,"15","RAB27B"
0,4.80220324807573,0.547,0.172,0,"15","YWHAH"
0,3.58508842048117,0.849,0.475,0,"15","TLN1"
0,6.65092162354774,0.415,0.042,0,"15","MPP1"
0,8.43429209807658,0.377,0.009,0,"15","AP003068.2"
0,10.4183401822259,0.358,0.002,0,"15","AC147651.1"
0,6.74892042690233,0.377,0.022,0,"15","NEXN"
0,9.10906305157739,0.358,0.003,0,"15","MYLK"
0,9.67961629377711,0.358,0.004,0,"15","ITGA2B"
0,8.53401207349147,0.358,0.006,0,"15","MPIG6B"
0,8.7226324775507,0.358,0.008,0,"15","HIST1H2BJ"
0,11.5684113564168,0.34,0.001,0,"15","CMTM5"
0,6.95830398183367,0.358,0.026,0,"15","TMEM140"
0,10.0719253814155,0.321,0.003,0,"15","SMOX"
0,8.35426163082404,0.321,0.006,0,"15","SH3BGRL2"
0,5.25429992724541,0.358,0.051,0,"15","PDLIM1"
0,7.59401936224804,0.321,0.015,0,"15","HIST1H3H"
0,5.60031905819167,0.34,0.038,0,"15","SLC40A1"
0,9.03240765389799,0.302,0.003,0,"15","TREML1"
0,10.2898775479339,0.283,0.002,0,"15","LGALSL"
0,10.2581488126792,0.283,0.002,0,"15","LCN2"
0,9.43319220399934,0.283,0.003,0,"15","TRIM58"
0,4.80855044764619,0.321,0.051,0,"15","ARHGAP21"
0,10.7779278603763,0.264,0.002,0,"15","CLEC1B"
0,8.86314948216525,0.264,0.004,0,"15","ESAM"
0,8.6944135351386,0.264,0.005,0,"15","SMIM5"
0,8.95389415019653,0.264,0.006,0,"15","GMPR"
0,8.60976877739881,0.264,0.006,0,"15","CA2"
0,7.46121845259373,0.264,0.008,0,"15","SNCA"
0,6.38351564498466,0.283,0.047,0,"15","LYL1"
0,3.38253705560591,1,0.879,0,"15","OAZ1"
0,2.71309747608569,1,0.955,0,"15","H3F3A"
2.22044604925031e-16,4.33018648780268,0.453,0.122,4.44355663375973e-12,"15","CTSA"
8.88178419700125e-16,3.09847375770915,0.849,0.487,1.77742265350389e-11,"15","TAGLN2"
9.32587340685131e-15,2.75465968546599,0.925,0.757,1.86629378617909e-10,"15","RAP1B"
1.50990331349021e-14,2.38139520447308,1,0.956,3.02161851095661e-10,"15","FTH1"
1.73194791841524e-14,3.86070922854305,0.642,0.272,3.46597417433259e-10,"15","TPM4"
2.53130849614536e-14,4.58463551462941,0.453,0.136,5.06565456248609e-10,"15","CARD19"
5.6399329650958e-14,1.47322116521882,0.925,0.542,1.12866338497497e-09,"15","CCL5"
6.26165785888588e-14,4.59787543153594,0.717,0.412,1.25308297072024e-09,"15","RGS10"
7.41628980449605e-14,2.52570095265551,0.811,0.501,1.48414791567575e-09,"15","MTPN"
3.76143560743003e-13,4.18123558843067,0.377,0.102,7.52738493758898e-09,"15","ANO6"
4.07895939247283e-13,4.25812218998412,0.491,0.175,8.16281353621662e-09,"15","GRAP2"
4.47641923528863e-13,4.02145043301756,0.283,0.059,8.95821017365961e-09,"15","SSX2IP"
4.85611550971043e-13,2.37816146601205,0.925,0.823,9.71805835803252e-09,"15","OST4"
9.87210313496689e-13,4.51342001283494,0.585,0.262,1.97560527936957e-08,"15","GSTO1"
1.59072754968292e-12,4.3138663898678,0.547,0.222,3.18336397242547e-08,"15","H2AFJ"
2.25530705222354e-12,1.80428957550577,0.943,0.931,4.51332047290975e-08,"15","MYL12A"
5.1219029018057e-12,4.39473203910693,0.34,0.089,1.02499520870936e-07,"15","MARCH2"
3.70505848223956e-11,4.51325591818367,0.358,0.104,7.41456303465782e-07,"15","BEX3"
5.49127410209849e-11,3.86014522134839,0.547,0.241,1.09891377331195e-06,"15","PTPN18"
5.92255133824438e-11,3.78125638023265,0.377,0.114,1.18522097380946e-06,"15","CAPN1"
9.13622510978485e-11,4.07311534612352,0.585,0.299,1.82834136897014e-06,"15","TUBA4A"
9.48321421390119e-11,4.39978661743194,0.321,0.087,1.89778082848591e-06,"15","LMNA"
9.53490619792774e-11,4.22856980955212,0.509,0.228,1.9081254283293e-06,"15","NT5C3A"
1.26380461651365e-10,3.17816129488484,0.698,0.436,2.52912579856712e-06,"15","CALM3"
4.46651160501688e-10,4.13042523741369,0.34,0.104,8.93838302395977e-06,"15","ERV3-1"
7.87829801396356e-10,1.09333467834975,0.981,0.999,1.57660499855439e-05,"15","TMSB4X"
1.04522746013913e-09,4.19275881845867,0.547,0.26,2.09170919323043e-05,"15","ODC1"
1.48585210801855e-09,3.34797233210616,0.66,0.384,2.97348723856672e-05,"15","CDKN2D"
1.7879999703041e-09,3.03701141480683,0.717,0.434,3.57814554057256e-05,"15","RBX1"
1.90158111479377e-09,4.40739382047261,0.264,0.066,3.80544412692529e-05,"15","DERA"
2.14514650487274e-09,3.08463643586138,0.585,0.327,4.29286718555133e-05,"15","MAX"
2.33264207949446e-09,3.28164605940222,0.34,0.102,4.66808332948432e-05,"15","PSTPIP2"
2.80039036404389e-09,1.45821197861629,0.925,0.9,5.60414119652464e-05,"15","SH3BGRL3"
3.41257067049128e-09,3.28597789405729,0.283,0.076,6.82923642578714e-05,"15","BCL2L1"
5.2916884207832e-09,0.647015566183568,0.981,0.98,0.000105897268676713,"15","HLA-E"
5.52999157577005e-09,3.70258258764192,0.34,0.114,0.00011066619141431,"15","SYMPK"
6.24777118929387e-09,4.05397064051679,0.264,0.07,0.000125030397040149,"15","MOB1B"
1.11785978251788e-08,4.43009548916007,0.302,0.096,0.000223706099677479,"15","DAPP1"
1.25481998125565e-08,1.77164476812045,0.811,0.606,0.000251114574648881,"15","CD99"
1.32326225532609e-08,5.19990516976918,0.283,0.085,0.000264811242535856,"15","RUFY1"
2.19543490054264e-08,2.99690457495535,0.66,0.454,0.000439350432296592,"15","TGFB1"
2.36388115748554e-08,3.63356860388001,0.453,0.201,0.000473059897236006,"15","SEC14L1"
3.56133347256815e-08,2.8947658706338,0.566,0.311,0.000712694054530338,"15","RIOK3"
4.15964205302544e-08,2.71032555716266,0.509,0.247,0.00083242756765145,"15","TPST2"
6.79339078324404e-08,3.49819807979923,0.472,0.234,0.0013594933635428,"15","RAB11A"
8.66359055606836e-08,0.876622192289919,0.321,0.097,0.0017337577420804,"15","CST3"
1.22867624963163e-07,1.91223498213096,0.849,0.774,0.00245882691076282,"15","GNAS"
1.45097511561332e-07,3.06035119945481,0.566,0.339,0.00290369140136537,"15","LAMTOR1"
1.51282730787017e-07,4.10074356640455,0.415,0.177,0.00302747000850978,"15","SNAP23"
1.59161543500375e-07,2.10803071056821,0.528,0.254,0.0031851408085295,"15","CYTOR"
1.69982267150814e-07,2.77464356050571,0.377,0.137,0.0034016851302221,"15","MIR4435-2HG"
1.87180074773252e-07,2.10509047442399,0.792,0.602,0.00374584765636232,"15","ARPC1B"
2.21217677953689e-07,3.49535347970951,0.528,0.325,0.00442700817120922,"15","NORAD"
2.68119699331493e-07,1.42426091340692,0.811,0.567,0.00536561142302183,"15","SAT1"
2.72178880100782e-07,4.05754954023898,0.283,0.093,0.00544684374857685,"15","TUBA1C"
3.02615476677204e-07,3.18592301848485,0.434,0.203,0.0060559409192642,"15","CMIP"
3.02907389837515e-07,3.671378555287,0.396,0.176,0.00606178268542834,"15","ETFA"
4.27565195026958e-07,0.681456493828211,1,0.996,0.00855643468287948,"15","PTMA"
6.95234936731737e-07,2.4245337876101,0.491,0.243,0.0139130415538755,"15","CD226"
7.87407383739946e-07,2.92645525285512,0.528,0.315,0.0157575965634038,"15","NDUFA6"
8.38654198309641e-07,3.18363317670107,0.358,0.146,0.0167831478165725,"15","RNF11"
8.44428232005257e-07,3.35268348475242,0.434,0.218,0.0168986977788892,"15","TIMP1"
8.70452384615916e-07,4.18806545407192,0.264,0.089,0.0174194931209337,"15","VIM-AS1"
8.99628463058022e-07,2.82844589891033,0.434,0.203,0.0180033648027171,"15","STOM"
9.77945824764959e-07,2.62550655411121,0.585,0.369,0.0195706518451964,"15","PRDX6"
1.1965536608205e-06,3.13028670805792,0.585,0.411,0.0239454318603398,"15","KIF2A"
1.24666714329535e-06,2.50808920738426,0.453,0.23,0.0249483028716266,"15","SOD2"
2.05833003619205e-06,3.24477375191141,0.491,0.274,0.0411913006842752,"15","HIST1H1C"
2.43966819790664e-06,2.87805518432509,0.283,0.098,0.0488226399765077,"15","MLH3"
2.60200801083244e-06,2.61855707458971,0.849,0.762,0.0520713843127787,"15","NAP1L1"
2.70256108603206e-06,3.07281452887824,0.453,0.244,0.0540836524536736,"15","TALDO1"
2.71844530264076e-06,0.66684096594212,1,0.999,0.0544015273964469,"15","MT-ND2"
3.20055270330855e-06,2.70675571427382,0.34,0.13,0.0640494606986106,"15","RHOC"
3.97977452792908e-06,3.59314581085221,0.453,0.245,0.0796432478529168,"15","FERMT3"
4.13842048052615e-06,3.52907367175696,0.358,0.167,0.0828180706562893,"15","WBP2"
4.75507045849533e-06,3.25551835382495,0.472,0.271,0.0951584700154084,"15","TLK1"
4.85770380498352e-06,0.842604311260827,0.962,0.98,0.0972123685453301,"15","ACTB"
4.89720079022149e-06,2.09162633126845,0.849,0.876,0.0980027822139125,"15","ITM2B"
4.9513273672197e-06,2.3687603441641,0.472,0.246,0.0990859632728007,"15","PTPN12"
5.61502690477056e-06,3.5993907783506,0.321,0.136,0.112367918418268,"15","ACTN1"
7.3313298809552e-06,1.59113533677134,0.849,0.876,0.146714573577675,"15","MYL6"
1.11039508208233e-05,1.22737485866296,0.811,0.793,0.222212263826315,"15","TPM3"
1.26327787866032e-05,3.35881730780164,0.34,0.153,0.252807169077503,"15","RSU1"
1.4026619359786e-05,1.22875078390871,0.623,0.404,0.280700706628037,"15","C12orf75"
1.45048816642124e-05,1.44730512437547,0.792,0.723,0.290271691864218,"15","PTP4A2"
1.53071948536532e-05,3.09904441769847,0.623,0.486,0.306327583411307,"15","GPX4"
1.56418785530743e-05,2.94082295718446,0.264,0.098,0.313025273604123,"15","GCLM"
2.6777123988353e-05,2.55940150092159,0.434,0.225,0.53586380525492,"15","STK24"
2.86778480045324e-05,1.02678583690978,0.83,0.756,0.573901094266703,"15","GAPDH"
3.52057010741813e-05,3.70906456789387,0.264,0.103,0.704536489896516,"15","MAGED2"
3.80314577310692e-05,2.12139964886429,0.396,0.209,0.761085532114157,"15","EMC3"
4.0507995342276e-05,3.96679766950884,0.264,0.108,0.810646002789627,"15","ILK"
4.13095913063266e-05,3.58670641651389,0.34,0.162,0.826687541222208,"15","R3HDM4"
4.49698805284893e-05,4.04500338686649,0.358,0.188,0.899937249136127,"15","PLEKHO1"
5.51744962085099e-05,0.624945167997812,0.962,0.972,1,"15","FTL"
6.21136817378076e-05,3.18983589685842,0.358,0.181,1,"15","HACD4"
6.97525509316677e-05,2.52048865098586,0.358,0.181,1,"15","AKIRIN2"
8.19754156720087e-05,1.39493638460167,0.774,0.669,1,"15","ARL6IP5"
8.93147876943612e-05,1.58711511634798,0.509,0.322,1,"15","MT-ATP8"
9.0495554399217e-05,0.942739089571066,0.868,0.955,1,"15","CALM1"
0.000106316564583597,2.96054221880385,0.509,0.358,1,"15","RASGRP2"
0.000128948415004215,1.27346485758654,0.679,0.547,1,"15","ITGB1"
0.000157502585708347,2.81019748885882,0.302,0.142,1,"15","KCTD20"
0.000158614736632812,1.46072534687148,0.66,0.558,1,"15","PARK7"
0.000170328535443964,2.96843286643157,0.264,0.114,1,"15","TMBIM1"
0.000178425664701054,0.689711250803564,0.849,0.777,1,"15","SRGN"
0.000207997824218431,1.99818369473285,0.604,0.507,1,"15","C9orf16"
0.000220047180044869,2.21261799451286,0.585,0.443,1,"15","DYNLL1"
0.000236233860184898,1.60716798769896,0.698,0.591,1,"15","CLIC1"
0.000255028551493952,2.42661404272334,0.321,0.155,1,"15","RTN3"
0.000262733163987283,2.75583057608033,0.283,0.133,1,"15","ARF3"
0.00033393314293817,1.74962695459682,0.547,0.411,1,"15","ARPC4"
0.000379420499404759,3.45251623792023,0.283,0.141,1,"15","PTTG1IP"
0.000453940225110028,1.94129267063737,0.491,0.323,1,"15","IFI27L2"
0.000475086192578189,0.970428161260243,0.925,0.952,1,"15","SERF2"
0.000482497650088121,2.15029651400699,0.472,0.32,1,"15","YWHAE"
0.000497334274354388,1.89217874600329,0.604,0.529,1,"15","DNAJB6"
0.000497655543817421,2.65362171135223,0.283,0.14,1,"15","STXBP2"
0.00053308016617315,2.25438486926844,0.434,0.287,1,"15","RAP2B"
0.000572322530929537,3.48847798581091,0.302,0.164,1,"15","LEPROT"
0.000574747264092679,0.943430095443044,0.906,0.955,1,"15","HMGB1"
0.000712030032284705,2.85717111647764,0.34,0.199,1,"15","CAMTA1"
0.00102624351708136,1.15860040767164,0.264,0.122,1,"15","IFNG"
0.00113925729269426,1.2517326787707,0.585,0.42,1,"15","PLEK"
0.00178098717611408,0.830657769465141,0.34,0.177,1,"15","LAIR2"
0.00200495476068707,0.676760931156067,0.83,0.856,1,"15","ARPC2"
0.00210519004628318,2.18553179808105,0.453,0.326,1,"15","SVIP"
0.00223042026715192,2.89567384999961,0.415,0.298,1,"15","PDCD10"
0.00226757386945287,2.05135056529959,0.302,0.167,1,"15","SKAP2"
0.00235926818705323,2.28462222012344,0.283,0.15,1,"15","PTPRJ"
0.00256842369675048,1.38076083652814,0.547,0.422,1,"15","DIAPH1"
0.00270551594877855,1.62536739168297,0.717,0.666,1,"15","ATP5MPL"
0.00284144407965203,2.16860339844565,0.34,0.21,1,"15","UBE2F"
0.00305056156281669,1.87673715818162,0.264,0.136,1,"15","TBPL1"
0.00343138298737777,3.90626445492738,0.283,0.166,1,"15","CNST"
0.00415785836924565,2.31012149627259,0.396,0.271,1,"15","PKM"
0.00422488392575882,1.26499074546506,0.679,0.587,1,"15","FLNA"
0.00446556312135682,1.67890893661147,0.566,0.501,1,"15","PIP4K2A"
0.00460076418117805,1.65231796918515,0.623,0.508,1,"15","BIN2"
0.00463899554859948,1.72642013266544,0.509,0.397,1,"15","VPS28"
0.00495998997835345,1.10290104755043,0.604,0.497,1,"15","CD63"
0.0051284078778057,0.328788663185468,0.321,0.575,1,"15","GPSM3"
0.00547279363187503,1.01066405673749,0.849,0.845,1,"15","YWHAZ"
0.00628828775201451,1.79358383532792,0.774,0.797,1,"15","RIPOR2"
0.00652077325268241,1.27159370126282,0.415,0.279,1,"15","SSBP3"
0.0074003511331543,0.469374493526475,0.132,0.311,1,"15","NDUFC1"
0.00756176575876033,2.72187395717302,0.264,0.152,1,"15","MOB2"
0.00793687587189673,1.93130108165887,0.453,0.332,1,"15","RBM38"
0.00867093209661229,0.860877177004776,0.34,0.197,1,"15","C1orf21"
0.00875536492429441,1.00042092611477,0.396,0.268,1,"15","LPP"
0.00880948874333987,1.87805039898971,0.528,0.457,1,"15","CAP1"
0.0089457269998976,1.67839680841836,0.321,0.208,1,"15","ATP6V1E1"
0.00919456461213608,2.034229733519,0.321,0.211,1,"15","RAB1B"
